"GZTD_taxonID","scientificName","acceptedNameUsageID","acceptedNameUsage","taxonRank","kingdom","phylum","class","order","family","genus","majorgroup","GZTD_nrecords","SpecCode"
2,"Acanthoscina","urn:lsid:marinespecies.org:taxname:101809","Acanthoscina Vosseler, 1900","Genus","Animalia","Arthropoda","Malacostraca","Amphipoda","Scinidae","Acanthoscina","Amphipod",1,
3,"Ameroculodes edwardsi","urn:lsid:marinespecies.org:taxname:547000","Ameroculodes edwardsi (Holmes, 1905)","Species","Animalia","Arthropoda","Malacostraca","Amphipoda","Oedicerotidae","Ameroculodes","Amphipod",1,20037
4,"Amphipoda","urn:lsid:marinespecies.org:taxname:1135","Amphipoda Latreille, 1816","Order","Animalia","Arthropoda","Malacostraca","Amphipoda",,,"Amphipod",2,
7,"Anchylomera blossevillei","urn:lsid:marinespecies.org:taxname:236613","Anchylomera blossevillei H. Milne Edwards, 1830","Species","Animalia","Arthropoda","Malacostraca","Amphipoda","Phrosinidae","Anchylomera","Amphipod",2,25190
8,"Anonyx","urn:lsid:marinespecies.org:taxname:101592","Anonyx Krøyer, 1838","Genus","Animalia","Arthropoda","Malacostraca","Amphipoda","Uristidae","Anonyx","Amphipod",1,
13,"Atylus tridens","urn:lsid:marinespecies.org:taxname:488910","Atylus tridens (Alderman, 1936)","Species","Animalia","Arthropoda","Malacostraca","Amphipoda","Atylidae","Atylus","Amphipod",1,24075
15,"Batea catharinensis","urn:lsid:marinespecies.org:taxname:158032","Batea catharinensis Müller, 1865","Species","Animalia","Arthropoda","Malacostraca","Amphipoda","Bateidae","Batea","Amphipod",1,24085
17,"Brachyscelidae","urn:lsid:marinespecies.org:taxname:101414","Brachyscelidae Stephensen, 1923","Family","Animalia","Arthropoda","Malacostraca","Amphipoda","Brachyscelidae",,"Amphipod",1,
18,"Brachyscelus","urn:lsid:marinespecies.org:taxname:101792","Brachyscelus Spence Bate, 1861","Genus","Animalia","Arthropoda","Malacostraca","Amphipoda","Brachyscelidae","Brachyscelus","Amphipod",3,
19,"Brachyscelus crusculum","urn:lsid:marinespecies.org:taxname:103241","Brachyscelus crusculum Spence Bate, 1861","Species","Animalia","Arthropoda","Malacostraca","Amphipoda","Brachyscelidae","Brachyscelus","Amphipod",6,25215
20,"Brachyscelus globiceps","urn:lsid:marinespecies.org:taxname:236552","Brachyscelus globiceps (Claus, 1879)","Species","Animalia","Arthropoda","Malacostraca","Amphipoda","Brachyscelidae","Brachyscelus","Amphipod",3,25216
21,"Brachyscelus rapax","urn:lsid:marinespecies.org:taxname:236554","Brachyscelus rapax (Claus, 1871)","Species","Animalia","Arthropoda","Malacostraca","Amphipoda","Brachyscelidae","Brachyscelus","Amphipod",2,25219
24,"Calliopius","urn:lsid:marinespecies.org:taxname:101511","Calliopius Lilljeborg, 1865","Genus","Animalia","Arthropoda","Malacostraca","Amphipoda","Calliopiidae","Calliopius","Amphipod",1,
25,"Calliopius laeviusculus","urn:lsid:marinespecies.org:taxname:102178","Calliopius laeviusculus (Krøyer, 1838)","Species","Animalia","Arthropoda","Malacostraca","Amphipoda","Calliopiidae","Calliopius","Amphipod",290,23346
26,"Calliopius pacificus","urn:lsid:marinespecies.org:taxname:430720","Calliopius pacificus Bousfield & Hendrycks, 1997","Species","Animalia","Arthropoda","Malacostraca","Amphipoda","Calliopiidae","Calliopius","Amphipod",1,19995
28,"Caprella unica","urn:lsid:marinespecies.org:taxname:158160","Caprella unica Mayer, 1903","Species","Animalia","Arthropoda","Malacostraca","Amphipoda","Caprellidae","Caprella","Amphipod",1,23531
34,"Casco bigelowi","urn:lsid:marinespecies.org:taxname:158077","Casco bigelowi Blake, 1929","Species","Animalia","Arthropoda","Malacostraca","Amphipoda","Cheirocratidae","Casco","Amphipod",1,23815
36,"Cheloscina","urn:lsid:marinespecies.org:taxname:550712","Cheloscina Shih & Hendrycks, 1996","Genus","Animalia","Arthropoda","Malacostraca","Amphipoda","Mimonectidae","Cheloscina","Amphipod",1,
37,"Chevreuxiella","urn:lsid:marinespecies.org:taxname:237644","Chevreuxiella Stephensen, 1915","Genus","Animalia","Arthropoda","Malacostraca","Amphipoda","Thoriellidae","Chevreuxiella","Amphipod",1,
38,"Cleonardo","urn:lsid:marinespecies.org:taxname:101513","Cleonardo Stebbing, 1888","Genus","Animalia","Arthropoda","Malacostraca","Amphipoda","Eusiridae","Cleonardo","Amphipod",2,
39,"Cranocephalus","urn:lsid:marinespecies.org:taxname:236584","Cranocephalus Bovallius, 1890","Genus","Animalia","Arthropoda","Malacostraca","Amphipoda","Oxycephalidae","Cranocephalus","Amphipod",2,
40,"Cranocephalus scleroticus","urn:lsid:marinespecies.org:taxname:236585","Cranocephalus scleroticus (Streets, 1878)","Species","Animalia","Arthropoda","Malacostraca","Amphipoda","Oxycephalidae","Cranocephalus","Amphipod",2,19882
42,"Cyllopus","urn:lsid:marinespecies.org:taxname:325405","Cyllopus Dana, 1852","Genus","Animalia","Arthropoda","Malacostraca","Amphipoda","Cyllopodidae","Cyllopus","Amphipod",2,
43,"Cyllopus lucasii","urn:lsid:marinespecies.org:taxname:325406","Cyllopus lucasii Spence Bate, 1862","Species","Animalia","Arthropoda","Malacostraca","Amphipoda","Cyllopodidae","Cyllopus","Amphipod",4,19894
44,"Cyllopus magellanicus","urn:lsid:marinespecies.org:taxname:325407","Cyllopus magellanicus Dana, 1853","Species","Animalia","Arthropoda","Malacostraca","Amphipoda","Cyllopodidae","Cyllopus","Amphipod",3,24455
46,"Cyphocaris","urn:lsid:marinespecies.org:taxname:101603","Cyphocaris Boeck, 1871","Genus","Animalia","Arthropoda","Malacostraca","Amphipoda","Cyphocarididae","Cyphocaris","Amphipod",142,
47,"Cyphocaris anonyx","urn:lsid:marinespecies.org:taxname:102554","Cyphocaris anonyx Boeck, 1871","Species","Animalia","Arthropoda","Malacostraca","Amphipoda","Cyphocarididae","Cyphocaris","Amphipod",3,22762
48,"Cyphocaris challengeri","urn:lsid:marinespecies.org:taxname:428630","Cyphocaris challengeri Stebbing, 1888","Species","Animalia","Arthropoda","Malacostraca","Amphipoda","Cyphocarididae","Cyphocaris","Amphipod",60,22761
49,"Cyphocaris faurei","urn:lsid:marinespecies.org:taxname:214723","Cyphocaris faurei K.H. Barnard, 1916","Species","Animalia","Arthropoda","Malacostraca","Amphipoda","Cyphocarididae","Cyphocaris","Amphipod",5,20196
50,"Cyphocaris richardi","urn:lsid:marinespecies.org:taxname:102557","Cyphocaris richardi Chevreux, 1905","Species","Animalia","Arthropoda","Malacostraca","Amphipoda","Cyphocarididae","Cyphocaris","Amphipod",5,20197
52,"Cystisoma fabricii","urn:lsid:marinespecies.org:taxname:103243","Cystisoma fabricii Stebbing, 1888","Species","Animalia","Arthropoda","Malacostraca","Amphipoda","Cystisomatidae","Cystisoma","Amphipod",2,24456
55,"Dairella californica","urn:lsid:marinespecies.org:taxname:421612","Dairella californica (Bovallius, 1885)","Species","Animalia","Arthropoda","Malacostraca","Amphipoda","Dairellidae","Dairella","Amphipod",1,19869
57,"Danaella","urn:lsid:marinespecies.org:taxname:101604","Danaella Stephensen, 1925","Genus","Animalia","Arthropoda","Malacostraca","Amphipoda","Thoriellidae","Danaella","Amphipod",1,
58,"Deflexilodes intermedius","urn:lsid:marinespecies.org:taxname:547044","Deflexilodes intermedius (Shoemaker, 1930)","Species","Animalia","Arthropoda","Malacostraca","Amphipoda","Oedicerotidae","Deflexilodes","Amphipod",1,20041
60,"Dexamine thea","urn:lsid:marinespecies.org:taxname:102136","Dexamine thea Boeck, 1861","Species","Animalia","Arthropoda","Malacostraca","Amphipoda","Dexaminidae","Dexamine","Amphipod",1,24138
65,"Dyopedos","urn:lsid:marinespecies.org:taxname:101736","Dyopedos Spence Bate, 1857","Genus","Animalia","Arthropoda","Malacostraca","Amphipoda","Dulichiidae","Dyopedos","Amphipod",1,
67,"Eupronoe","urn:lsid:marinespecies.org:taxname:236626","Eupronoe Claus, 1879","Genus","Animalia","Arthropoda","Malacostraca","Amphipoda","Eupronoidae","Eupronoe","Amphipod",2,
68,"Eupronoe maculata","urn:lsid:marinespecies.org:taxname:236627","Eupronoe maculata Claus, 1879","Species","Animalia","Arthropoda","Malacostraca","Amphipoda","Eupronoidae","Eupronoe","Amphipod",2,25204
69,"Eupronoe minuta","urn:lsid:marinespecies.org:taxname:236628","Eupronoe minuta Claus, 1879","Species","Animalia","Arthropoda","Malacostraca","Amphipoda","Eupronoidae","Eupronoe","Amphipod",2,25205
74,"Eusirus","urn:lsid:marinespecies.org:taxname:101519","Eusirus Krøyer, 1845","Genus","Animalia","Arthropoda","Malacostraca","Amphipoda","Eusiridae","Eusirus","Amphipod",2,
75,"Eusirus antarcticus","urn:lsid:marinespecies.org:taxname:237719","Eusirus antarcticus Thomson, 1880","Species","Animalia","Arthropoda","Malacostraca","Amphipoda","Eusiridae","Eusirus","Amphipod",5,20635
77,"Gibberosus","urn:lsid:marinespecies.org:taxname:390811","Gibberosus Thomas & Barnard, 1986","Genus","Animalia","Arthropoda","Malacostraca","Amphipoda","Megaluropidae","Gibberosus","Amphipod",1,
78,"Glossocephalus","urn:lsid:marinespecies.org:taxname:236586","Glossocephalus Bovallius, 1887","Genus","Animalia","Arthropoda","Malacostraca","Amphipoda","Oxycephalidae","Glossocephalus","Amphipod",2,
79,"Glossocephalus milneedwardsi","urn:lsid:marinespecies.org:taxname:236587","Glossocephalus milneedwardsi Bovallius, 1887","Species","Animalia","Arthropoda","Malacostraca","Amphipoda","Oxycephalidae","Glossocephalus","Amphipod",1,19883
82,"Hemityphis tenuimanus","urn:lsid:marinespecies.org:taxname:236619","Hemityphis tenuimanus Claus, 1879","Species","Animalia","Arthropoda","Malacostraca","Amphipoda","Platyscelidae","Hemityphis","Amphipod",31,130338
85,"Hyperia","urn:lsid:marinespecies.org:taxname:101796","Hyperia Latreille, 1823","Genus","Animalia","Arthropoda","Malacostraca","Amphipoda","Hyperiidae","Hyperia","Amphipod",12,
86,"Hyperia galba","urn:lsid:marinespecies.org:taxname:103251","Hyperia galba (Montagu, 1813)","Species","Animalia","Arthropoda","Malacostraca","Amphipoda","Hyperiidae","Hyperia","Amphipod",13,25147
87,"Hyperia gaudichaudii","urn:lsid:marinespecies.org:taxname:325380","Hyperia gaudichaudii H. Milne Edwards, 1840","Species","Animalia","Arthropoda","Malacostraca","Amphipoda","Hyperiidae","Hyperia","Amphipod",56,
88,"Hyperia medusarum","urn:lsid:marinespecies.org:taxname:103253","Hyperia medusarum (Müller, 1776)","Species","Animalia","Arthropoda","Malacostraca","Amphipoda","Hyperiidae","Hyperia","Amphipod",5,25148
89,"Hyperia spinigera","urn:lsid:marinespecies.org:taxname:103254","Hyperia spinigera Bovallius, 1889","Species","Animalia","Arthropoda","Malacostraca","Amphipoda","Hyperiidae","Hyperia","Amphipod",2,25149
90,"Hyperiella","urn:lsid:marinespecies.org:taxname:325378","Hyperiella Bovallius, 1887","Genus","Animalia","Arthropoda","Malacostraca","Amphipoda","Hyperiidae","Hyperiella","Amphipod",2,
91,"Hyperiella dilatata","urn:lsid:marinespecies.org:taxname:325383","Hyperiella dilatata Stebbing, 1888","Species","Animalia","Arthropoda","Malacostraca","Amphipoda","Hyperiidae","Hyperiella","Amphipod",3,25154
94,"Hyperioides longipes","urn:lsid:marinespecies.org:taxname:103255","Hyperioides longipes Chevreux, 1900","Species","Animalia","Arthropoda","Malacostraca","Amphipoda","Lestrigonidae","Hyperioides","Amphipod",2,25160
95,"Hyperoche","urn:lsid:marinespecies.org:taxname:101798","Hyperoche Bovallius, 1887","Genus","Animalia","Arthropoda","Malacostraca","Amphipoda","Hyperiidae","Hyperoche","Amphipod",5,
96,"Hyperoche mediterranea","urn:lsid:marinespecies.org:taxname:236561","Hyperoche mediterranea Senna, 1908","Species","Animalia","Arthropoda","Malacostraca","Amphipoda","Hyperiidae","Hyperoche","Amphipod",4,25162
97,"Hyperoche medusarum","urn:lsid:marinespecies.org:taxname:103256","Hyperoche medusarum (Kröyer, 1838)","Species","Animalia","Arthropoda","Malacostraca","Amphipoda","Hyperiidae","Hyperoche","Amphipod",16,25163
101,"Jassa","urn:lsid:marinespecies.org:taxname:101571","Jassa Leach, 1814","Genus","Animalia","Arthropoda","Malacostraca","Amphipoda","Ischyroceridae","Jassa","Amphipod",1,
102,"Jassa alonsoae","urn:lsid:marinespecies.org:taxname:237316","Jassa alonsoae Conlan, 1990","Species","Animalia","Arthropoda","Malacostraca","Amphipoda","Ischyroceridae","Jassa","Amphipod",2,153424
103,"Lanceola","urn:lsid:marinespecies.org:taxname:101801","Lanceola Say, 1818","Genus","Animalia","Arthropoda","Malacostraca","Amphipoda","Lanceolidae","Lanceola","Amphipod",6,
104,"Lanceola loveni","urn:lsid:marinespecies.org:taxname:103263","Lanceola loveni Bovallius, 1885","Species","Animalia","Arthropoda","Malacostraca","Amphipoda","Lanceolidae","Lanceola","Amphipod",2,24584
107,"Lestrigonidae","urn:lsid:marinespecies.org:taxname:414835","Lestrigonidae Zeidler, 2004","Family","Animalia","Arthropoda","Malacostraca","Amphipoda","Lestrigonidae",,"Amphipod",1,
108,"Lestrigonus","urn:lsid:marinespecies.org:taxname:180697","Lestrigonus H. Milne Edwards, 1830","Genus","Animalia","Arthropoda","Malacostraca","Amphipoda","Lestrigonidae","Lestrigonus","Amphipod",2,
109,"Lycaea","urn:lsid:marinespecies.org:taxname:158322","Lycaea Dana, 1852","Genus","Animalia","Arthropoda","Malacostraca","Amphipoda","Lycaeidae","Lycaea","Amphipod",4,
110,"Lycaea pachypoda","urn:lsid:marinespecies.org:taxname:236573","Lycaea pachypoda (Claus, 1879)","Species","Animalia","Arthropoda","Malacostraca","Amphipoda","Lycaeidae","Lycaea","Amphipod",1,130332
111,"Lycaea pulex","urn:lsid:marinespecies.org:taxname:158323","Lycaea pulex Marion, 1874","Species","Animalia","Arthropoda","Malacostraca","Amphipoda","Lycaeidae","Lycaea","Amphipod",2,25211
114,"Lycaeopsis","urn:lsid:marinespecies.org:taxname:236578","Lycaeopsis Claus, 1879","Genus","Animalia","Arthropoda","Malacostraca","Amphipoda","Lycaeopsidae","Lycaeopsis","Amphipod",2,
120,"Lysianopsis alba","urn:lsid:marinespecies.org:taxname:158036","Lysianopsis alba Holmes, 1903","Species","Animalia","Arthropoda","Malacostraca","Amphipoda","Lysianassidae","Lysianopsis","Amphipod",1,24730
121,"Megalanceola","urn:lsid:marinespecies.org:taxname:325363","Megalanceola Pirlot, 1935","Genus","Animalia","Arthropoda","Malacostraca","Amphipoda","Megalanceolidae","Megalanceola","Amphipod",1,
124,"Melphidippa","urn:lsid:marinespecies.org:taxname:101683","Melphidippa Boeck, 1871","Genus","Animalia","Arthropoda","Malacostraca","Amphipoda","Melphidippidae","Melphidippa","Amphipod",2,
127,"Mimonectes loveni","urn:lsid:marinespecies.org:taxname:103269","Mimonectes loveni Bovallius, 1885","Species","Animalia","Arthropoda","Malacostraca","Amphipoda","Mimonectidae","Mimonectes","Amphipod",2,25271
129,"Mimoscina","urn:lsid:marinespecies.org:taxname:325394","Mimoscina Pirlot, 1933","Genus","Animalia","Arthropoda","Malacostraca","Amphipoda","Mimoscinidae","Mimoscina","Amphipod",1,
136,"Opisa tridentata","urn:lsid:marinespecies.org:taxname:547481","Opisa tridentata Hurley, 1963","Species","Animalia","Arthropoda","Malacostraca","Amphipoda","Opisidae","Opisa","Amphipod",1,23551
138,"Orchomene","urn:lsid:marinespecies.org:taxname:101633","Orchomene Boeck, 1871","Genus","Animalia","Arthropoda","Malacostraca","Amphipoda","Tryphosidae","Orchomene","Amphipod",3,
139,"Orchomenella","urn:lsid:marinespecies.org:taxname:101634","Orchomenella Sars, 1890","Genus","Animalia","Arthropoda","Malacostraca","Amphipoda","Tryphosidae","Orchomenella","Amphipod",3,
140,"Orchomenella obtusa","urn:lsid:marinespecies.org:taxname:102695","Orchomenella obtusa (G.O. Sars, 1891)","Species","Animalia","Arthropoda","Malacostraca","Amphipoda","Tryphosidae","Orchomenella","Amphipod",1,23564
141,"Oxycephalidae","urn:lsid:marinespecies.org:taxname:196118","Oxycephalidae Dana, 1852","Family","Animalia","Arthropoda","Malacostraca","Amphipoda","Oxycephalidae",,"Amphipod",1,
142,"Oxycephalus","urn:lsid:marinespecies.org:taxname:206128","Oxycephalus H. Milne Edwards, 1830","Genus","Animalia","Arthropoda","Malacostraca","Amphipoda","Oxycephalidae","Oxycephalus","Amphipod",4,
143,"Oxycephalus clausi","urn:lsid:marinespecies.org:taxname:220731","Oxycephalus clausi Bovallius, 1887","Species","Animalia","Arthropoda","Malacostraca","Amphipoda","Oxycephalidae","Oxycephalus","Amphipod",2,25223
146,"Paracentromedon whero","urn:lsid:marinespecies.org:taxname:723921","Paracentromedon whero (Fenwick, 1983)","Species","Animalia","Arthropoda","Malacostraca","Amphipoda","Tryphosidae","Paracentromedon","Amphipod",2,
147,"Paradulichia","urn:lsid:marinespecies.org:taxname:101738","Paradulichia Boeck, 1871","Genus","Animalia","Arthropoda","Malacostraca","Amphipoda","Dulichiidae","Paradulichia","Amphipod",1,
148,"Paralycaea","urn:lsid:marinespecies.org:taxname:101808","Paralycaea Claus, 1879","Genus","Animalia","Arthropoda","Malacostraca","Amphipoda","Amphithyridae","Paralycaea","Amphipod",4,
150,"Parandania boecki","urn:lsid:marinespecies.org:taxname:214747","Parandania boecki (Stebbing, 1888)","Species","Animalia","Arthropoda","Malacostraca","Amphipoda","Stegocephalidae","Parandania","Amphipod",3,24914
152,"Paraphronima","urn:lsid:marinespecies.org:taxname:236595","Paraphronima Claus, 1879","Genus","Animalia","Arthropoda","Malacostraca","Amphipoda","Paraphronimidae","Paraphronima","Amphipod",4,
153,"Paraphronima crassipes","urn:lsid:marinespecies.org:taxname:236596","Paraphronima crassipes Claus, 1879","Species","Animalia","Arthropoda","Malacostraca","Amphipoda","Paraphronimidae","Paraphronima","Amphipod",6,24458
154,"Paraphronima gracilis","urn:lsid:marinespecies.org:taxname:236597","Paraphronima gracilis Claus, 1879","Species","Animalia","Arthropoda","Malacostraca","Amphipoda","Paraphronimidae","Paraphronima","Amphipod",4,24459
155,"Paraphronimidae","urn:lsid:marinespecies.org:taxname:236594","Paraphronimidae Bovallius, 1887","Family","Animalia","Arthropoda","Malacostraca","Amphipoda","Paraphronimidae",,"Amphipod",1,
156,"Parapronoe","urn:lsid:marinespecies.org:taxname:236629","Parapronoe Claus, 1879","Genus","Animalia","Arthropoda","Malacostraca","Amphipoda","Eupronoidae","Parapronoe","Amphipod",3,
157,"Parascelidae","urn:lsid:marinespecies.org:taxname:236598","Parascelidae Bovallius, 1887","Family","Animalia","Arthropoda","Malacostraca","Amphipoda","Parascelidae",,"Amphipod",1,
159,"Parascelus edwardsi","urn:lsid:marinespecies.org:taxname:236602","Parascelus edwardsi Claus, 1879","Species","Animalia","Arthropoda","Malacostraca","Amphipoda","Parascelidae","Parascelus","Amphipod",2,25264
161,"Patuki roperi","urn:lsid:marinespecies.org:taxname:489911","Patuki roperi Fenwick, 1983","Species","Animalia","Arthropoda","Malacostraca","Amphipoda","Exoedicerotidae","Patuki","Amphipod",2,
164,"Phronima","urn:lsid:marinespecies.org:taxname:101804","Phronima Latreille, 1802","Genus","Animalia","Arthropoda","Malacostraca","Amphipoda","Phronimidae","Phronima","Amphipod",6,
165,"Phronima atlantica","urn:lsid:marinespecies.org:taxname:103271","Phronima atlantica Guérin-Méneville, 1836","Species","Animalia","Arthropoda","Malacostraca","Amphipoda","Phronimidae","Phronima","Amphipod",4,25184
166,"Phronima sedentaria","urn:lsid:marinespecies.org:taxname:103272","Phronima sedentaria (Forskål, 1775)","Species","Animalia","Arthropoda","Malacostraca","Amphipoda","Phronimidae","Phronima","Amphipod",49,25183
167,"Phronima stebbingi","urn:lsid:marinespecies.org:taxname:236609","Phronima stebbingi Vosseler, 1901","Species","Animalia","Arthropoda","Malacostraca","Amphipoda","Phronimidae","Phronima","Amphipod",5,9960
169,"Phronimella elongata","urn:lsid:marinespecies.org:taxname:236611","Phronimella elongata (Claus, 1862)","Species","Animalia","Arthropoda","Malacostraca","Amphipoda","Phronimidae","Phronimella","Amphipod",1,25188
170,"Phronimidae","urn:lsid:marinespecies.org:taxname:101420","Phronimidae Rafinesque, 1815","Family","Animalia","Arthropoda","Malacostraca","Amphipoda","Phronimidae",,"Amphipod",1,
172,"Phronimopsis","urn:lsid:marinespecies.org:taxname:236571","Phronimopsis Claus, 1879","Genus","Animalia","Arthropoda","Malacostraca","Amphipoda","Lestrigonidae","Phronimopsis","Amphipod",2,
173,"Phronimopsis spinifera","urn:lsid:marinespecies.org:taxname:236572","Phronimopsis spinifera Claus, 1879","Species","Animalia","Arthropoda","Malacostraca","Amphipoda","Lestrigonidae","Phronimopsis","Amphipod",2,25178
175,"Phrosina semilunata","urn:lsid:marinespecies.org:taxname:103273","Phrosina semilunata Risso, 1822","Species","Animalia","Arthropoda","Malacostraca","Amphipoda","Phrosinidae","Phrosina","Amphipod",1,25189
176,"Phrosinidae","urn:lsid:marinespecies.org:taxname:101421","Phrosinidae Dana, 1852","Family","Animalia","Arthropoda","Malacostraca","Amphipoda","Phrosinidae",,"Amphipod",1,
179,"Platyscelidae","urn:lsid:marinespecies.org:taxname:101422","Platyscelidae Spence Bate, 1862","Family","Animalia","Arthropoda","Malacostraca","Amphipoda","Platyscelidae",,"Amphipod",1,
181,"Platyscelus","urn:lsid:marinespecies.org:taxname:101807","Platyscelus Spence Bate, 1861","Genus","Animalia","Arthropoda","Malacostraca","Amphipoda","Platyscelidae","Platyscelus","Amphipod",3,
182,"Platyscelus ovoides","urn:lsid:marinespecies.org:taxname:103275","Platyscelus ovoides (Risso, 1816)","Species","Animalia","Arthropoda","Malacostraca","Amphipoda","Platyscelidae","Platyscelus","Amphipod",1,9962
183,"Platyscelus serratulus","urn:lsid:marinespecies.org:taxname:236623","Platyscelus serratulus Stebbing, 1888","Species","Animalia","Arthropoda","Malacostraca","Amphipoda","Platyscelidae","Platyscelus","Amphipod",19,25255
185,"Pleustes (Pleustes) panoplus","urn:lsid:marinespecies.org:taxname:549692","Pleustes (Pleustes) panoplus (Krøyer, 1838)","Species","Animalia","Arthropoda","Malacostraca","Amphipoda","Pleustidae","Pleustes","Amphipod",6,
188,"Polycheria","urn:lsid:marinespecies.org:taxname:203865","Polycheria Haswell, 1879","Genus","Animalia","Arthropoda","Malacostraca","Amphipoda","Dexaminidae","Polycheria","Amphipod",1,
191,"Pontogeneia inermis","urn:lsid:marinespecies.org:taxname:102223","Pontogeneia inermis (Krøyer, 1838)","Species","Animalia","Arthropoda","Malacostraca","Amphipoda","Pontogeneiidae","Pontogeneia","Amphipod",1,23424
193,"Primno","urn:lsid:marinespecies.org:taxname:101806","Primno Guérin-Méneville, 1836","Genus","Animalia","Arthropoda","Malacostraca","Amphipoda","Phrosinidae","Primno","Amphipod",1,
194,"Primno abyssalis","urn:lsid:marinespecies.org:taxname:421603","Primno abyssalis (Bowman, 1968)","Species","Animalia","Arthropoda","Malacostraca","Amphipoda","Phrosinidae","Primno","Amphipod",87,19879
195,"Primno brevidens","urn:lsid:marinespecies.org:taxname:421604","Primno brevidens Bowman, 1978","Species","Animalia","Arthropoda","Malacostraca","Amphipoda","Phrosinidae","Primno","Amphipod",4,25194
196,"Primno evansi","urn:lsid:marinespecies.org:taxname:103274","Primno evansi Sheader, 1986","Species","Animalia","Arthropoda","Malacostraca","Amphipoda","Phrosinidae","Primno","Amphipod",1,9961
197,"Primno johnsoni","urn:lsid:marinespecies.org:taxname:421605","Primno johnsoni Bowman, 1978","Species","Animalia","Arthropoda","Malacostraca","Amphipoda","Phrosinidae","Primno","Amphipod",1,25195
198,"Primno macropa","urn:lsid:marinespecies.org:taxname:180759","Primno macropa Guérin-Méneville, 1836","Species","Animalia","Arthropoda","Malacostraca","Amphipoda","Phrosinidae","Primno","Amphipod",14,25191
199,"Pronoidae","urn:lsid:marinespecies.org:taxname:101423","Pronoidae Dana, 1852","Family","Animalia","Arthropoda","Malacostraca","Amphipoda","Pronoidae",,"Amphipod",1,
201,"Protophoxus australis","urn:lsid:marinespecies.org:taxname:549025","Protophoxus australis K.H. Barnard, 1930","Species","Animalia","Arthropoda","Malacostraca","Amphipoda","Phoxocephalidae","Protophoxus","Amphipod",2,163672
202,"Pseudocallisoma coecum","urn:lsid:marinespecies.org:taxname:852210","Pseudocallisoma coecum (Holmes, 1908)","Species","Animalia","Arthropoda","Malacostraca","Amphipoda","Scopelocheiridae","Pseudocallisoma","Amphipod",6,
203,"Pseudorchomene plebs","urn:lsid:marinespecies.org:taxname:597786","Pseudorchomene plebs (Hurley, 1965)","Species","Animalia","Arthropoda","Malacostraca","Amphipoda","Uristidae","Pseudorchomene","Amphipod",2,
205,"Rhabdosoma minor","urn:lsid:marinespecies.org:taxname:547496","Rhabdosoma minor Fage, 1954","Species","Animalia","Arthropoda","Malacostraca","Amphipoda","Oxycephalidae","Rhabdosoma","Amphipod",1,19886
206,"Rhachotropis","urn:lsid:marinespecies.org:taxname:101528","Rhachotropis S.I. Smith, 1883","Genus","Animalia","Arthropoda","Malacostraca","Amphipoda","Eusiridae","Rhachotropis","Amphipod",1,
207,"Rhachotropis oculata","urn:lsid:marinespecies.org:taxname:102240","Rhachotropis oculata (Hansen, 1888)","Species","Animalia","Arthropoda","Malacostraca","Amphipoda","Eusiridae","Rhachotropis","Amphipod",1,22733
208,"Rhachotropis schellenbergi","urn:lsid:marinespecies.org:taxname:237667","Rhachotropis schellenbergi Andres, 1982","Species","Animalia","Arthropoda","Malacostraca","Amphipoda","Eusiridae","Rhachotropis","Amphipod",3,
210,"Scina","urn:lsid:marinespecies.org:taxname:101810","Scina Prestandrea, 1833","Genus","Animalia","Arthropoda","Malacostraca","Amphipoda","Scinidae","Scina","Amphipod",2,
211,"Scina borealis","urn:lsid:marinespecies.org:taxname:103278","Scina borealis (G.O. Sars, 1883)","Species","Animalia","Arthropoda","Malacostraca","Amphipoda","Scinidae","Scina","Amphipod",8,25276
212,"Scina crassicornis","urn:lsid:marinespecies.org:taxname:103279","Scina crassicornis (Fabricius, 1775)","Species","Animalia","Arthropoda","Malacostraca","Amphipoda","Scinidae","Scina","Amphipod",23,9965
213,"Scina nana","urn:lsid:marinespecies.org:taxname:325398","Scina nana Wagler, 1926","Species","Animalia","Arthropoda","Malacostraca","Amphipoda","Scinidae","Scina","Amphipod",2,25287
214,"Scina rattrayi","urn:lsid:marinespecies.org:taxname:103283","Scina rattrayi Stebbing, 1895","Species","Animalia","Arthropoda","Malacostraca","Amphipoda","Scinidae","Scina","Amphipod",2,25283
215,"Scina rattrayi keilhacki","urn:lsid:marinespecies.org:taxname:325396","Scina rattrayi keilhacki Wagler, 1926","Subspecies","Animalia","Arthropoda","Malacostraca","Amphipoda","Scinidae","Scina","Amphipod",2,
219,"Scypholanceola","urn:lsid:marinespecies.org:taxname:180729","Scypholanceola Woltereck, 1905","Genus","Animalia","Arthropoda","Malacostraca","Amphipoda","Lanceolidae","Scypholanceola","Amphipod",1,
223,"Stilipes","urn:lsid:marinespecies.org:taxname:180644","Stilipes Holmes, 1908","Genus","Animalia","Arthropoda","Malacostraca","Amphipoda","Stilipedidae","Stilipes","Amphipod",1,
224,"Stilipes distinctus","urn:lsid:marinespecies.org:taxname:555430","Stilipes distinctus Holmes, 1908","Species","Animalia","Arthropoda","Malacostraca","Amphipoda","Stilipedidae","Stilipes","Amphipod",2,20559
225,"Streetsia","urn:lsid:marinespecies.org:taxname:236591","Streetsia Stebbing, 1888","Genus","Animalia","Arthropoda","Malacostraca","Amphipoda","Oxycephalidae","Streetsia","Amphipod",3,
226,"Streetsia challengeri","urn:lsid:marinespecies.org:taxname:236592","Streetsia challengeri Stebbing, 1888","Species","Animalia","Arthropoda","Malacostraca","Amphipoda","Oxycephalidae","Streetsia","Amphipod",6,25232
227,"Streetsia porcella","urn:lsid:marinespecies.org:taxname:236593","Streetsia porcella (Claus, 1879)","Species","Animalia","Arthropoda","Malacostraca","Amphipoda","Oxycephalidae","Streetsia","Amphipod",23,25252
228,"Streetsia steenstrupi","urn:lsid:marinespecies.org:taxname:421625","Streetsia steenstrupi (Bovallius, 1887)","Species","Animalia","Arthropoda","Malacostraca","Amphipoda","Oxycephalidae","Streetsia","Amphipod",3,25253
230,"Synopia ultramarina","urn:lsid:marinespecies.org:taxname:211240","Synopia ultramarina Dana, 1853","Species","Animalia","Arthropoda","Malacostraca","Amphipoda","Synopiidae","Synopia","Amphipod",3,25097
235,"Thamneus","urn:lsid:marinespecies.org:taxname:410692","Thamneus Bovallius, 1887","Genus","Animalia","Arthropoda","Malacostraca","Amphipoda","Brachyscelidae","Thamneus","Amphipod",2,
236,"Thamneus rostratus","urn:lsid:marinespecies.org:taxname:410693","Thamneus rostratus Bovallius, 1887","Species","Animalia","Arthropoda","Malacostraca","Amphipoda","Thamneidae","Thamneus","Amphipod",25,25221
237,"Themisto","urn:lsid:marinespecies.org:taxname:101800","Themisto Guérin, 1825","Genus","Animalia","Arthropoda","Malacostraca","Amphipoda","Hyperiidae","Themisto","Amphipod",10,
238,"Themisto abyssorum","urn:lsid:marinespecies.org:taxname:103259","Themisto abyssorum (Boeck, 1871)","Species","Animalia","Arthropoda","Malacostraca","Amphipoda","Hyperiidae","Themisto","Amphipod",2,9958
239,"Themisto compressa","urn:lsid:marinespecies.org:taxname:156451","Themisto compressa Goës, 1866","Species","Animalia","Arthropoda","Malacostraca","Amphipoda","Hyperiidae","Themisto","Amphipod",2,9959
240,"Themisto gaudichaudii","urn:lsid:marinespecies.org:taxname:325384","Themisto gaudichaudii Guérin, 1825","Species","Animalia","Arthropoda","Malacostraca","Amphipoda","Hyperiidae","Themisto","Amphipod",408,19892
241,"Themisto japonica","urn:lsid:marinespecies.org:taxname:744579","Themisto japonica (Bovallius, 1887)","Species","Animalia","Arthropoda","Malacostraca","Amphipoda","Hyperiidae","Themisto","Amphipod",394,81319
242,"Themisto libellula","urn:lsid:marinespecies.org:taxname:156452","Themisto libellula (Lichtenstein in Mandt, 1822)","Species","Animalia","Arthropoda","Malacostraca","Amphipoda","Hyperiidae","Themisto","Amphipod",248,25181
243,"Themisto pacifica","urn:lsid:marinespecies.org:taxname:254453","Themisto pacifica (Stebbing, 1888)","Species","Animalia","Arthropoda","Malacostraca","Amphipoda","Hyperiidae","Themisto","Amphipod",9,19875
244,"Thoriella","urn:lsid:marinespecies.org:taxname:101657","Thoriella Stephensen, 1915","Genus","Animalia","Arthropoda","Malacostraca","Amphipoda","Thoriellidae","Thoriella","Amphipod",1,
246,"Thyropus","urn:lsid:marinespecies.org:taxname:416073","Thyropus Dana, 1852","Genus","Animalia","Arthropoda","Malacostraca","Amphipoda","Parascelidae","Thyropus","Amphipod",2,
248,"Tryphana malmii","urn:lsid:marinespecies.org:taxname:458663","Tryphana malmii Boeck, 1871","Species","Animalia","Arthropoda","Malacostraca","Amphipoda","Tryphanidae","Tryphana","Amphipod",4,
252,"Uristes schellenbergi","urn:lsid:marinespecies.org:taxname:951983","Uristes schellenbergi (Lowry & Bullock, 1976)","Species","Animalia","Arthropoda","Malacostraca","Amphipoda","Tryphosidae","Uristes","Amphipod",2,
254,"Vibilia","urn:lsid:marinespecies.org:taxname:101812","Vibilia H. Milne Edwards, 1830","Genus","Animalia","Arthropoda","Malacostraca","Amphipoda","Vibiliidae","Vibilia","Amphipod",25,
255,"Vibilia antarctica","urn:lsid:marinespecies.org:taxname:325408","Vibilia antarctica Stebbing, 1888","Species","Animalia","Arthropoda","Malacostraca","Amphipoda","Vibiliidae","Vibilia","Amphipod",14,19893
256,"Vibilia armata","urn:lsid:marinespecies.org:taxname:236632","Vibilia armata Bovallius, 1887","Species","Animalia","Arthropoda","Malacostraca","Amphipoda","Vibiliidae","Vibilia","Amphipod",4,24449
257,"Vibilia australis","urn:lsid:marinespecies.org:taxname:325409","Vibilia australis Stebbing, 1888","Species","Animalia","Arthropoda","Malacostraca","Amphipoda","Vibiliidae","Vibilia","Amphipod",5,24450
258,"Vibilia caeca","urn:lsid:marinespecies.org:taxname:557829","Vibilia caeca Bulycheva, 1955","Species","Animalia","Arthropoda","Malacostraca","Amphipoda","Vibiliidae","Vibilia","Amphipod",3,24591
259,"Vibilia cultripes","urn:lsid:marinespecies.org:taxname:180767","Vibilia cultripes Vosseler, 1901","Species","Animalia","Arthropoda","Malacostraca","Amphipoda","Vibiliidae","Vibilia","Amphipod",5,9971
260,"Vibilia jeangerardii","urn:lsid:marinespecies.org:taxname:180770","Vibilia jeangerardii Lucas, 1846","Species","Animalia","Arthropoda","Malacostraca","Amphipoda","Vibiliidae","Vibilia","Amphipod",2,
261,"Vibilia propinqua","urn:lsid:marinespecies.org:taxname:103291","Vibilia propinqua Stebbing, 1888","Species","Animalia","Arthropoda","Malacostraca","Amphipoda","Vibiliidae","Vibilia","Amphipod",95,9973
262,"Vibilia robusta","urn:lsid:marinespecies.org:taxname:325410","Vibilia robusta Bovallius, 1887","Species","Animalia","Arthropoda","Malacostraca","Amphipoda","Vibiliidae","Vibilia","Amphipod",3,19899
263,"Vibilia stebbingi","urn:lsid:marinespecies.org:taxname:236633","Vibilia stebbingi Behning & Woltereck, 1912","Species","Animalia","Arthropoda","Malacostraca","Amphipoda","Vibiliidae","Vibilia","Amphipod",3,24454
264,"Vibiliidae","urn:lsid:marinespecies.org:taxname:101426","Vibiliidae Dana, 1852","Family","Animalia","Arthropoda","Malacostraca","Amphipoda","Vibiliidae",,"Amphipod",1,
267,"Wecomedon nobilis","urn:lsid:marinespecies.org:taxname:1255501","Wecomedon nobilis (Stimpson, 1853)","Species","Animalia","Arthropoda","Malacostraca","Amphipoda","Tryphosidae","Wecomedon","Amphipod",1,
268,"Appendicularia","urn:lsid:marinespecies.org:taxname:146421",,"Class","Animalia","Chordata","Appendicularia",,,,"Appendicularian",5,
269,"Appendicularia sicula","urn:lsid:marinespecies.org:taxname:103370","Appendicularia sicula Fol, 1874","Species","Animalia","Chordata","Appendicularia","Copelata","Fritillariidae","Appendicularia","Appendicularian",2,53704
272,"Bathochordaeus","urn:lsid:marinespecies.org:taxname:103362","Bathochordaeus Chun, 1900","Genus","Animalia","Chordata","Appendicularia","Copelata","Oikopleuridae","Bathochordaeus","Appendicularian",4,
273,"Bathochordaeus charon","urn:lsid:marinespecies.org:taxname:103394","Bathochordaeus charon Chun, 1900","Species","Animalia","Chordata","Appendicularia","Copelata","Oikopleuridae","Bathochordaeus","Appendicularian",2,88735
275,"Folia","urn:lsid:marinespecies.org:taxname:103363","Folia Lohmann, 1892","Genus","Animalia","Chordata","Appendicularia","Copelata","Oikopleuridae","Folia","Appendicularian",1,
276,"Folia gracilis","urn:lsid:marinespecies.org:taxname:103396","Folia gracilis Lohmann, 1892","Species","Animalia","Chordata","Appendicularia","Copelata","Oikopleuridae","Folia","Appendicularian",3,53736
277,"Folia mediterranea","urn:lsid:marinespecies.org:taxname:103397","Folia mediterranea (Lohmann, 1899)","Species","Animalia","Chordata","Appendicularia","Copelata","Oikopleuridae","Folia","Appendicularian",1,53737
278,"Fritillaria","urn:lsid:marinespecies.org:taxname:103358","Fritillaria Fol, 1872","Genus","Animalia","Chordata","Appendicularia","Copelata","Fritillariidae","Fritillaria","Appendicularian",6,
279,"Fritillaria aequatorialis","urn:lsid:marinespecies.org:taxname:103374","Fritillaria aequatorialis Lohmann, 1896","Species","Animalia","Chordata","Appendicularia","Copelata","Fritillariidae","Fritillaria","Appendicularian",2,53708
280,"Fritillaria borealis","urn:lsid:marinespecies.org:taxname:103375","Fritillaria borealis Lohmann, 1896","Species","Animalia","Chordata","Appendicularia","Copelata","Fritillariidae","Fritillaria","Appendicularian",14,53711
281,"Fritillaria gracilis","urn:lsid:marinespecies.org:taxname:103381","Fritillaria gracilis Lohmann, 1896","Species","Animalia","Chordata","Appendicularia","Copelata","Fritillariidae","Fritillaria","Appendicularian",2,53717
282,"Fritillaria haplostoma","urn:lsid:marinespecies.org:taxname:103382","Fritillaria haplostoma Fol, 1872","Species","Animalia","Chordata","Appendicularia","Copelata","Fritillariidae","Fritillaria","Appendicularian",2,53718
283,"Fritillaria megachile","urn:lsid:marinespecies.org:taxname:103384","Fritillaria megachile Fol, 1872","Species","Animalia","Chordata","Appendicularia","Copelata","Fritillariidae","Fritillaria","Appendicularian",2,53720
284,"Fritillaria pellucida","urn:lsid:marinespecies.org:taxname:103386","Fritillaria pellucida (Busch, 1851)","Species","Animalia","Chordata","Appendicularia","Copelata","Fritillariidae","Fritillaria","Appendicularian",9,53723
285,"Fritillaria venusta","urn:lsid:marinespecies.org:taxname:103389","Fritillaria venusta Lohmann, 1896","Species","Animalia","Chordata","Appendicularia","Copelata","Fritillariidae","Fritillaria","Appendicularian",2,53727
289,"Kowalevskia tenuis","urn:lsid:marinespecies.org:taxname:103392","Kowalevskia tenuis Fol, 1872","Species","Animalia","Chordata","Appendicularia","Copelata","Kowalevskiidae","Kowalevskia","Appendicularian",3,53731
292,"Megalocercus","urn:lsid:marinespecies.org:taxname:103364","Megalocercus Chun, 1887","Genus","Animalia","Chordata","Appendicularia","Copelata","Oikopleuridae","Megalocercus","Appendicularian",3,
293,"Megalocercus abyssorum","urn:lsid:marinespecies.org:taxname:103398","Megalocercus abyssorum Chun, 1887","Species","Animalia","Chordata","Appendicularia","Copelata","Oikopleuridae","Megalocercus","Appendicularian",3,53738
294,"Megalocercus huxleyi","urn:lsid:marinespecies.org:taxname:221117","Megalocercus huxleyi (Ritter in Ritter & Byxbee, 1905)","Species","Animalia","Chordata","Appendicularia","Copelata","Oikopleuridae","Megalocercus","Appendicularian",5,53739
295,"Oikopleura","urn:lsid:marinespecies.org:taxname:103367","Oikopleura Mertens, 1830","Genus","Animalia","Chordata","Appendicularia","Copelata","Oikopleuridae","Oikopleura","Appendicularian",50,
297,"Oikopleura (Coecaria) fusiformis","urn:lsid:marinespecies.org:taxname:103408","Oikopleura (Coecaria) fusiformis Fol, 1872","Species","Animalia","Chordata","Appendicularia","Copelata","Oikopleuridae","Oikopleura","Appendicularian",10,
298,"Oikopleura (Coecaria) fusiformis cornutogastra","urn:lsid:marinespecies.org:taxname:342469","Oikopleura (Coecaria) fusiformis cornutogastra Aida, 1907","Species","Animalia","Chordata","Appendicularia","Copelata","Oikopleuridae","Oikopleura","Appendicularian",5,
299,"Oikopleura (Coecaria) intermedia","urn:lsid:marinespecies.org:taxname:103412","Oikopleura (Coecaria) intermedia Lohmann, 1896","Species","Animalia","Chordata","Appendicularia","Copelata","Oikopleuridae","Oikopleura","Appendicularian",5,
300,"Oikopleura (Coecaria) longicauda","urn:lsid:marinespecies.org:taxname:103414","Oikopleura (Coecaria) longicauda (Vogt, 1854)","Species","Animalia","Chordata","Appendicularia","Copelata","Oikopleuridae","Oikopleura","Appendicularian",16,
302,"Oikopleura (Vexillaria) albicans","urn:lsid:marinespecies.org:taxname:103404","Oikopleura (Vexillaria) albicans (Leuckart, 1854)","Species","Animalia","Chordata","Appendicularia","Copelata","Oikopleuridae","Oikopleura","Appendicularian",8,
303,"Oikopleura (Vexillaria) caudaornata","urn:lsid:marinespecies.org:taxname:103405","Oikopleura (Vexillaria) caudaornata (Fenaux & Youngbluth, 1991)","Species","Animalia","Chordata","Appendicularia","Copelata","Oikopleuridae","Oikopleura","Appendicularian",1,
304,"Oikopleura (Vexillaria) cophocerca","urn:lsid:marinespecies.org:taxname:103406","Oikopleura (Vexillaria) cophocerca (Gegenbaur, 1855)","Species","Animalia","Chordata","Appendicularia","Copelata","Oikopleuridae","Oikopleura","Appendicularian",4,
305,"Oikopleura (Vexillaria) dioica","urn:lsid:marinespecies.org:taxname:103407","Oikopleura (Vexillaria) dioica Fol, 1872","Species","Animalia","Chordata","Appendicularia","Copelata","Oikopleuridae","Oikopleura","Appendicularian",556,
306,"Oikopleura (Vexillaria) gaussica","urn:lsid:marinespecies.org:taxname:103409","Oikopleura (Vexillaria) gaussica Lohmann, 1905","Species","Animalia","Chordata","Appendicularia","Copelata","Oikopleuridae","Oikopleura","Appendicularian",1,
307,"Oikopleura (Vexillaria) inflata","urn:lsid:marinespecies.org:taxname:103411","Oikopleura (Vexillaria) inflata (Fenaux & Youngbluth, 1991)","Species","Animalia","Chordata","Appendicularia","Copelata","Oikopleuridae","Oikopleura","Appendicularian",1,
308,"Oikopleura (Vexillaria) labradoriensis","urn:lsid:marinespecies.org:taxname:103413","Oikopleura (Vexillaria) labradoriensis Lohmann, 1892","Species","Animalia","Chordata","Appendicularia","Copelata","Oikopleuridae","Oikopleura","Appendicularian",17,
309,"Oikopleura (Vexillaria) parva","urn:lsid:marinespecies.org:taxname:103415","Oikopleura (Vexillaria) parva Lohmann, 1896","Species","Animalia","Chordata","Appendicularia","Copelata","Oikopleuridae","Oikopleura","Appendicularian",4,
310,"Oikopleura (Vexillaria) rufescens","urn:lsid:marinespecies.org:taxname:103416","Oikopleura (Vexillaria) rufescens Fol, 1872","Species","Animalia","Chordata","Appendicularia","Copelata","Oikopleuridae","Oikopleura","Appendicularian",10,
311,"Oikopleura (Vexillaria) vanhoeffeni","urn:lsid:marinespecies.org:taxname:103417","Oikopleura (Vexillaria) vanhoeffeni Lohmann, 1896","Species","Animalia","Chordata","Appendicularia","Copelata","Oikopleuridae","Oikopleura","Appendicularian",7,
312,"Oikopleura (Vexillaria) villafrancae","urn:lsid:marinespecies.org:taxname:103418","Oikopleura (Vexillaria) villafrancae Fenaux, 1992","Species","Animalia","Chordata","Appendicularia","Copelata","Oikopleuridae","Oikopleura","Appendicularian",5,
313,"Oikopleura (Vexillaria) villafrancae indentacauda","urn:lsid:marinespecies.org:taxname:342466","Oikopleura (Vexillaria) villafrancae indentacauda Fenaux, 1992","Subspecies","Animalia","Chordata","Appendicularia","Copelata","Oikopleuridae","Oikopleura","Appendicularian",1,
316,"Stegosoma","urn:lsid:marinespecies.org:taxname:103369","Stegosoma Chun, 1887","Genus","Animalia","Chordata","Appendicularia","Copelata","Oikopleuridae","Stegosoma","Appendicularian",1,
317,"Stegosoma magnum","urn:lsid:marinespecies.org:taxname:103422","Stegosoma magnum (Langerhans, 1880)","Species","Animalia","Chordata","Appendicularia","Copelata","Oikopleuridae","Stegosoma","Appendicularian",12,53768
318,"Acartia","urn:lsid:marinespecies.org:taxname:104108","Acartia Dana, 1846","Genus","Animalia","Arthropoda","Copepoda","Calanoida","Acartiidae","Acartia","Calanoid",18,
320,"Acartia (Acanthacartia) bacorehuiensis","urn:lsid:marinespecies.org:taxname:345918","Acartia (Acanthacartia) bacorehuiensis Zamora-Sanchez & Gomez-Aguirre, 1985","Species","Animalia","Arthropoda","Copepoda","Calanoida","Acartiidae","Acartia","Calanoid",2,
321,"Acartia (Acanthacartia) bifilosa","urn:lsid:marinespecies.org:taxname:345919","Acartia (Acanthacartia) bifilosa (Giesbrecht, 1881)","Species","Animalia","Arthropoda","Copepoda","Calanoida","Acartiidae","Acartia","Calanoid",20,
322,"Acartia (Acanthacartia) bilobata","urn:lsid:marinespecies.org:taxname:345920","Acartia (Acanthacartia) bilobata Abraham, 1970","Species","Animalia","Arthropoda","Copepoda","Calanoida","Acartiidae","Acartia","Calanoid",2,
323,"Acartia (Acanthacartia) californiensis","urn:lsid:marinespecies.org:taxname:345921","Acartia (Acanthacartia) californiensis Trinast, 1976","Species","Animalia","Arthropoda","Copepoda","Calanoida","Acartiidae","Acartia","Calanoid",12,
324,"Acartia (Acanthacartia) chilkaensis","urn:lsid:marinespecies.org:taxname:345922","Acartia (Acanthacartia) chilkaensis Sewell, 1919","Species","Animalia","Arthropoda","Copepoda","Calanoida","Acartiidae","Acartia","Calanoid",2,
325,"Acartia (Acanthacartia) dweepi","urn:lsid:marinespecies.org:taxname:345932","Acartia (Acanthacartia) dweepi Haridas & Madhupratap, 1978","Species","Animalia","Arthropoda","Copepoda","Calanoida","Acartiidae","Acartia","Calanoid",2,
326,"Acartia (Acanthacartia) fossae","urn:lsid:marinespecies.org:taxname:345933","Acartia (Acanthacartia) fossae Gurney, 1927","Species","Animalia","Arthropoda","Copepoda","Calanoida","Acartiidae","Acartia","Calanoid",10,
327,"Acartia (Acanthacartia) italica","urn:lsid:marinespecies.org:taxname:345934","Acartia (Acanthacartia) italica Steuer, 1910","Species","Animalia","Arthropoda","Copepoda","Calanoida","Acartiidae","Acartia","Calanoid",4,
328,"Acartia (Acanthacartia) levequei","urn:lsid:marinespecies.org:taxname:345935","Acartia (Acanthacartia) levequei Grice, 1964","Species","Animalia","Arthropoda","Copepoda","Calanoida","Acartiidae","Acartia","Calanoid",2,
329,"Acartia (Acanthacartia) pietschmani","urn:lsid:marinespecies.org:taxname:416442","Acartia (Acanthacartia) pietschmani Pesta, 1912","Species","Animalia","Arthropoda","Copepoda","Calanoida","Acartiidae","Acartia","Calanoid",1,
330,"Acartia (Acanthacartia) plumosa","urn:lsid:marinespecies.org:taxname:345937","Acartia (Acanthacartia) plumosa Scott T., 1894","Species","Animalia","Arthropoda","Copepoda","Calanoida","Acartiidae","Acartia","Calanoid",2,
331,"Acartia (Acanthacartia) sinjiensis","urn:lsid:marinespecies.org:taxname:345940","Acartia (Acanthacartia) sinjiensis Mori, 1940","Species","Animalia","Arthropoda","Copepoda","Calanoida","Acartiidae","Acartia","Calanoid",4,
332,"Acartia (Acanthacartia) spinata","urn:lsid:marinespecies.org:taxname:416443","Acartia (Acanthacartia) spinata Esterly, 1911","Species","Animalia","Arthropoda","Copepoda","Calanoida","Acartiidae","Acartia","Calanoid",8,
333,"Acartia (Acanthacartia) steueri","urn:lsid:marinespecies.org:taxname:345942","Acartia (Acanthacartia) steueri Smirnov, 1936","Species","Animalia","Arthropoda","Copepoda","Calanoida","Acartiidae","Acartia","Calanoid",8,
334,"Acartia (Acanthacartia) tonsa","urn:lsid:marinespecies.org:taxname:345943","Acartia (Acanthacartia) tonsa Dana, 1849","Species","Animalia","Arthropoda","Copepoda","Calanoida","Acartiidae","Acartia","Calanoid",407,
335,"Acartia (Acanthacartia) tsuensis","urn:lsid:marinespecies.org:taxname:345955","Acartia (Acanthacartia) tsuensis Ito Tak, 1956","Species","Animalia","Arthropoda","Copepoda","Calanoida","Acartiidae","Acartia","Calanoid",2,
336,"Acartia (Acanthacartia) tumida","urn:lsid:marinespecies.org:taxname:346025","Acartia (Acanthacartia) tumida Willey, 1920","Species","Animalia","Arthropoda","Copepoda","Calanoida","Acartiidae","Acartia","Calanoid",8,
337,"Acartia (Acartia) danae","urn:lsid:marinespecies.org:taxname:346026","Acartia (Acartia) danae Giesbrecht, 1889","Species","Animalia","Arthropoda","Copepoda","Calanoida","Acartiidae","Acartia","Calanoid",23,
338,"Acartia (Acartia) forcipata","urn:lsid:marinespecies.org:taxname:346027","Acartia (Acartia) forcipata Thompson I.C. & Scott A., 1897 in Thompson, Scott & Herdman, 1897","Species","Animalia","Arthropoda","Copepoda","Calanoida","Acartiidae","Acartia","Calanoid",2,
339,"Acartia (Acartia) longisetosa","urn:lsid:marinespecies.org:taxname:346028","Acartia (Acartia) longisetosa Brady, 1914","Species","Animalia","Arthropoda","Copepoda","Calanoida","Acartiidae","Acartia","Calanoid",1,
340,"Acartia (Acartia) nana","urn:lsid:marinespecies.org:taxname:346029","Acartia (Acartia) nana Brady, 1914","Species","Animalia","Arthropoda","Copepoda","Calanoida","Acartiidae","Acartia","Calanoid",1,
341,"Acartia (Acartia) negligens","urn:lsid:marinespecies.org:taxname:346030","Acartia (Acartia) negligens Dana, 1849","Species","Animalia","Arthropoda","Copepoda","Calanoida","Acartiidae","Acartia","Calanoid",21,
342,"Acartia (Acartiura) bermudensis","urn:lsid:marinespecies.org:taxname:346032","Acartia (Acartiura) bermudensis Esterly, 1911","Species","Animalia","Arthropoda","Copepoda","Calanoida","Acartiidae","Acartia","Calanoid",2,
343,"Acartia (Acartiura) clausi","urn:lsid:marinespecies.org:taxname:149755","Acartia (Acartiura) clausi Giesbrecht, 1889","Species","Animalia","Arthropoda","Copepoda","Calanoida","Acartiidae","Acartia","Calanoid",449,
344,"Acartia (Acartiura) discaudata","urn:lsid:marinespecies.org:taxname:234125","Acartia (Acartiura) discaudata (Giesbrecht, 1881)","Species","Animalia","Arthropoda","Copepoda","Calanoida","Acartiidae","Acartia","Calanoid",16,
345,"Acartia (Acartiura) ensifera","urn:lsid:marinespecies.org:taxname:345716","Acartia (Acartiura) ensifera Brady, 1899","Species","Animalia","Arthropoda","Copepoda","Calanoida","Acartiidae","Acartia","Calanoid",10,
346,"Acartia (Acartiura) enzoi","urn:lsid:marinespecies.org:taxname:346033","Acartia (Acartiura) enzoi Crisafi, 1974","Species","Animalia","Arthropoda","Copepoda","Calanoida","Acartiidae","Acartia","Calanoid",2,
347,"Acartia (Acartiura) fancetti","urn:lsid:marinespecies.org:taxname:759373","Acartia (Acartiura) fancetti McKinnon, Kimmerer & Benzie, 1992","Species","Animalia","Arthropoda","Copepoda","Calanoida","Acartiidae","Acartia","Calanoid",4,
348,"Acartia (Acartiura) floridana","urn:lsid:marinespecies.org:taxname:346034","Acartia (Acartiura) floridana Davis, 1948","Species","Animalia","Arthropoda","Copepoda","Calanoida","Acartiidae","Acartia","Calanoid",2,
349,"Acartia (Acartiura) hongi","urn:lsid:marinespecies.org:taxname:346035","Acartia (Acartiura) hongi Soh & Suh, 2000","Species","Animalia","Arthropoda","Copepoda","Calanoida","Acartiidae","Acartia","Calanoid",2,
350,"Acartia (Acartiura) hudsonica","urn:lsid:marinespecies.org:taxname:149751","Acartia (Acartiura) hudsonica Pinhey, 1926","Species","Animalia","Arthropoda","Copepoda","Calanoida","Acartiidae","Acartia","Calanoid",75,
351,"Acartia (Acartiura) jilletti","urn:lsid:marinespecies.org:taxname:346036","Acartia (Acartiura) jilletti Bradford, 1976","Species","Animalia","Arthropoda","Copepoda","Calanoida","Acartiidae","Acartia","Calanoid",4,
352,"Acartia (Acartiura) longiremis","urn:lsid:marinespecies.org:taxname:346037","Acartia (Acartiura) longiremis (Lilljeborg, 1853)","Species","Animalia","Arthropoda","Copepoda","Calanoida","Acartiidae","Acartia","Calanoid",328,
353,"Acartia (Acartiura) margalefi","urn:lsid:marinespecies.org:taxname:346039","Acartia (Acartiura) margalefi Alcaraz, 1976","Species","Animalia","Arthropoda","Copepoda","Calanoida","Acartiidae","Acartia","Calanoid",4,
354,"Acartia (Acartiura) omorii","urn:lsid:marinespecies.org:taxname:149752","Acartia (Acartiura) omorii Bradford, 1976","Species","Animalia","Arthropoda","Copepoda","Calanoida","Acartiidae","Acartia","Calanoid",30,
355,"Acartia (Acartiura) simplex","urn:lsid:marinespecies.org:taxname:346040","Acartia (Acartiura) simplex Sars G.O., 1905","Species","Animalia","Arthropoda","Copepoda","Calanoida","Acartiidae","Acartia","Calanoid",10,
356,"Acartia (Acartiura) teclae","urn:lsid:marinespecies.org:taxname:346041","Acartia (Acartiura) teclae Bradford, 1976","Species","Animalia","Arthropoda","Copepoda","Calanoida","Acartiidae","Acartia","Calanoid",2,
357,"Acartia (Acartiura) tranteri","urn:lsid:marinespecies.org:taxname:346042","Acartia (Acartiura) tranteri Bradford, 1976","Species","Animalia","Arthropoda","Copepoda","Calanoida","Acartiidae","Acartia","Calanoid",59,
359,"Acartia (Euacartia) forticrusa","urn:lsid:marinespecies.org:taxname:742752","Acartia (Euacartia) forticrusa Soh, Moon, Park, Bun & Venmathi Maran, 2013","Species","Animalia","Arthropoda","Copepoda","Calanoida","Acartiidae","Acartia","Calanoid",2,
360,"Acartia (Euacartia) sarojus","urn:lsid:marinespecies.org:taxname:346044","Acartia (Euacartia) sarojus Madhupratap & Haridas, 1994","Species","Animalia","Arthropoda","Copepoda","Calanoida","Acartiidae","Acartia","Calanoid",2,
361,"Acartia (Euacartia) southwelli","urn:lsid:marinespecies.org:taxname:346045","Acartia (Euacartia) southwelli Sewell, 1914","Species","Animalia","Arthropoda","Copepoda","Calanoida","Acartiidae","Acartia","Calanoid",2,
362,"Acartia (Hypoacartia) adriatica","urn:lsid:marinespecies.org:taxname:346047","Acartia (Hypoacartia) adriatica Steuer, 1910","Species","Animalia","Arthropoda","Copepoda","Calanoida","Acartiidae","Acartia","Calanoid",4,
363,"Acartia (Hypoacartia) macropus","urn:lsid:marinespecies.org:taxname:149753","Acartia (Hypoacartia) macropus Cleve, 1900","Species","Animalia","Arthropoda","Copepoda","Calanoida","Acartiidae","Acartia","Calanoid",2,
364,"Acartia (Odontacartia) amboinensis","urn:lsid:marinespecies.org:taxname:346049","Acartia (Odontacartia) amboinensis Carl, 1907","Species","Animalia","Arthropoda","Copepoda","Calanoida","Acartiidae","Acartia","Calanoid",10,
365,"Acartia (Odontacartia) australis","urn:lsid:marinespecies.org:taxname:346050","Acartia (Odontacartia) australis Farran, 1936","Species","Animalia","Arthropoda","Copepoda","Calanoida","Acartiidae","Acartia","Calanoid",218,
366,"Acartia (Odontacartia) bispinosa","urn:lsid:marinespecies.org:taxname:346051","Acartia (Odontacartia) bispinosa Carl, 1907","Species","Animalia","Arthropoda","Copepoda","Calanoida","Acartiidae","Acartia","Calanoid",4,
367,"Acartia (Odontacartia) bowmani","urn:lsid:marinespecies.org:taxname:346052","Acartia (Odontacartia) bowmani Abraham, 1976","Species","Animalia","Arthropoda","Copepoda","Calanoida","Acartiidae","Acartia","Calanoid",2,
368,"Acartia (Odontacartia) centrura","urn:lsid:marinespecies.org:taxname:346053","Acartia (Odontacartia) centrura Giesbrecht, 1889","Species","Animalia","Arthropoda","Copepoda","Calanoida","Acartiidae","Acartia","Calanoid",4,
369,"Acartia (Odontacartia) erythraea erythraea","urn:lsid:marinespecies.org:taxname:1383454","Acartia (Odontacartia) erythraea erythraea Giesbrecht, 1889","Species","Animalia","Arthropoda","Copepoda","Calanoida","Acartiidae","Acartia","Calanoid",31,
370,"Acartia (Odontacartia) japonica","urn:lsid:marinespecies.org:taxname:346055","Acartia (Odontacartia) japonica Mori, 1940","Species","Animalia","Arthropoda","Copepoda","Calanoida","Acartiidae","Acartia","Calanoid",2,
371,"Acartia (Odontacartia) laxa","urn:lsid:marinespecies.org:taxname:759380","Acartia (Odontacartia) laxa Dana, 1849","Species","Animalia","Arthropoda","Copepoda","Calanoida","Acartiidae","Acartia","Calanoid",1,
372,"Acartia (Odontacartia) lilljeborgii","urn:lsid:marinespecies.org:taxname:346056","Acartia (Odontacartia) lilljeborgii Giesbrecht, 1889","Species","Animalia","Arthropoda","Copepoda","Calanoida","Acartiidae","Acartia","Calanoid",16,
373,"Acartia (Odontacartia) ohtsukai","urn:lsid:marinespecies.org:taxname:346058","Acartia (Odontacartia) ohtsukai Ueda & Bucklin, 2006","Species","Animalia","Arthropoda","Copepoda","Calanoida","Acartiidae","Acartia","Calanoid",2,
374,"Acartia (Odontacartia) pacifica","urn:lsid:marinespecies.org:taxname:346059","Acartia (Odontacartia) pacifica Steuer, 1915","Species","Animalia","Arthropoda","Copepoda","Calanoida","Acartiidae","Acartia","Calanoid",633,
375,"Acartia (Odontacartia) spinicauda","urn:lsid:marinespecies.org:taxname:346060","Acartia (Odontacartia) spinicauda Giesbrecht, 1889","Species","Animalia","Arthropoda","Copepoda","Calanoida","Acartiidae","Acartia","Calanoid",12,
376,"Acartia mollicula","urn:lsid:marinespecies.org:taxname:488001","Acartia mollicula Pavlova & Shmeleva, 2010","Species","Animalia","Arthropoda","Copepoda","Calanoida","Acartiidae","Acartia","Calanoid",1,
378,"Acartiella faoensis","urn:lsid:marinespecies.org:taxname:346066","Acartiella faoensis Khalaf, 1991","Species","Animalia","Arthropoda","Copepoda","Calanoida","Acartiidae","Acartiella","Calanoid",2,165887
379,"Acartiella gravelyi","urn:lsid:marinespecies.org:taxname:345328","Acartiella gravelyi Sewell, 1919","Species","Animalia","Arthropoda","Copepoda","Calanoida","Acartiidae","Acartiella","Calanoid",2,
380,"Acartiella kempi","urn:lsid:marinespecies.org:taxname:346067","Acartiella kempi Sewell, 1914","Species","Animalia","Arthropoda","Copepoda","Calanoida","Acartiidae","Acartiella","Calanoid",2,
381,"Acartiella keralensis","urn:lsid:marinespecies.org:taxname:345329","Acartiella keralensis (Wellershaus, 1969)","Species","Animalia","Arthropoda","Copepoda","Calanoida","Acartiidae","Acartiella","Calanoid",2,
382,"Acartiella major","urn:lsid:marinespecies.org:taxname:345330","Acartiella major Sewell, 1919","Species","Animalia","Arthropoda","Copepoda","Calanoida","Acartiidae","Acartiella","Calanoid",2,
383,"Acartiella minor","urn:lsid:marinespecies.org:taxname:345331","Acartiella minor Sewell, 1919","Species","Animalia","Arthropoda","Copepoda","Calanoida","Acartiidae","Acartiella","Calanoid",2,
384,"Acartiella natalensis","urn:lsid:marinespecies.org:taxname:346068","Acartiella natalensis (Connell & Grindley, 1974)","Species","Animalia","Arthropoda","Copepoda","Calanoida","Acartiidae","Acartiella","Calanoid",2,
385,"Acartiella nicolae","urn:lsid:marinespecies.org:taxname:346069","Acartiella nicolae Dussart, 1985","Species","Animalia","Arthropoda","Copepoda","Calanoida","Acartiidae","Acartiella","Calanoid",2,
386,"Acartiella sewelli","urn:lsid:marinespecies.org:taxname:759365","Acartiella sewelli Steuer, 1934","Species","Animalia","Arthropoda","Copepoda","Calanoida","Acartiidae","Acartiella","Calanoid",2,
387,"Acartiella sinensis","urn:lsid:marinespecies.org:taxname:346070","Acartiella sinensis Shen & Lee, 1963","Species","Animalia","Arthropoda","Copepoda","Calanoida","Acartiidae","Acartiella","Calanoid",2,27537
388,"Acartiella tortaniformis","urn:lsid:marinespecies.org:taxname:346071","Acartiella tortaniformis (Sewell, 1912)","Species","Animalia","Arthropoda","Copepoda","Calanoida","Acartiidae","Acartiella","Calanoid",2,
389,"Acartiidae","urn:lsid:marinespecies.org:taxname:104074","Acartiidae Sars G.O., 1903","Family","Animalia","Arthropoda","Copepoda","Calanoida","Acartiidae",,"Calanoid",2,
390,"Acrocalanus","urn:lsid:marinespecies.org:taxname:104192","Acrocalanus Giesbrecht, 1888","Genus","Animalia","Arthropoda","Copepoda","Calanoida","Paracalanidae","Acrocalanus","Calanoid",1,
391,"Acrocalanus andersoni","urn:lsid:marinespecies.org:taxname:104644","Acrocalanus andersoni Bowman, 1958","Species","Animalia","Arthropoda","Copepoda","Calanoida","Paracalanidae","Acrocalanus","Calanoid",2,28212
392,"Acrocalanus gibber","urn:lsid:marinespecies.org:taxname:104645","Acrocalanus gibber Giesbrecht, 1888","Species","Animalia","Arthropoda","Copepoda","Calanoida","Paracalanidae","Acrocalanus","Calanoid",867,28275
393,"Acrocalanus gracilis","urn:lsid:marinespecies.org:taxname:220838","Acrocalanus gracilis Giesbrecht, 1888","Species","Animalia","Arthropoda","Copepoda","Calanoida","Paracalanidae","Acrocalanus","Calanoid",10,27744
394,"Acrocalanus longicornis","urn:lsid:marinespecies.org:taxname:104646","Acrocalanus longicornis Giesbrecht, 1888","Species","Animalia","Arthropoda","Copepoda","Calanoida","Paracalanidae","Acrocalanus","Calanoid",12,28210
395,"Acrocalanus monachus","urn:lsid:marinespecies.org:taxname:220839","Acrocalanus monachus Giesbrecht, 1888","Species","Animalia","Arthropoda","Copepoda","Calanoida","Paracalanidae","Acrocalanus","Calanoid",9,28211
396,"Aetideidae","urn:lsid:marinespecies.org:taxname:104075","Aetideidae Giesbrecht, 1892","Family","Animalia","Arthropoda","Copepoda","Calanoida","Aetideidae",,"Calanoid",2,
397,"Aetideopsis","urn:lsid:marinespecies.org:taxname:104111","Aetideopsis Sars G.O., 1903","Genus","Animalia","Arthropoda","Copepoda","Calanoida","Aetideidae","Aetideopsis","Calanoid",8,
398,"Aetideopsis albatrossae","urn:lsid:marinespecies.org:taxname:346074","Aetideopsis albatrossae Shih & Maclellan, 1981","Species","Animalia","Arthropoda","Copepoda","Calanoida","Aetideidae","Aetideopsis","Calanoid",1,
399,"Aetideopsis antarctica","urn:lsid:marinespecies.org:taxname:341236","Aetideopsis antarctica (Wolfenden, 1908)","Species","Animalia","Arthropoda","Copepoda","Calanoida","Aetideidae","Aetideopsis","Calanoid",2,
400,"Aetideopsis armata","urn:lsid:marinespecies.org:taxname:104267","Aetideopsis armata (Boeck, 1872)","Species","Animalia","Arthropoda","Copepoda","Calanoida","Aetideidae","Aetideopsis","Calanoid",35,27793
401,"Aetideopsis browsei","urn:lsid:marinespecies.org:taxname:579287","Aetideopsis browsei McKinnon, Corley & Duggan, 2011","Species","Animalia","Arthropoda","Copepoda","Calanoida","Aetideidae","Aetideopsis","Calanoid",1,
402,"Aetideopsis carinata","urn:lsid:marinespecies.org:taxname:104268","Aetideopsis carinata Bradford, 1969","Species","Animalia","Arthropoda","Copepoda","Calanoida","Aetideidae","Aetideopsis","Calanoid",2,
403,"Aetideopsis cristata","urn:lsid:marinespecies.org:taxname:346075","Aetideopsis cristata Tanaka, 1957","Species","Animalia","Arthropoda","Copepoda","Calanoida","Aetideidae","Aetideopsis","Calanoid",2,
404,"Aetideopsis minor","urn:lsid:marinespecies.org:taxname:254600","Aetideopsis minor (Wolfenden, 1911)","Species","Animalia","Arthropoda","Copepoda","Calanoida","Aetideidae","Aetideopsis","Calanoid",12,27794
405,"Aetideopsis multiserrata","urn:lsid:marinespecies.org:taxname:104270","Aetideopsis multiserrata (Wolfenden, 1904)","Species","Animalia","Arthropoda","Copepoda","Calanoida","Aetideidae","Aetideopsis","Calanoid",4,29293
406,"Aetideopsis retusa","urn:lsid:marinespecies.org:taxname:221281","Aetideopsis retusa Grice & Hulsemann, 1967","Species","Animalia","Arthropoda","Copepoda","Calanoida","Aetideidae","Aetideopsis","Calanoid",2,
407,"Aetideopsis rhinoceros","urn:lsid:marinespecies.org:taxname:579286","Aetideopsis rhinoceros McKinnon, Corley & Duggan, 2011","Species","Animalia","Arthropoda","Copepoda","Calanoida","Aetideidae","Aetideopsis","Calanoid",2,
408,"Aetideopsis rostrata","urn:lsid:marinespecies.org:taxname:104272","Aetideopsis rostrata Sars G.O., 1903","Species","Animalia","Arthropoda","Copepoda","Calanoida","Aetideidae","Aetideopsis","Calanoid",34,29294
409,"Aetideopsis tumorosa","urn:lsid:marinespecies.org:taxname:341237","Aetideopsis tumorosa Bradford, 1969","Species","Animalia","Arthropoda","Copepoda","Calanoida","Aetideidae","Aetideopsis","Calanoid",2,
410,"Aetideus","urn:lsid:marinespecies.org:taxname:104112","Aetideus Brady, 1883","Genus","Animalia","Arthropoda","Copepoda","Calanoida","Aetideidae","Aetideus","Calanoid",5,
411,"Aetideus acutus","urn:lsid:marinespecies.org:taxname:104273","Aetideus acutus Farran, 1929","Species","Animalia","Arthropoda","Copepoda","Calanoida","Aetideidae","Aetideus","Calanoid",8,29297
412,"Aetideus arcuatus","urn:lsid:marinespecies.org:taxname:104274","Aetideus arcuatus (Vervoort, 1949)","Species","Animalia","Arthropoda","Copepoda","Calanoida","Aetideidae","Aetideus","Calanoid",3,
413,"Aetideus armatus","urn:lsid:marinespecies.org:taxname:104275","Aetideus armatus (Boeck, 1872)","Species","Animalia","Arthropoda","Copepoda","Calanoida","Aetideidae","Aetideus","Calanoid",26,29295
414,"Aetideus australis","urn:lsid:marinespecies.org:taxname:341238","Aetideus australis (Vervoort, 1957)","Species","Animalia","Arthropoda","Copepoda","Calanoida","Aetideidae","Aetideus","Calanoid",2,170678
415,"Aetideus bradyi","urn:lsid:marinespecies.org:taxname:341239","Aetideus bradyi Scott A., 1909","Species","Animalia","Arthropoda","Copepoda","Calanoida","Aetideidae","Aetideus","Calanoid",3,28142
416,"Aetideus divergens","urn:lsid:marinespecies.org:taxname:346076","Aetideus divergens Bradford, 1971","Species","Animalia","Arthropoda","Copepoda","Calanoida","Aetideidae","Aetideus","Calanoid",23,29299
417,"Aetideus giesbrechti","urn:lsid:marinespecies.org:taxname:104276","Aetideus giesbrechti Cleve, 1904","Species","Animalia","Arthropoda","Copepoda","Calanoida","Aetideidae","Aetideus","Calanoid",17,29298
418,"Aetideus mexicanus","urn:lsid:marinespecies.org:taxname:346077","Aetideus mexicanus Park, 1974","Species","Animalia","Arthropoda","Copepoda","Calanoida","Aetideidae","Aetideus","Calanoid",2,
419,"Aetideus pseudarmatus","urn:lsid:marinespecies.org:taxname:345717","Aetideus pseudarmatus Bradford, 1971","Species","Animalia","Arthropoda","Copepoda","Calanoida","Aetideidae","Aetideus","Calanoid",1,
420,"Aetideus truncatus","urn:lsid:marinespecies.org:taxname:346078","Aetideus truncatus Bradford, 1971","Species","Animalia","Arthropoda","Copepoda","Calanoida","Aetideidae","Aetideus","Calanoid",2,
422,"Alloiopodus pinguis","urn:lsid:marinespecies.org:taxname:346080","Alloiopodus pinguis Bradford, 1969","Species","Animalia","Arthropoda","Copepoda","Calanoida","Bathypontiidae","Alloiopodus","Calanoid",2,
423,"Amallothrix","urn:lsid:marinespecies.org:taxname:104221","Amallothrix Sars G.O., 1925","Genus","Animalia","Arthropoda","Copepoda","Calanoida","Scolecitrichidae","Amallothrix","Calanoid",3,
424,"Amallothrix aculeata","urn:lsid:marinespecies.org:taxname:356934","Amallothrix aculeata (Esterly, 1913)","Species","Animalia","Arthropoda","Copepoda","Calanoida","Scolecitrichidae","Amallothrix","Calanoid",1,29421
425,"Amallothrix arcuata","urn:lsid:marinespecies.org:taxname:104767","Amallothrix arcuata (Sars G.O., 1920)","Species","Animalia","Arthropoda","Copepoda","Calanoida","Scolecitrichidae","Amallothrix","Calanoid",3,29432
426,"Amallothrix aspinosa","urn:lsid:marinespecies.org:taxname:346083","Amallothrix aspinosa (Roe, 1975)","Species","Animalia","Arthropoda","Copepoda","Calanoida","Scolecitrichidae","Amallothrix","Calanoid",1,
427,"Amallothrix curticauda","urn:lsid:marinespecies.org:taxname:220856","Amallothrix curticauda (Scott A., 1909)","Species","Animalia","Arthropoda","Copepoda","Calanoida","Scolecitrichidae","Amallothrix","Calanoid",3,29431
428,"Amallothrix denticulata","urn:lsid:marinespecies.org:taxname:361591","Amallothrix denticulata (Tanaka, 1962)","Species","Animalia","Arthropoda","Copepoda","Calanoida","Scolecitrichidae","Amallothrix","Calanoid",1,
429,"Amallothrix dentipes","urn:lsid:marinespecies.org:taxname:341240","Amallothrix dentipes (Vervoort, 1951)","Species","Animalia","Arthropoda","Copepoda","Calanoida","Scolecitrichidae","Amallothrix","Calanoid",7,
430,"Amallothrix elephas","urn:lsid:marinespecies.org:taxname:356938","Amallothrix elephas (Esterly, 1913)","Species","Animalia","Arthropoda","Copepoda","Calanoida","Scolecitrichidae","Amallothrix","Calanoid",1,29422
431,"Amallothrix falcifer","urn:lsid:marinespecies.org:taxname:104769","Amallothrix falcifer (Farran, 1926)","Species","Animalia","Arthropoda","Copepoda","Calanoida","Scolecitrichidae","Amallothrix","Calanoid",3,29430
432,"Amallothrix farrani","urn:lsid:marinespecies.org:taxname:104770","Amallothrix farrani Rose, 1942","Species","Animalia","Arthropoda","Copepoda","Calanoida","Scolecitrichidae","Amallothrix","Calanoid",1,
433,"Amallothrix gracilis","urn:lsid:marinespecies.org:taxname:104771","Amallothrix gracilis (Sars G.O., 1905)","Species","Animalia","Arthropoda","Copepoda","Calanoida","Scolecitrichidae","Amallothrix","Calanoid",3,29429
434,"Amallothrix invenusta","urn:lsid:marinespecies.org:taxname:346084","Amallothrix invenusta Wilson C.B., 1950","Species","Animalia","Arthropoda","Copepoda","Calanoida","Scolecitrichidae","Amallothrix","Calanoid",1,
435,"Amallothrix lanceolata","urn:lsid:marinespecies.org:taxname:361592","Amallothrix lanceolata (Tanaka, 1962)","Species","Animalia","Arthropoda","Copepoda","Calanoida","Scolecitrichidae","Amallothrix","Calanoid",1,
436,"Amallothrix lobophora","urn:lsid:marinespecies.org:taxname:346086","Amallothrix lobophora (Park, 1970)","Species","Animalia","Arthropoda","Copepoda","Calanoida","Scolecitrichidae","Amallothrix","Calanoid",1,28444
437,"Amallothrix modica","urn:lsid:marinespecies.org:taxname:361593","Amallothrix modica (Tanaka, 1962)","Species","Animalia","Arthropoda","Copepoda","Calanoida","Scolecitrichidae","Amallothrix","Calanoid",1,
438,"Amallothrix mollis","urn:lsid:marinespecies.org:taxname:220864","Amallothrix mollis (Esterly, 1913)","Species","Animalia","Arthropoda","Copepoda","Calanoida","Scolecitrichidae","Amallothrix","Calanoid",1,29423
439,"Amallothrix obscura","urn:lsid:marinespecies.org:taxname:361594","Amallothrix obscura (Roe, 1975)","Species","Animalia","Arthropoda","Copepoda","Calanoida","Scolecitrichidae","Amallothrix","Calanoid",1,
440,"Amallothrix parafalcifer","urn:lsid:marinespecies.org:taxname:341256","Amallothrix parafalcifer (Park, 1980)","Species","Animalia","Arthropoda","Copepoda","Calanoida","Scolecitrichidae","Amallothrix","Calanoid",1,
441,"Amallothrix paravalida","urn:lsid:marinespecies.org:taxname:104772","Amallothrix paravalida (Brodsky, 1950)","Species","Animalia","Arthropoda","Copepoda","Calanoida","Scolecitrichidae","Amallothrix","Calanoid",3,29424
442,"Amallothrix propinqua","urn:lsid:marinespecies.org:taxname:356948","Amallothrix propinqua (Sars G.O., 1920)","Species","Animalia","Arthropoda","Copepoda","Calanoida","Scolecitrichidae","Amallothrix","Calanoid",8,29427
443,"Amallothrix pseudoarcuata","urn:lsid:marinespecies.org:taxname:104773","Amallothrix pseudoarcuata (Park, 1970)","Species","Animalia","Arthropoda","Copepoda","Calanoida","Scolecitrichidae","Amallothrix","Calanoid",1,
444,"Amallothrix pseudopropinqua","urn:lsid:marinespecies.org:taxname:345718","Amallothrix pseudopropinqua (Park, 1980)","Species","Animalia","Arthropoda","Copepoda","Calanoida","Scolecitrichidae","Amallothrix","Calanoid",2,
445,"Amallothrix robusta","urn:lsid:marinespecies.org:taxname:104774","Amallothrix robusta (Scott T., 1894)","Species","Animalia","Arthropoda","Copepoda","Calanoida","Scolecitrichidae","Amallothrix","Calanoid",2,
446,"Amallothrix sarsi","urn:lsid:marinespecies.org:taxname:104775","Amallothrix sarsi Rose, 1942","Species","Animalia","Arthropoda","Copepoda","Calanoida","Scolecitrichidae","Amallothrix","Calanoid",1,
447,"Amallothrix spinata","urn:lsid:marinespecies.org:taxname:361595","Amallothrix spinata (Tanaka, 1962)","Species","Animalia","Arthropoda","Copepoda","Calanoida","Scolecitrichidae","Amallothrix","Calanoid",1,
448,"Amallothrix tenuiserrata","urn:lsid:marinespecies.org:taxname:356949","Amallothrix tenuiserrata (Giesbrecht, 1893)","Species","Animalia","Arthropoda","Copepoda","Calanoida","Scolecitrichidae","Amallothrix","Calanoid",15,
449,"Amallothrix timida","urn:lsid:marinespecies.org:taxname:361596","Amallothrix timida (Tanaka, 1962)","Species","Animalia","Arthropoda","Copepoda","Calanoida","Scolecitrichidae","Amallothrix","Calanoid",1,
450,"Amallothrix tropica","urn:lsid:marinespecies.org:taxname:361597","Amallothrix tropica (Grice, 1962)","Species","Animalia","Arthropoda","Copepoda","Calanoida","Scolecitrichidae","Amallothrix","Calanoid",1,
451,"Amallothrix valens","urn:lsid:marinespecies.org:taxname:356950","Amallothrix valens (Farran, 1926)","Species","Animalia","Arthropoda","Copepoda","Calanoida","Scolecitrichidae","Amallothrix","Calanoid",1,29433
452,"Amallothrix valida","urn:lsid:marinespecies.org:taxname:220858","Amallothrix valida (Farran, 1908)","Species","Animalia","Arthropoda","Copepoda","Calanoida","Scolecitrichidae","Amallothrix","Calanoid",7,29425
454,"Anawekia bilobata","urn:lsid:marinespecies.org:taxname:346088","Anawekia bilobata Othman & Greenwood, 1994","Species","Animalia","Arthropoda","Copepoda","Calanoida","Diaixidae","Anawekia","Calanoid",2,
455,"Anawekia robusta","urn:lsid:marinespecies.org:taxname:346092","Anawekia robusta Othman & Greenwood, 1994","Species","Animalia","Arthropoda","Copepoda","Calanoida","Diaixidae","Anawekia","Calanoid",2,
456,"Anawekia spinosa","urn:lsid:marinespecies.org:taxname:346097","Anawekia spinosa Othman & Greenwood, 1994","Species","Animalia","Arthropoda","Copepoda","Calanoida","Diaixidae","Anawekia","Calanoid",2,
457,"Anomalocera","urn:lsid:marinespecies.org:taxname:104206","Anomalocera Templeton, 1837","Genus","Animalia","Arthropoda","Copepoda","Calanoida","Pontellidae","Anomalocera","Calanoid",1,
458,"Anomalocera opalus","urn:lsid:marinespecies.org:taxname:157665","Anomalocera opalus Pennell, 1976","Species","Animalia","Arthropoda","Copepoda","Calanoida","Pontellidae","Anomalocera","Calanoid",2,29779
459,"Anomalocera ornata","urn:lsid:marinespecies.org:taxname:346101","Anomalocera ornata Sutcliffe, 1949","Species","Animalia","Arthropoda","Copepoda","Calanoida","Pontellidae","Anomalocera","Calanoid",2,29778
460,"Anomalocera patersonii","urn:lsid:marinespecies.org:taxname:364368","Anomalocera patersonii Templeton, 1837","Species","Animalia","Arthropoda","Copepoda","Calanoida","Pontellidae","Anomalocera","Calanoid",24,
462,"Archescolecithrix auropecten","urn:lsid:marinespecies.org:taxname:104776","Archescolecithrix auropecten (Giesbrecht, 1893)","Species","Animalia","Arthropoda","Copepoda","Calanoida","Scolecitrichidae","Archescolecithrix","Calanoid",7,
464,"Archidiaptomus aroorus","urn:lsid:marinespecies.org:taxname:346105","Archidiaptomus aroorus Madhupratap & Haridas, 1978","Species","Animalia","Arthropoda","Copepoda","Calanoida","Pseudodiaptomidae","Archidiaptomus","Calanoid",2,
467,"Arctokonstantinus hardingi","urn:lsid:marinespecies.org:taxname:346111","Arctokonstantinus hardingi Markhaseva & Kosobokova, 2001","Species","Animalia","Arthropoda","Copepoda","Calanoida","Arctokonstantinidae","Arctokonstantinus","Calanoid",1,2384747
468,"Arietellidae","urn:lsid:marinespecies.org:taxname:104076","Arietellidae Sars G.O., 1902","Family","Animalia","Arthropoda","Copepoda","Calanoida","Arietellidae",,"Calanoid",2,
469,"Arietellus","urn:lsid:marinespecies.org:taxname:104130","Arietellus Giesbrecht, 1893","Genus","Animalia","Arthropoda","Copepoda","Calanoida","Arietellidae","Arietellus","Calanoid",3,
470,"Arietellus aculeatus","urn:lsid:marinespecies.org:taxname:104347","Arietellus aculeatus (Scott T., 1894)","Species","Animalia","Arthropoda","Copepoda","Calanoida","Arietellidae","Arietellus","Calanoid",13,28183
471,"Arietellus acutus","urn:lsid:marinespecies.org:taxname:346112","Arietellus acutus Heinrich, 2003","Species","Animalia","Arthropoda","Copepoda","Calanoida","Arietellidae","Arietellus","Calanoid",1,
472,"Arietellus armatus","urn:lsid:marinespecies.org:taxname:104348","Arietellus armatus Wolfenden, 1911","Species","Animalia","Arthropoda","Copepoda","Calanoida","Arietellidae","Arietellus","Calanoid",1,
473,"Arietellus bispinatus","urn:lsid:marinespecies.org:taxname:346114","Arietellus bispinatus Rose, 1929","Species","Animalia","Arthropoda","Copepoda","Calanoida","Arietellidae","Arietellus","Calanoid",1,
474,"Arietellus giesbrechti","urn:lsid:marinespecies.org:taxname:104349","Arietellus giesbrechti Sars G.O., 1905","Species","Animalia","Arthropoda","Copepoda","Calanoida","Arietellidae","Arietellus","Calanoid",4,29732
475,"Arietellus indicus","urn:lsid:marinespecies.org:taxname:346115","Arietellus indicus (Heinrich, 1995)","Species","Animalia","Arthropoda","Copepoda","Calanoida","Arietellidae","Arietellus","Calanoid",2,
476,"Arietellus minor","urn:lsid:marinespecies.org:taxname:346116","Arietellus minor Wolfenden, 1911","Species","Animalia","Arthropoda","Copepoda","Calanoida","Arietellidae","Arietellus","Calanoid",1,
477,"Arietellus mohri","urn:lsid:marinespecies.org:taxname:346117","Arietellus mohri (Björnberg T.K.S., 1975)","Species","Animalia","Arthropoda","Copepoda","Calanoida","Arietellidae","Arietellus","Calanoid",2,
478,"Arietellus pacificus","urn:lsid:marinespecies.org:taxname:346118","Arietellus pacificus Esterly, 1913","Species","Animalia","Arthropoda","Copepoda","Calanoida","Arietellidae","Arietellus","Calanoid",2,29729
479,"Arietellus pavoninus","urn:lsid:marinespecies.org:taxname:104350","Arietellus pavoninus Sars G.O., 1905","Species","Animalia","Arthropoda","Copepoda","Calanoida","Arietellidae","Arietellus","Calanoid",2,26729
480,"Arietellus plumifer","urn:lsid:marinespecies.org:taxname:104351","Arietellus plumifer Sars G.O., 1905","Species","Animalia","Arthropoda","Copepoda","Calanoida","Arietellidae","Arietellus","Calanoid",28,29734
481,"Arietellus setosus","urn:lsid:marinespecies.org:taxname:104352","Arietellus setosus Giesbrecht, 1893","Species","Animalia","Arthropoda","Copepoda","Calanoida","Arietellidae","Arietellus","Calanoid",13,29730
482,"Arietellus simplex","urn:lsid:marinespecies.org:taxname:104353","Arietellus simplex Sars G.O., 1905","Species","Animalia","Arthropoda","Copepoda","Calanoida","Arietellidae","Arietellus","Calanoid",5,29731
483,"Arietellus tripartitus","urn:lsid:marinespecies.org:taxname:346119","Arietellus tripartitus Wilson C.B., 1950","Species","Animalia","Arthropoda","Copepoda","Calanoida","Arietellidae","Arietellus","Calanoid",1,
484,"Arietellus unisetosus","urn:lsid:marinespecies.org:taxname:346120","Arietellus unisetosus Lian & Qian, 1997","Species","Animalia","Arthropoda","Copepoda","Calanoida","Arietellidae","Arietellus","Calanoid",1,
485,"Augaptilidae","urn:lsid:marinespecies.org:taxname:104077","Augaptilidae Sars G.O., 1905","Family","Animalia","Arthropoda","Copepoda","Calanoida","Augaptilidae",,"Calanoid",4,
487,"Augaptilina scopifera","urn:lsid:marinespecies.org:taxname:104369","Augaptilina scopifera Sars G.O., 1920","Species","Animalia","Arthropoda","Copepoda","Calanoida","Augaptilidae","Augaptilina","Calanoid",2,26728
488,"Augaptilus","urn:lsid:marinespecies.org:taxname:104137","Augaptilus Giesbrecht, 1889","Genus","Animalia","Arthropoda","Copepoda","Calanoida","Augaptilidae","Augaptilus","Calanoid",1,
489,"Augaptilus anceps","urn:lsid:marinespecies.org:taxname:104370","Augaptilus anceps Farran, 1908","Species","Animalia","Arthropoda","Copepoda","Calanoida","Augaptilidae","Augaptilus","Calanoid",2,26413
490,"Augaptilus cornutus","urn:lsid:marinespecies.org:taxname:104371","Augaptilus cornutus Wolfenden, 1911","Species","Animalia","Arthropoda","Copepoda","Calanoida","Augaptilidae","Augaptilus","Calanoid",3,29610
491,"Augaptilus glacialis","urn:lsid:marinespecies.org:taxname:104372","Augaptilus glacialis Sars G.O., 1900","Species","Animalia","Arthropoda","Copepoda","Calanoida","Augaptilidae","Augaptilus","Calanoid",20,29612
492,"Augaptilus lamellifer","urn:lsid:marinespecies.org:taxname:346122","Augaptilus lamellifer Esterly, 1911","Species","Animalia","Arthropoda","Copepoda","Calanoida","Augaptilidae","Augaptilus","Calanoid",1,29613
493,"Augaptilus longicaudatus","urn:lsid:marinespecies.org:taxname:104373","Augaptilus longicaudatus (Claus, 1863)","Species","Animalia","Arthropoda","Copepoda","Calanoida","Augaptilidae","Augaptilus","Calanoid",17,29614
494,"Augaptilus megalurus","urn:lsid:marinespecies.org:taxname:104374","Augaptilus megalurus Giesbrecht, 1889","Species","Animalia","Arthropoda","Copepoda","Calanoida","Augaptilidae","Augaptilus","Calanoid",4,29615
495,"Augaptilus spinifrons","urn:lsid:marinespecies.org:taxname:104375","Augaptilus spinifrons Sars G.O., 1907","Species","Animalia","Arthropoda","Copepoda","Calanoida","Augaptilidae","Augaptilus","Calanoid",7,26414
496,"Azygokeras","urn:lsid:marinespecies.org:taxname:346125","Azygokeras Koeller & Littlepage, 1976","Genus","Animalia","Arthropoda","Copepoda","Calanoida","Aetideidae","Azygokeras","Calanoid",1,
497,"Azygokeras columbiae","urn:lsid:marinespecies.org:taxname:346126","Azygokeras columbiae Koeller & Littlepage, 1976","Species","Animalia","Arthropoda","Copepoda","Calanoida","Aetideidae","Azygokeras","Calanoid",3,28143
499,"Azygonectes intermedius","urn:lsid:marinespecies.org:taxname:346128","Azygonectes intermedius Fosshagen & Iliffe, 2004","Species","Animalia","Arthropoda","Copepoda","Calanoida","Epacteriscidae","Azygonectes","Calanoid",1,
500,"Azygonectes plumosus","urn:lsid:marinespecies.org:taxname:346129","Azygonectes plumosus Fosshagen & Iliffe, 2007","Species","Animalia","Arthropoda","Copepoda","Calanoida","Epacteriscidae","Azygonectes","Calanoid",2,
502,"Badijella jalzici","urn:lsid:marinespecies.org:taxname:346137","Badijella jalzici Krsinic, 2005","Species","Animalia","Arthropoda","Copepoda","Calanoida","Pseudocyclopidae","Badijella","Calanoid",2,
504,"Balinella ornata","urn:lsid:marinespecies.org:taxname:346141","Balinella ornata Fosshagen, Boxshall & Iliffe, 2001","Species","Animalia","Arthropoda","Copepoda","Calanoida","Epacteriscidae","Balinella","Calanoid",2,
506,"Batheuchaeta anomala","urn:lsid:marinespecies.org:taxname:346142","Batheuchaeta anomala Markhaseva, 1981","Species","Animalia","Arthropoda","Copepoda","Calanoida","Aetideidae","Batheuchaeta","Calanoid",2,
507,"Batheuchaeta antarctica","urn:lsid:marinespecies.org:taxname:341257","Batheuchaeta antarctica Markhaseva, 1986","Species","Animalia","Arthropoda","Copepoda","Calanoida","Aetideidae","Batheuchaeta","Calanoid",1,
508,"Batheuchaeta enormis","urn:lsid:marinespecies.org:taxname:346143","Batheuchaeta enormis Grice & Hulsemann, 1968","Species","Animalia","Arthropoda","Copepoda","Calanoida","Aetideidae","Batheuchaeta","Calanoid",1,
509,"Batheuchaeta gurjanovae","urn:lsid:marinespecies.org:taxname:346144","Batheuchaeta gurjanovae (Brodsky, 1955)","Species","Animalia","Arthropoda","Copepoda","Calanoida","Aetideidae","Batheuchaeta","Calanoid",2,
510,"Batheuchaeta heptneri","urn:lsid:marinespecies.org:taxname:346145","Batheuchaeta heptneri Markhaseva, 1981","Species","Animalia","Arthropoda","Copepoda","Calanoida","Aetideidae","Batheuchaeta","Calanoid",1,
511,"Batheuchaeta lamellata","urn:lsid:marinespecies.org:taxname:104277","Batheuchaeta lamellata Brodsky, 1950","Species","Animalia","Arthropoda","Copepoda","Calanoida","Aetideidae","Batheuchaeta","Calanoid",2,29300
512,"Batheuchaeta peculiaris","urn:lsid:marinespecies.org:taxname:341258","Batheuchaeta peculiaris Markhaseva, 1983","Species","Animalia","Arthropoda","Copepoda","Calanoida","Aetideidae","Batheuchaeta","Calanoid",2,
513,"Batheuchaeta pubescens","urn:lsid:marinespecies.org:taxname:341259","Batheuchaeta pubescens Markhaseva, 1986","Species","Animalia","Arthropoda","Copepoda","Calanoida","Aetideidae","Batheuchaeta","Calanoid",1,
514,"Batheuchaeta tuberculata","urn:lsid:marinespecies.org:taxname:346146","Batheuchaeta tuberculata Markhaseva, 1986","Species","Animalia","Arthropoda","Copepoda","Calanoida","Aetideidae","Batheuchaeta","Calanoid",1,
515,"Bathycalanus","urn:lsid:marinespecies.org:taxname:104185","Bathycalanus Sars G.O., 1905","Genus","Animalia","Arthropoda","Copepoda","Calanoida","Megacalanidae","Bathycalanus","Calanoid",2,
516,"Bathycalanus bradyi","urn:lsid:marinespecies.org:taxname:104617","Bathycalanus bradyi (Wolfenden, 1905)","Species","Animalia","Arthropoda","Copepoda","Calanoida","Megacalanidae","Bathycalanus","Calanoid",7,29194
517,"Bathycalanus eximius","urn:lsid:marinespecies.org:taxname:104618","Bathycalanus eximius Markhaseva, in Brodsky, Vyshkvartseva, Kos & Markhaseva, 1983","Species","Animalia","Arthropoda","Copepoda","Calanoida","Megacalanidae","Bathycalanus","Calanoid",1,
518,"Bathycalanus richardi","urn:lsid:marinespecies.org:taxname:104620","Bathycalanus richardi Sars G.O., 1905","Species","Animalia","Arthropoda","Copepoda","Calanoida","Megacalanidae","Bathycalanus","Calanoid",12,29195
519,"Bathycalanus unicornis","urn:lsid:marinespecies.org:taxname:346147","Bathycalanus unicornis Björnberg T.K.S., 1968","Species","Animalia","Arthropoda","Copepoda","Calanoida","Megacalanidae","Bathycalanus","Calanoid",1,
520,"Bathypontiidae","urn:lsid:marinespecies.org:taxname:104078","Bathypontiidae Brodsky, 1950","Family","Animalia","Arthropoda","Copepoda","Calanoida","Bathypontiidae",,"Calanoid",2,
521,"Bestiolina","urn:lsid:marinespecies.org:taxname:346148","Bestiolina Andronov, 1991","Genus","Animalia","Arthropoda","Copepoda","Calanoida","Paracalanidae","Bestiolina","Calanoid",1,
522,"Bestiolina amoyensis","urn:lsid:marinespecies.org:taxname:346149","Bestiolina amoyensis (Li & Huang, 1984)","Species","Animalia","Arthropoda","Copepoda","Calanoida","Paracalanidae","Bestiolina","Calanoid",2,172336
523,"Bestiolina arabica","urn:lsid:marinespecies.org:taxname:346150","Bestiolina arabica Ali, Al-Yamani & Prusova, 2007","Species","Animalia","Arthropoda","Copepoda","Calanoida","Paracalanidae","Bestiolina","Calanoid",2,165879
524,"Bestiolina coreana","urn:lsid:marinespecies.org:taxname:479139","Bestiolina coreana Moon, Lee & Soh, 2010","Species","Animalia","Arthropoda","Copepoda","Calanoida","Paracalanidae","Bestiolina","Calanoid",2,
525,"Bestiolina inermis","urn:lsid:marinespecies.org:taxname:346151","Bestiolina inermis (Sewell, 1912)","Species","Animalia","Arthropoda","Copepoda","Calanoida","Paracalanidae","Bestiolina","Calanoid",2,
526,"Bestiolina similis","urn:lsid:marinespecies.org:taxname:346152","Bestiolina similis (Sewell, 1914)","Species","Animalia","Arthropoda","Copepoda","Calanoida","Paracalanidae","Bestiolina","Calanoid",7,
527,"Bestiolina sinica","urn:lsid:marinespecies.org:taxname:346153","Bestiolina sinica (Shen & Lee, 1966)","Species","Animalia","Arthropoda","Copepoda","Calanoida","Paracalanidae","Bestiolina","Calanoid",2,
528,"Bestiolina zeylonica","urn:lsid:marinespecies.org:taxname:346154","Bestiolina zeylonica (Andronov, 1972)","Species","Animalia","Arthropoda","Copepoda","Calanoida","Paracalanidae","Bestiolina","Calanoid",2,
530,"Bofuriella paravorata","urn:lsid:marinespecies.org:taxname:346156","Bofuriella paravorata Fosshagen & Iliffe, 2007","Species","Animalia","Arthropoda","Copepoda","Calanoida","Epacteriscidae","Bofuriella","Calanoid",2,
531,"Bofuriella spinosa","urn:lsid:marinespecies.org:taxname:346157","Bofuriella spinosa Fosshagen & Iliffe, 2007","Species","Animalia","Arthropoda","Copepoda","Calanoida","Epacteriscidae","Bofuriella","Calanoid",1,
532,"Bofuriella vorata","urn:lsid:marinespecies.org:taxname:346158","Bofuriella vorata Fosshagen, Boxshall & Iliffe, 2001","Species","Animalia","Arthropoda","Copepoda","Calanoida","Epacteriscidae","Bofuriella","Calanoid",2,
534,"Boholina crassicephala","urn:lsid:marinespecies.org:taxname:346160","Boholina crassicephala Fosshagen, in Fosshagen & Iliffe, 1989","Species","Animalia","Arthropoda","Copepoda","Calanoida","Pseudocyclopidae","Boholina","Calanoid",2,167918
535,"Boholina munaensis","urn:lsid:marinespecies.org:taxname:593288","Boholina munaensis Boxshall & Jaume, 2012","Species","Animalia","Arthropoda","Copepoda","Calanoida","Pseudocyclopidae","Boholina","Calanoid",2,
536,"Boholina parapurgata","urn:lsid:marinespecies.org:taxname:593287","Boholina parapurgata Boxshall & Jaume, 2012","Species","Animalia","Arthropoda","Copepoda","Calanoida","Pseudocyclopidae","Boholina","Calanoid",2,
537,"Boholina purgata","urn:lsid:marinespecies.org:taxname:346161","Boholina purgata Fosshagen, in Fosshagen & Iliffe, 1989","Species","Animalia","Arthropoda","Copepoda","Calanoida","Pseudocyclopidae","Boholina","Calanoid",2,167931
539,"Bomburiella gigas","urn:lsid:marinespecies.org:taxname:346163","Bomburiella gigas Fosshagen, Boxshall & Iliffe, 2001","Species","Animalia","Arthropoda","Copepoda","Calanoida","Epacteriscidae","Bomburiella","Calanoid",2,
540,"Brachycalanus","urn:lsid:marinespecies.org:taxname:104198","Brachycalanus Farran, 1905","Genus","Animalia","Arthropoda","Copepoda","Calanoida","Phaennidae","Brachycalanus","Calanoid",1,
541,"Brachycalanus antarcticus","urn:lsid:marinespecies.org:taxname:341262","Brachycalanus antarcticus Schulz, 2005","Species","Animalia","Arthropoda","Copepoda","Calanoida","Phaennidae","Brachycalanus","Calanoid",1,
542,"Brachycalanus atlanticus","urn:lsid:marinespecies.org:taxname:104687","Brachycalanus atlanticus (Wolfenden, 1904)","Species","Animalia","Arthropoda","Copepoda","Calanoida","Phaennidae","Brachycalanus","Calanoid",4,28234
543,"Brachycalanus bjornbergae","urn:lsid:marinespecies.org:taxname:346164","Brachycalanus bjornbergae Campaner, 1978","Species","Animalia","Arthropoda","Copepoda","Calanoida","Phaennidae","Brachycalanus","Calanoid",1,
544,"Brachycalanus brodskyi","urn:lsid:marinespecies.org:taxname:346165","Brachycalanus brodskyi Ferrari F.D. & Markhaseva, 2000","Species","Animalia","Arthropoda","Copepoda","Calanoida","Phaennidae","Brachycalanus","Calanoid",1,
545,"Brachycalanus flemingeri","urn:lsid:marinespecies.org:taxname:346166","Brachycalanus flemingeri Ferrari F.D. & Markhaseva, 2000","Species","Animalia","Arthropoda","Copepoda","Calanoida","Phaennidae","Brachycalanus","Calanoid",1,28235
546,"Brachycalanus minutus","urn:lsid:marinespecies.org:taxname:346167","Brachycalanus minutus Grice, 1973","Species","Animalia","Arthropoda","Copepoda","Calanoida","Phaennidae","Brachycalanus","Calanoid",2,28236
547,"Brachycalanus ordinarius","urn:lsid:marinespecies.org:taxname:346168","Brachycalanus ordinarius (Grice, 1973)","Species","Animalia","Arthropoda","Copepoda","Calanoida","Phaennidae","Brachycalanus","Calanoid",1,28237
548,"Brachycalanus rothlisbergi","urn:lsid:marinespecies.org:taxname:346169","Brachycalanus rothlisbergi Othman & Greenwood, 1988","Species","Animalia","Arthropoda","Copepoda","Calanoida","Phaennidae","Brachycalanus","Calanoid",1,
550,"Bradfordiella fowleri","urn:lsid:marinespecies.org:taxname:362457","Bradfordiella fowleri (Farran, 1926)","Species","Animalia","Arthropoda","Copepoda","Calanoida","Scolecitrichidae","Bradfordiella","Calanoid",3,
551,"Bradfordiella kurchatovi","urn:lsid:marinespecies.org:taxname:362458","Bradfordiella kurchatovi Andronov, 2007","Species","Animalia","Arthropoda","Copepoda","Calanoida","Scolecitrichidae","Bradfordiella","Calanoid",1,
553,"Bradycalanus gigas","urn:lsid:marinespecies.org:taxname:221274","Bradycalanus gigas Sewell, 1947","Species","Animalia","Arthropoda","Copepoda","Calanoida","Megacalanidae","Bradycalanus","Calanoid",1,
554,"Bradycalanus typicus","urn:lsid:marinespecies.org:taxname:221275","Bradycalanus typicus Scott A., 1909","Species","Animalia","Arthropoda","Copepoda","Calanoida","Megacalanidae","Bradycalanus","Calanoid",2,28586
556,"Bradyetes curvicornis","urn:lsid:marinespecies.org:taxname:342428","Bradyetes curvicornis Markhaseva & Schulz, 2006","Species","Animalia","Arthropoda","Copepoda","Calanoida","Aetideidae","Bradyetes","Calanoid",1,
557,"Bradyetes florens","urn:lsid:marinespecies.org:taxname:221282","Bradyetes florens Grice & Hulsemann, 1967","Species","Animalia","Arthropoda","Copepoda","Calanoida","Aetideidae","Bradyetes","Calanoid",1,
558,"Bradyetes inermis","urn:lsid:marinespecies.org:taxname:104279","Bradyetes inermis Farran, 1905","Species","Animalia","Arthropoda","Copepoda","Calanoida","Aetideidae","Bradyetes","Calanoid",4,29211
559,"Bradyetes matthei","urn:lsid:marinespecies.org:taxname:104280","Bradyetes matthei Johannessen, 1976","Species","Animalia","Arthropoda","Copepoda","Calanoida","Aetideidae","Bradyetes","Calanoid",2,
560,"Bradyetes pacificus","urn:lsid:marinespecies.org:taxname:346170","Bradyetes pacificus Ohtsuka, Boxshall & Shimomura, 2005","Species","Animalia","Arthropoda","Copepoda","Calanoida","Aetideidae","Bradyetes","Calanoid",1,
561,"Bradyetes weddellanus","urn:lsid:marinespecies.org:taxname:342429","Bradyetes weddellanus Markhaseva & Schulz, 2006","Species","Animalia","Arthropoda","Copepoda","Calanoida","Aetideidae","Bradyetes","Calanoid",1,
562,"Bradyidius","urn:lsid:marinespecies.org:taxname:104115","Bradyidius Giesbrecht, 1897","Genus","Animalia","Arthropoda","Copepoda","Calanoida","Aetideidae","Bradyidius","Calanoid",3,
563,"Bradyidius angustus","urn:lsid:marinespecies.org:taxname:346171","Bradyidius angustus (Tanaka, 1957)","Species","Animalia","Arthropoda","Copepoda","Calanoida","Aetideidae","Bradyidius","Calanoid",1,
564,"Bradyidius armatus","urn:lsid:marinespecies.org:taxname:146735","Bradyidius armatus (Vanhöffen, 1897)","Species","Animalia","Arthropoda","Copepoda","Calanoida","Aetideidae","Bradyidius","Calanoid",13,
565,"Bradyidius arnoldi","urn:lsid:marinespecies.org:taxname:346172","Bradyidius arnoldi Fleminger, 1957","Species","Animalia","Arthropoda","Copepoda","Calanoida","Aetideidae","Bradyidius","Calanoid",2,29303
566,"Bradyidius capax","urn:lsid:marinespecies.org:taxname:346173","Bradyidius capax Bradford-Grieve, 2003","Species","Animalia","Arthropoda","Copepoda","Calanoida","Aetideidae","Bradyidius","Calanoid",1,
567,"Bradyidius curtus","urn:lsid:marinespecies.org:taxname:346174","Bradyidius curtus Markhaseva, 1993","Species","Animalia","Arthropoda","Copepoda","Calanoida","Aetideidae","Bradyidius","Calanoid",1,
568,"Bradyidius hirsutus","urn:lsid:marinespecies.org:taxname:346175","Bradyidius hirsutus Bradford, 1976","Species","Animalia","Arthropoda","Copepoda","Calanoida","Aetideidae","Bradyidius","Calanoid",2,
569,"Bradyidius luluae","urn:lsid:marinespecies.org:taxname:104282","Bradyidius luluae Grice, 1973","Species","Animalia","Arthropoda","Copepoda","Calanoida","Aetideidae","Bradyidius","Calanoid",2,28144
570,"Bradyidius pacificus","urn:lsid:marinespecies.org:taxname:346176","Bradyidius pacificus (Brodsky, 1950)","Species","Animalia","Arthropoda","Copepoda","Calanoida","Aetideidae","Bradyidius","Calanoid",4,28402
571,"Bradyidius plinioi","urn:lsid:marinespecies.org:taxname:346177","Bradyidius plinioi Campaner, 1978","Species","Animalia","Arthropoda","Copepoda","Calanoida","Aetideidae","Bradyidius","Calanoid",2,
572,"Bradyidius rakuma","urn:lsid:marinespecies.org:taxname:346178","Bradyidius rakuma (Zvereva, 1977)","Species","Animalia","Arthropoda","Copepoda","Calanoida","Aetideidae","Bradyidius","Calanoid",1,
573,"Bradyidius saanichi","urn:lsid:marinespecies.org:taxname:346179","Bradyidius saanichi Park, 1966","Species","Animalia","Arthropoda","Copepoda","Calanoida","Aetideidae","Bradyidius","Calanoid",5,29301
574,"Bradyidius similis","urn:lsid:marinespecies.org:taxname:104283","Bradyidius similis (Sars G.O., 1902)","Species","Animalia","Arthropoda","Copepoda","Calanoida","Aetideidae","Bradyidius","Calanoid",17,29302
575,"Bradyidius spinifer","urn:lsid:marinespecies.org:taxname:346180","Bradyidius spinifer Bradford, 1969","Species","Animalia","Arthropoda","Copepoda","Calanoida","Aetideidae","Bradyidius","Calanoid",2,
576,"Bradyidius styliformis","urn:lsid:marinespecies.org:taxname:346181","Bradyidius styliformis Othman & Greenwood, 1987","Species","Animalia","Arthropoda","Copepoda","Calanoida","Aetideidae","Bradyidius","Calanoid",2,
577,"Bradyidius subarmatus","urn:lsid:marinespecies.org:taxname:346182","Bradyidius subarmatus Markhaseva, 1993","Species","Animalia","Arthropoda","Copepoda","Calanoida","Aetideidae","Bradyidius","Calanoid",2,
578,"Bradyidius tropicus","urn:lsid:marinespecies.org:taxname:346183","Bradyidius tropicus (Wolfenden, 1905)","Species","Animalia","Arthropoda","Copepoda","Calanoida","Aetideidae","Bradyidius","Calanoid",2,
580,"Brattstromia longicaudata","urn:lsid:marinespecies.org:taxname:346185","Brattstromia longicaudata Fosshagen, in Fosshagen & Iliffe, 1991","Species","Animalia","Arthropoda","Copepoda","Calanoida","Pseudocyclopidae","Brattstromia","Calanoid",2,
581,"Brodskius","urn:lsid:marinespecies.org:taxname:342430","Brodskius Markhaseva & Ferrari, 2005","Genus","Animalia","Arthropoda","Copepoda","Calanoida","Scolecitrichidae","Brodskius","Calanoid",1,
582,"Brodskius abyssalis","urn:lsid:marinespecies.org:taxname:342431","Brodskius abyssalis Markhaseva & Schulz, 2007","Species","Animalia","Arthropoda","Copepoda","Calanoida","Scolecitrichidae","Brodskius","Calanoid",1,2384774
583,"Brodskius arcticus","urn:lsid:marinespecies.org:taxname:567897","Brodskius arcticus Andronov & Kosobokova, 2011","Species","Animalia","Arthropoda","Copepoda","Calanoida","Scolecitrichidae","Brodskius","Calanoid",1,
584,"Brodskius benthopelagicus","urn:lsid:marinespecies.org:taxname:346186","Brodskius benthopelagicus Markhaseva & Ferrari, 2005","Species","Animalia","Arthropoda","Copepoda","Calanoida","Scolecitrichidae","Brodskius","Calanoid",1,
585,"Brodskius confusus","urn:lsid:marinespecies.org:taxname:346187","Brodskius confusus Markhaseva & Ferrari, 2005","Species","Animalia","Arthropoda","Copepoda","Calanoida","Scolecitrichidae","Brodskius","Calanoid",1,
586,"Brodskius paululus","urn:lsid:marinespecies.org:taxname:346188","Brodskius paululus (Park, 1970)","Species","Animalia","Arthropoda","Copepoda","Calanoida","Scolecitrichidae","Brodskius","Calanoid",2,
587,"Brodskius robustipes","urn:lsid:marinespecies.org:taxname:346189","Brodskius robustipes (Grice & Hulsemann, 1965)","Species","Animalia","Arthropoda","Copepoda","Calanoida","Scolecitrichidae","Brodskius","Calanoid",1,
589,"Bunderia misophaga","urn:lsid:marinespecies.org:taxname:346192","Bunderia misophaga Jaume & Humphreys, 2001","Species","Animalia","Arthropoda","Copepoda","Calanoida","Epacteriscidae","Bunderia","Calanoid",2,
590,"Byrathis","urn:lsid:marinespecies.org:taxname:342432","Byrathis Markhaseva & Ferrari, 2005","Genus","Animalia","Arthropoda","Copepoda","Calanoida","Scolecitrichidae","Byrathis","Calanoid",1,
591,"Byrathis arnei","urn:lsid:marinespecies.org:taxname:342433","Byrathis arnei Schulz, 2006","Species","Animalia","Arthropoda","Copepoda","Calanoida","Scolecitrichidae","Byrathis","Calanoid",2,2384782
592,"Byrathis divae","urn:lsid:marinespecies.org:taxname:577253","Byrathis divae Markhaseva & Renz, 2011","Species","Animalia","Arthropoda","Copepoda","Calanoida","Scolecitrichidae","Byrathis","Calanoid",1,
593,"Byrathis laptevorum","urn:lsid:marinespecies.org:taxname:720271","Byrathis laptevorum (Markhaseva, 1998)","Species","Animalia","Arthropoda","Copepoda","Calanoida","Scolecitrichidae","Byrathis","Calanoid",1,
594,"Byrathis laurenae","urn:lsid:marinespecies.org:taxname:346193","Byrathis laurenae Markhaseva & Ferrari, 2005","Species","Animalia","Arthropoda","Copepoda","Calanoida","Scolecitrichidae","Byrathis","Calanoid",1,
595,"Byrathis macrocephalon","urn:lsid:marinespecies.org:taxname:346194","Byrathis macrocephalon (Grice & Hulsemann, 1970)","Species","Animalia","Arthropoda","Copepoda","Calanoida","Scolecitrichidae","Byrathis","Calanoid",1,
596,"Byrathis penicillatus","urn:lsid:marinespecies.org:taxname:577254","Byrathis penicillatus Markhaseva & Renz, 2011","Species","Animalia","Arthropoda","Copepoda","Calanoida","Scolecitrichidae","Byrathis","Calanoid",1,
597,"Byrathis volcani","urn:lsid:marinespecies.org:taxname:346195","Byrathis volcani Markhaseva & Ferrari, 2005","Species","Animalia","Arthropoda","Copepoda","Calanoida","Scolecitrichidae","Byrathis","Calanoid",1,
599,"Caiconectes antiquus","urn:lsid:marinespecies.org:taxname:346197","Caiconectes antiquus Fosshagen & Iliffe, 2007","Species","Animalia","Arthropoda","Copepoda","Calanoida","Epacteriscidae","Caiconectes","Calanoid",2,
600,"Calanidae","urn:lsid:marinespecies.org:taxname:104079","Calanidae Dana, 1849","Family","Animalia","Arthropoda","Copepoda","Calanoida","Calanidae",,"Calanoid",3,
603,"Calanoides acutus","urn:lsid:marinespecies.org:taxname:342434","Calanoides acutus (Giesbrecht, 1902)","Species","Animalia","Arthropoda","Copepoda","Calanoida","Calanidae","Calanoides","Calanoid",328,27796
604,"Calanoides brevicornis","urn:lsid:marinespecies.org:taxname:357533","Calanoides brevicornis (Lubbock, 1856)","Species","Animalia","Arthropoda","Copepoda","Calanoida","Calanidae","Calanoides","Calanoid",25,29204
605,"Calanoides carinatus","urn:lsid:marinespecies.org:taxname:104462","Calanoides carinatus (Krøyer, 1849)","Species","Animalia","Arthropoda","Copepoda","Calanoida","Calanidae","Calanoides","Calanoid",90,29208
606,"Calanoides patagoniensis","urn:lsid:marinespecies.org:taxname:345759","Calanoides patagoniensis Brady, 1883","Species","Animalia","Arthropoda","Copepoda","Calanoida","Calanidae","Calanoides","Calanoid",2,
607,"Calanoides philippinensis","urn:lsid:marinespecies.org:taxname:346198","Calanoides philippinensis Kitou & Tanaka, 1969","Species","Animalia","Arthropoda","Copepoda","Calanoida","Calanidae","Calanoides","Calanoid",2,
608,"Calanopia","urn:lsid:marinespecies.org:taxname:104207","Calanopia Dana, 1852-1853","Genus","Animalia","Arthropoda","Copepoda","Calanoida","Pontellidae","Calanopia","Calanoid",3,
609,"Calanopia americana","urn:lsid:marinespecies.org:taxname:104723","Calanopia americana Dahl F., 1894","Species","Animalia","Arthropoda","Copepoda","Calanoida","Pontellidae","Calanopia","Calanoid",12,29780
610,"Calanopia asymmetrica","urn:lsid:marinespecies.org:taxname:346199","Calanopia asymmetrica Mulyadi & Ueda, 1996","Species","Animalia","Arthropoda","Copepoda","Calanoida","Pontellidae","Calanopia","Calanoid",2,
611,"Calanopia aurivilli","urn:lsid:marinespecies.org:taxname:346200","Calanopia aurivilli Cleve, 1901","Species","Animalia","Arthropoda","Copepoda","Calanoida","Pontellidae","Calanopia","Calanoid",10,
612,"Calanopia australica","urn:lsid:marinespecies.org:taxname:346201","Calanopia australica Bayly & Greenwood, 1966","Species","Animalia","Arthropoda","Copepoda","Calanoida","Pontellidae","Calanopia","Calanoid",4,
613,"Calanopia biloba","urn:lsid:marinespecies.org:taxname:346202","Calanopia biloba Bowman, 1957","Species","Animalia","Arthropoda","Copepoda","Calanoida","Pontellidae","Calanopia","Calanoid",2,
614,"Calanopia elliptica","urn:lsid:marinespecies.org:taxname:104724","Calanopia elliptica (Dana, 1849)","Species","Animalia","Arthropoda","Copepoda","Calanoida","Pontellidae","Calanopia","Calanoid",1398,27714
615,"Calanopia herdmani","urn:lsid:marinespecies.org:taxname:346203","Calanopia herdmani Scott A., 1909","Species","Animalia","Arthropoda","Copepoda","Calanoida","Pontellidae","Calanopia","Calanoid",2,
616,"Calanopia kideysi","urn:lsid:marinespecies.org:taxname:346204","Calanopia kideysi Ünal & Shmeleva, 2002","Species","Animalia","Arthropoda","Copepoda","Calanoida","Pontellidae","Calanopia","Calanoid",1,
617,"Calanopia levantina","urn:lsid:marinespecies.org:taxname:346205","Calanopia levantina Uysal & Shmeleva, 2004","Species","Animalia","Arthropoda","Copepoda","Calanoida","Pontellidae","Calanopia","Calanoid",2,
618,"Calanopia media","urn:lsid:marinespecies.org:taxname:104725","Calanopia media Gurney, 1927","Species","Animalia","Arthropoda","Copepoda","Calanoida","Pontellidae","Calanopia","Calanoid",2,
619,"Calanopia metu","urn:lsid:marinespecies.org:taxname:346206","Calanopia metu Uysal & Shmeleva, 2004","Species","Animalia","Arthropoda","Copepoda","Calanoida","Pontellidae","Calanopia","Calanoid",1,
620,"Calanopia minor","urn:lsid:marinespecies.org:taxname:220919","Calanopia minor Scott A., 1902","Species","Animalia","Arthropoda","Copepoda","Calanoida","Pontellidae","Calanopia","Calanoid",10,103282
621,"Calanopia sarsi","urn:lsid:marinespecies.org:taxname:346207","Calanopia sarsi Wilson C.B., 1950","Species","Animalia","Arthropoda","Copepoda","Calanoida","Pontellidae","Calanopia","Calanoid",2,
622,"Calanopia sewelli","urn:lsid:marinespecies.org:taxname:346208","Calanopia sewelli Jones E.C. & Park, 1967","Species","Animalia","Arthropoda","Copepoda","Calanoida","Pontellidae","Calanopia","Calanoid",2,
623,"Calanopia seymouri","urn:lsid:marinespecies.org:taxname:346209","Calanopia seymouri Pillai P.P., 1969","Species","Animalia","Arthropoda","Copepoda","Calanoida","Pontellidae","Calanopia","Calanoid",2,
624,"Calanopia thompsoni","urn:lsid:marinespecies.org:taxname:346210","Calanopia thompsoni Scott A., 1909","Species","Animalia","Arthropoda","Copepoda","Calanoida","Pontellidae","Calanopia","Calanoid",18,80283
625,"Calanus","urn:lsid:marinespecies.org:taxname:104152","Calanus Leach, 1816","Genus","Animalia","Arthropoda","Copepoda","Calanoida","Calanidae","Calanus","Calanoid",15,
626,"Calanus agulhensis","urn:lsid:marinespecies.org:taxname:346211","Calanus agulhensis De Decker, Kaczmaruk & Marska, 1991","Species","Animalia","Arthropoda","Copepoda","Calanoida","Calanidae","Calanus","Calanoid",28,155007
627,"Calanus australis australis","urn:lsid:marinespecies.org:taxname:716449","Calanus australis australis Brodsky, 1959","Species","Animalia","Arthropoda","Copepoda","Calanoida","Calanidae","Calanus","Calanoid",39,
628,"Calanus chilensis","urn:lsid:marinespecies.org:taxname:346212","Calanus chilensis Brodsky, 1959","Species","Animalia","Arthropoda","Copepoda","Calanoida","Calanidae","Calanus","Calanoid",44,
629,"Calanus euxinus","urn:lsid:marinespecies.org:taxname:104463","Calanus euxinus Hulsemann, 1991","Species","Animalia","Arthropoda","Copepoda","Calanoida","Calanidae","Calanus","Calanoid",4,155261
630,"Calanus finmarchicus","urn:lsid:marinespecies.org:taxname:104464","Calanus finmarchicus (Gunnerus, 1770)","Species","Animalia","Arthropoda","Copepoda","Calanoida","Calanidae","Calanus","Calanoid",956,29201
631,"Calanus glacialis","urn:lsid:marinespecies.org:taxname:104465","Calanus glacialis Jaschnov, 1955","Species","Animalia","Arthropoda","Copepoda","Calanoida","Calanidae","Calanus","Calanoid",567,29198
632,"Calanus helgolandicus","urn:lsid:marinespecies.org:taxname:104466","Calanus helgolandicus (Claus, 1863)","Species","Animalia","Arthropoda","Copepoda","Calanoida","Calanidae","Calanus","Calanoid",351,29203
633,"Calanus hyperboreus","urn:lsid:marinespecies.org:taxname:104467","Calanus hyperboreus Krøyer, 1838","Species","Animalia","Arthropoda","Copepoda","Calanoida","Calanidae","Calanus","Calanoid",745,29197
634,"Calanus jashnovi","urn:lsid:marinespecies.org:taxname:346213","Calanus jashnovi Hulsemann, 1994","Species","Animalia","Arthropoda","Copepoda","Calanoida","Calanidae","Calanus","Calanoid",6,
635,"Calanus marshallae","urn:lsid:marinespecies.org:taxname:196770","Calanus marshallae Frost, 1974","Species","Animalia","Arthropoda","Copepoda","Calanoida","Calanidae","Calanus","Calanoid",107,29199
636,"Calanus pacificus","urn:lsid:marinespecies.org:taxname:196771","Calanus pacificus Brodsky, 1948","Species","Animalia","Arthropoda","Copepoda","Calanoida","Calanidae","Calanus","Calanoid",430,29200
637,"Calanus propinquus","urn:lsid:marinespecies.org:taxname:342435","Calanus propinquus Brady, 1883","Species","Animalia","Arthropoda","Copepoda","Calanoida","Calanidae","Calanus","Calanoid",801,27797
638,"Calanus simillimus","urn:lsid:marinespecies.org:taxname:342436","Calanus simillimus Giesbrecht, 1902","Species","Animalia","Arthropoda","Copepoda","Calanoida","Calanidae","Calanus","Calanoid",28,27798
639,"Calanus sinicus","urn:lsid:marinespecies.org:taxname:346214","Calanus sinicus Brodsky, 1962","Species","Animalia","Arthropoda","Copepoda","Calanoida","Calanidae","Calanus","Calanoid",356,27731
640,"Calocalanus","urn:lsid:marinespecies.org:taxname:104193","Calocalanus Giesbrecht, 1888","Genus","Animalia","Arthropoda","Copepoda","Calanoida","Paracalanidae","Calocalanus","Calanoid",11,
641,"Calocalanus aculeatus","urn:lsid:marinespecies.org:taxname:346215","Calocalanus aculeatus Shmeleva, 1987","Species","Animalia","Arthropoda","Copepoda","Calanoida","Paracalanidae","Calocalanus","Calanoid",1,
642,"Calocalanus adriaticus","urn:lsid:marinespecies.org:taxname:104647","Calocalanus adriaticus Shmeleva, 1965","Species","Animalia","Arthropoda","Copepoda","Calanoida","Paracalanidae","Calocalanus","Calanoid",12,
643,"Calocalanus africanus","urn:lsid:marinespecies.org:taxname:104648","Calocalanus africanus Shmeleva, 1979","Species","Animalia","Arthropoda","Copepoda","Calanoida","Paracalanidae","Calocalanus","Calanoid",1,
644,"Calocalanus alboranus","urn:lsid:marinespecies.org:taxname:104649","Calocalanus alboranus Shmeleva, 1979","Species","Animalia","Arthropoda","Copepoda","Calanoida","Paracalanidae","Calocalanus","Calanoid",1,
645,"Calocalanus antarcticus","urn:lsid:marinespecies.org:taxname:345761","Calocalanus antarcticus Shmeleva, 1978","Species","Animalia","Arthropoda","Copepoda","Calanoida","Paracalanidae","Calocalanus","Calanoid",2,
646,"Calocalanus atlanticus","urn:lsid:marinespecies.org:taxname:104650","Calocalanus atlanticus Shmeleva, 1975","Species","Animalia","Arthropoda","Copepoda","Calanoida","Paracalanidae","Calocalanus","Calanoid",1,
647,"Calocalanus beklemishevi","urn:lsid:marinespecies.org:taxname:346216","Calocalanus beklemishevi Shmeleva, 1987","Species","Animalia","Arthropoda","Copepoda","Calanoida","Paracalanidae","Calocalanus","Calanoid",1,
648,"Calocalanus contractus","urn:lsid:marinespecies.org:taxname:104651","Calocalanus contractus Farran, 1926","Species","Animalia","Arthropoda","Copepoda","Calanoida","Paracalanidae","Calocalanus","Calanoid",16,28206
649,"Calocalanus dellacrocei","urn:lsid:marinespecies.org:taxname:346218","Calocalanus dellacrocei Shmeleva, 1987","Species","Animalia","Arthropoda","Copepoda","Calanoida","Paracalanidae","Calocalanus","Calanoid",1,
650,"Calocalanus elegans","urn:lsid:marinespecies.org:taxname:104652","Calocalanus elegans Shmeleva, 1965","Species","Animalia","Arthropoda","Copepoda","Calanoida","Paracalanidae","Calocalanus","Calanoid",14,28207
651,"Calocalanus elongatus","urn:lsid:marinespecies.org:taxname:104653","Calocalanus elongatus Shmeleva, 1968","Species","Animalia","Arthropoda","Copepoda","Calanoida","Paracalanidae","Calocalanus","Calanoid",11,
652,"Calocalanus equalicauda","urn:lsid:marinespecies.org:taxname:346219","Calocalanus equalicauda (Bernard, 1958)","Species","Animalia","Arthropoda","Copepoda","Calanoida","Paracalanidae","Calocalanus","Calanoid",2,
653,"Calocalanus fiolenti","urn:lsid:marinespecies.org:taxname:345771","Calocalanus fiolenti Shmeleva, 1978","Species","Animalia","Arthropoda","Copepoda","Calanoida","Paracalanidae","Calocalanus","Calanoid",2,
654,"Calocalanus fusiformis","urn:lsid:marinespecies.org:taxname:104654","Calocalanus fusiformis Shmeleva, 1978","Species","Animalia","Arthropoda","Copepoda","Calanoida","Paracalanidae","Calocalanus","Calanoid",1,
655,"Calocalanus gresei","urn:lsid:marinespecies.org:taxname:104655","Calocalanus gresei Shmeleva, 1973","Species","Animalia","Arthropoda","Copepoda","Calanoida","Paracalanidae","Calocalanus","Calanoid",1,
656,"Calocalanus indicus","urn:lsid:marinespecies.org:taxname:104656","Calocalanus indicus Shmeleva, 1974","Species","Animalia","Arthropoda","Copepoda","Calanoida","Paracalanidae","Calocalanus","Calanoid",2,
657,"Calocalanus kristalli","urn:lsid:marinespecies.org:taxname:104657","Calocalanus kristalli Shmeleva, 1968","Species","Animalia","Arthropoda","Copepoda","Calanoida","Paracalanidae","Calocalanus","Calanoid",2,
658,"Calocalanus latus","urn:lsid:marinespecies.org:taxname:104658","Calocalanus latus Shmeleva, 1968","Species","Animalia","Arthropoda","Copepoda","Calanoida","Paracalanidae","Calocalanus","Calanoid",1,
659,"Calocalanus lomonosovi","urn:lsid:marinespecies.org:taxname:104659","Calocalanus lomonosovi Shmeleva, 1975","Species","Animalia","Arthropoda","Copepoda","Calanoida","Paracalanidae","Calocalanus","Calanoid",1,
660,"Calocalanus longifurca","urn:lsid:marinespecies.org:taxname:346220","Calocalanus longifurca Shmeleva, 1975","Species","Animalia","Arthropoda","Copepoda","Calanoida","Paracalanidae","Calocalanus","Calanoid",1,
661,"Calocalanus longisetosus","urn:lsid:marinespecies.org:taxname:104660","Calocalanus longisetosus Shmeleva, 1965","Species","Animalia","Arthropoda","Copepoda","Calanoida","Paracalanidae","Calocalanus","Calanoid",12,
662,"Calocalanus longispinus","urn:lsid:marinespecies.org:taxname:104661","Calocalanus longispinus Shmeleva, 1978","Species","Animalia","Arthropoda","Copepoda","Calanoida","Paracalanidae","Calocalanus","Calanoid",2,
663,"Calocalanus minor","urn:lsid:marinespecies.org:taxname:104662","Calocalanus minor Shmeleva, 1980","Species","Animalia","Arthropoda","Copepoda","Calanoida","Paracalanidae","Calocalanus","Calanoid",1,
664,"Calocalanus minutus","urn:lsid:marinespecies.org:taxname:346221","Calocalanus minutus Andronov, 1973","Species","Animalia","Arthropoda","Copepoda","Calanoida","Paracalanidae","Calocalanus","Calanoid",2,
665,"Calocalanus monospinus","urn:lsid:marinespecies.org:taxname:346222","Calocalanus monospinus Chen & Shen, 1974","Species","Animalia","Arthropoda","Copepoda","Calanoida","Paracalanidae","Calocalanus","Calanoid",2,
666,"Calocalanus namibiensis","urn:lsid:marinespecies.org:taxname:346223","Calocalanus namibiensis Andronov, 1973","Species","Animalia","Arthropoda","Copepoda","Calanoida","Paracalanidae","Calocalanus","Calanoid",2,166886
667,"Calocalanus nanus","urn:lsid:marinespecies.org:taxname:346224","Calocalanus nanus Shmeleva, 1987","Species","Animalia","Arthropoda","Copepoda","Calanoida","Paracalanidae","Calocalanus","Calanoid",1,
668,"Calocalanus neptunus","urn:lsid:marinespecies.org:taxname:104664","Calocalanus neptunus Shmeleva, 1965","Species","Animalia","Arthropoda","Copepoda","Calanoida","Paracalanidae","Calocalanus","Calanoid",15,28209
669,"Calocalanus omaniensis","urn:lsid:marinespecies.org:taxname:104665","Calocalanus omaniensis Shmeleva, 1975","Species","Animalia","Arthropoda","Copepoda","Calanoida","Paracalanidae","Calocalanus","Calanoid",2,
670,"Calocalanus ovalis","urn:lsid:marinespecies.org:taxname:104666","Calocalanus ovalis Shmeleva, 1965","Species","Animalia","Arthropoda","Copepoda","Calanoida","Paracalanidae","Calocalanus","Calanoid",1,28205
671,"Calocalanus paracontractus","urn:lsid:marinespecies.org:taxname:104667","Calocalanus paracontractus Shmeleva, 1974","Species","Animalia","Arthropoda","Copepoda","Calanoida","Paracalanidae","Calocalanus","Calanoid",1,
672,"Calocalanus parelongatus","urn:lsid:marinespecies.org:taxname:104668","Calocalanus parelongatus Shmeleva, 1979","Species","Animalia","Arthropoda","Copepoda","Calanoida","Paracalanidae","Calocalanus","Calanoid",2,
673,"Calocalanus pavo","urn:lsid:marinespecies.org:taxname:104669","Calocalanus pavo (Dana, 1852)","Species","Animalia","Arthropoda","Copepoda","Calanoida","Paracalanidae","Calocalanus","Calanoid",23,28202
674,"Calocalanus pavoninus","urn:lsid:marinespecies.org:taxname:104670","Calocalanus pavoninus Farran, 1936","Species","Animalia","Arthropoda","Copepoda","Calanoida","Paracalanidae","Calocalanus","Calanoid",15,28204
675,"Calocalanus plumatus","urn:lsid:marinespecies.org:taxname:104671","Calocalanus plumatus Shmeleva, 1965","Species","Animalia","Arthropoda","Copepoda","Calanoida","Paracalanidae","Calocalanus","Calanoid",13,
676,"Calocalanus plumulosus","urn:lsid:marinespecies.org:taxname:211848","Calocalanus plumulosus (Claus, 1863)","Species","Animalia","Arthropoda","Copepoda","Calanoida","Paracalanidae","Calocalanus","Calanoid",18,28203
677,"Calocalanus pseudocontractus","urn:lsid:marinespecies.org:taxname:104672","Calocalanus pseudocontractus Bernard, 1958","Species","Animalia","Arthropoda","Copepoda","Calanoida","Paracalanidae","Calocalanus","Calanoid",1,25717
678,"Calocalanus pubes","urn:lsid:marinespecies.org:taxname:346225","Calocalanus pubes Andronov, 1973","Species","Animalia","Arthropoda","Copepoda","Calanoida","Paracalanidae","Calocalanus","Calanoid",1,
679,"Calocalanus pyriformis","urn:lsid:marinespecies.org:taxname:346226","Calocalanus pyriformis Shmeleva, 1975","Species","Animalia","Arthropoda","Copepoda","Calanoida","Paracalanidae","Calocalanus","Calanoid",1,
680,"Calocalanus regini","urn:lsid:marinespecies.org:taxname:346227","Calocalanus regini Shmeleva, 1987","Species","Animalia","Arthropoda","Copepoda","Calanoida","Paracalanidae","Calocalanus","Calanoid",1,
681,"Calocalanus sayademalja","urn:lsid:marinespecies.org:taxname:346228","Calocalanus sayademalja Shmeleva, 1987","Species","Animalia","Arthropoda","Copepoda","Calanoida","Paracalanidae","Calocalanus","Calanoid",1,
682,"Calocalanus spinosus","urn:lsid:marinespecies.org:taxname:346229","Calocalanus spinosus Shmeleva, 1987","Species","Animalia","Arthropoda","Copepoda","Calanoida","Paracalanidae","Calocalanus","Calanoid",1,
683,"Calocalanus styliremis","urn:lsid:marinespecies.org:taxname:104673","Calocalanus styliremis Giesbrecht, 1888","Species","Animalia","Arthropoda","Copepoda","Calanoida","Paracalanidae","Calocalanus","Calanoid",22,28201
684,"Calocalanus tenuiculus","urn:lsid:marinespecies.org:taxname:104674","Calocalanus tenuiculus Andronov, 1973","Species","Animalia","Arthropoda","Copepoda","Calanoida","Paracalanidae","Calocalanus","Calanoid",1,
685,"Calocalanus tenuis","urn:lsid:marinespecies.org:taxname:237966","Calocalanus tenuis Farran, 1926","Species","Animalia","Arthropoda","Copepoda","Calanoida","Paracalanidae","Calocalanus","Calanoid",16,28214
686,"Calocalanus vinogradovi","urn:lsid:marinespecies.org:taxname:346230","Calocalanus vinogradovi Shmeleva, 1987","Species","Animalia","Arthropoda","Copepoda","Calanoida","Paracalanidae","Calocalanus","Calanoid",1,
687,"Calocalanus vitjazi","urn:lsid:marinespecies.org:taxname:346231","Calocalanus vitjazi Shmeleva, 1974","Species","Animalia","Arthropoda","Copepoda","Calanoida","Paracalanidae","Calocalanus","Calanoid",1,
688,"Calocalanus vivesei","urn:lsid:marinespecies.org:taxname:349779","Calocalanus vivesei Shmeleva, 1979","Species","Animalia","Arthropoda","Copepoda","Calanoida","Paracalanidae","Calocalanus","Calanoid",2,
690,"Campaneria latipes","urn:lsid:marinespecies.org:taxname:346233","Campaneria latipes Ohtsuka, Boxshall & Roe, 1994","Species","Animalia","Arthropoda","Copepoda","Calanoida","Arietellidae","Campaneria","Calanoid",2,
691,"Candacia","urn:lsid:marinespecies.org:taxname:104157","Candacia Dana, 1846","Genus","Animalia","Arthropoda","Copepoda","Calanoida","Candaciidae","Candacia","Calanoid",12,
692,"Candacia armata","urn:lsid:marinespecies.org:taxname:104474","Candacia armata Boeck, 1872","Species","Animalia","Arthropoda","Copepoda","Calanoida","Candaciidae","Candacia","Calanoid",55,29746
693,"Candacia bipinnata","urn:lsid:marinespecies.org:taxname:104475","Candacia bipinnata (Giesbrecht, 1889)","Species","Animalia","Arthropoda","Copepoda","Calanoida","Candaciidae","Candacia","Calanoid",51,29743
694,"Candacia bispinosa","urn:lsid:marinespecies.org:taxname:220915","Candacia bispinosa (Claus, 1863)","Species","Animalia","Arthropoda","Copepoda","Calanoida","Candaciidae","Candacia","Calanoid",16,27737
695,"Candacia bradyi","urn:lsid:marinespecies.org:taxname:346234","Candacia bradyi Scott A., 1902","Species","Animalia","Arthropoda","Copepoda","Calanoida","Candaciidae","Candacia","Calanoid",11,80282
696,"Candacia catula","urn:lsid:marinespecies.org:taxname:220913","Candacia catula (Giesbrecht, 1889)","Species","Animalia","Arthropoda","Copepoda","Calanoida","Candaciidae","Candacia","Calanoid",11,27710
697,"Candacia cheirura","urn:lsid:marinespecies.org:taxname:345777","Candacia cheirura Cleve, 1904","Species","Animalia","Arthropoda","Copepoda","Calanoida","Candaciidae","Candacia","Calanoid",9,154566
698,"Candacia columbiae","urn:lsid:marinespecies.org:taxname:349800","Candacia columbiae Campbell, 1929","Species","Animalia","Arthropoda","Copepoda","Calanoida","Candaciidae","Candacia","Calanoid",63,29744
699,"Candacia curta","urn:lsid:marinespecies.org:taxname:104476","Candacia curta (Dana, 1849)","Species","Animalia","Arthropoda","Copepoda","Calanoida","Candaciidae","Candacia","Calanoid",21,29749
700,"Candacia discaudata","urn:lsid:marinespecies.org:taxname:346235","Candacia discaudata Scott A., 1909","Species","Animalia","Arthropoda","Copepoda","Calanoida","Candaciidae","Candacia","Calanoid",11,27712
701,"Candacia elongata","urn:lsid:marinespecies.org:taxname:104477","Candacia elongata (Boeck, 1872)","Species","Animalia","Arthropoda","Copepoda","Calanoida","Candaciidae","Candacia","Calanoid",9,29753
702,"Candacia ethiopica","urn:lsid:marinespecies.org:taxname:104478","Candacia ethiopica (Dana, 1849)","Species","Animalia","Arthropoda","Copepoda","Calanoida","Candaciidae","Candacia","Calanoid",81,27538
703,"Candacia falcifera","urn:lsid:marinespecies.org:taxname:342437","Candacia falcifera Farran, 1929","Species","Animalia","Arthropoda","Copepoda","Calanoida","Candaciidae","Candacia","Calanoid",2,29755
704,"Candacia giesbrechti","urn:lsid:marinespecies.org:taxname:104479","Candacia giesbrechti Grice & Lawson, 1977","Species","Animalia","Arthropoda","Copepoda","Calanoida","Candaciidae","Candacia","Calanoid",5,
705,"Candacia guggenheimi","urn:lsid:marinespecies.org:taxname:346237","Candacia guggenheimi Grice & Jones E.C., 1960","Species","Animalia","Arthropoda","Copepoda","Calanoida","Candaciidae","Candacia","Calanoid",2,27539
706,"Candacia ishimarui","urn:lsid:marinespecies.org:taxname:346238","Candacia ishimarui Mulyadi, 1997","Species","Animalia","Arthropoda","Copepoda","Calanoida","Candaciidae","Candacia","Calanoid",2,
707,"Candacia ketchumi","urn:lsid:marinespecies.org:taxname:104480","Candacia ketchumi Grice, 1961","Species","Animalia","Arthropoda","Copepoda","Calanoida","Candaciidae","Candacia","Calanoid",2,
708,"Candacia longimana","urn:lsid:marinespecies.org:taxname:104481","Candacia longimana (Claus, 1863)","Species","Animalia","Arthropoda","Copepoda","Calanoida","Candaciidae","Candacia","Calanoid",29,29750
709,"Candacia magna","urn:lsid:marinespecies.org:taxname:220912","Candacia magna Sewell, 1932","Species","Animalia","Arthropoda","Copepoda","Calanoida","Candaciidae","Candacia","Calanoid",2,
710,"Candacia maxima","urn:lsid:marinespecies.org:taxname:342438","Candacia maxima Vervoort, 1957","Species","Animalia","Arthropoda","Copepoda","Calanoida","Candaciidae","Candacia","Calanoid",14,25757
711,"Candacia norvegica norvegica","urn:lsid:marinespecies.org:taxname:1437526","Candacia norvegica norvegica (Boeck, 1865)","Subspecies","Animalia","Arthropoda","Copepoda","Calanoida","Candaciidae","Candacia","Calanoid",14,
712,"Candacia pachydactyla","urn:lsid:marinespecies.org:taxname:104483","Candacia pachydactyla (Dana, 1849)","Species","Animalia","Arthropoda","Copepoda","Calanoida","Candaciidae","Candacia","Calanoid",82,29747
713,"Candacia paenelongimana","urn:lsid:marinespecies.org:taxname:104484","Candacia paenelongimana Fleminger & Bowman, 1956","Species","Animalia","Arthropoda","Copepoda","Calanoida","Candaciidae","Candacia","Calanoid",2,29751
714,"Candacia parafalcifera","urn:lsid:marinespecies.org:taxname:346239","Candacia parafalcifera Brodsky, 1950","Species","Animalia","Arthropoda","Copepoda","Calanoida","Candaciidae","Candacia","Calanoid",2,29745
715,"Candacia pofi","urn:lsid:marinespecies.org:taxname:346240","Candacia pofi Grice & Jones E.C., 1960","Species","Animalia","Arthropoda","Copepoda","Calanoida","Candaciidae","Candacia","Calanoid",2,
716,"Candacia samassae","urn:lsid:marinespecies.org:taxname:346241","Candacia samassae Pesta, 1941","Species","Animalia","Arthropoda","Copepoda","Calanoida","Candaciidae","Candacia","Calanoid",2,
717,"Candacia simplex","urn:lsid:marinespecies.org:taxname:220914","Candacia simplex (Giesbrecht, 1889)","Species","Animalia","Arthropoda","Copepoda","Calanoida","Candaciidae","Candacia","Calanoid",18,29748
718,"Candacia tenuimana","urn:lsid:marinespecies.org:taxname:104485","Candacia tenuimana (Giesbrecht, 1889)","Species","Animalia","Arthropoda","Copepoda","Calanoida","Candaciidae","Candacia","Calanoid",12,26732
719,"Candacia truncata","urn:lsid:marinespecies.org:taxname:220916","Candacia truncata (Dana, 1849)","Species","Animalia","Arthropoda","Copepoda","Calanoida","Candaciidae","Candacia","Calanoid",9,27711
720,"Candacia tuberculata","urn:lsid:marinespecies.org:taxname:346242","Candacia tuberculata Wolfenden, 1905","Species","Animalia","Arthropoda","Copepoda","Calanoida","Candaciidae","Candacia","Calanoid",2,
721,"Candacia varicans","urn:lsid:marinespecies.org:taxname:104486","Candacia varicans (Giesbrecht, 1893)","Species","Animalia","Arthropoda","Copepoda","Calanoida","Candaciidae","Candacia","Calanoid",22,29752
722,"Candacia worthingtoni","urn:lsid:marinespecies.org:taxname:346243","Candacia worthingtoni (Grice, 1981)","Species","Animalia","Arthropoda","Copepoda","Calanoida","Candaciidae","Candacia","Calanoid",4,166923
723,"Candaciidae","urn:lsid:marinespecies.org:taxname:104080","Candaciidae Giesbrecht, 1893","Family","Animalia","Arthropoda","Copepoda","Calanoida","Candaciidae",,"Calanoid",3,
725,"Canthocalanus pauper","urn:lsid:marinespecies.org:taxname:220834","Canthocalanus pauper (Giesbrecht, 1888)","Species","Animalia","Arthropoda","Copepoda","Calanoida","Calanidae","Canthocalanus","Calanoid",11,25715
727,"Caudacalanus mirus","urn:lsid:marinespecies.org:taxname:367183","Caudacalanus mirus Markhaseva & Schulz, 2008","Species","Animalia","Arthropoda","Copepoda","Calanoida","Arctokonstantinidae","Caudacalanus","Calanoid",1,
728,"Caudacalanus vicinus","urn:lsid:marinespecies.org:taxname:474825","Caudacalanus vicinus Markhaseva & Schulz, 2008","Species","Animalia","Arthropoda","Copepoda","Calanoida","Arctokonstantinidae","Caudacalanus","Calanoid",1,
730,"Cenognatha antarctica","urn:lsid:marinespecies.org:taxname:342440","Cenognatha antarctica (Hulsemann, 1985)","Species","Animalia","Arthropoda","Copepoda","Calanoida","Scolecitrichidae","Cenognatha","Calanoid",1,
731,"Centraugaptilus","urn:lsid:marinespecies.org:taxname:104138","Centraugaptilus Sars G.O., 1920","Genus","Animalia","Arthropoda","Copepoda","Calanoida","Augaptilidae","Centraugaptilus","Calanoid",1,
732,"Centraugaptilus cucullatus","urn:lsid:marinespecies.org:taxname:104376","Centraugaptilus cucullatus (Sars G.O., 1905)","Species","Animalia","Arthropoda","Copepoda","Calanoida","Augaptilidae","Centraugaptilus","Calanoid",3,
733,"Centraugaptilus horridus","urn:lsid:marinespecies.org:taxname:104377","Centraugaptilus horridus (Farran, 1908)","Species","Animalia","Arthropoda","Copepoda","Calanoida","Augaptilidae","Centraugaptilus","Calanoid",7,29617
734,"Centraugaptilus lucidus","urn:lsid:marinespecies.org:taxname:346247","Centraugaptilus lucidus (Esterly, 1911)","Species","Animalia","Arthropoda","Copepoda","Calanoida","Augaptilidae","Centraugaptilus","Calanoid",1,29618
735,"Centraugaptilus macrodus","urn:lsid:marinespecies.org:taxname:567101","Centraugaptilus macrodus (Esterly, 1911)","Species","Animalia","Arthropoda","Copepoda","Calanoida","Augaptilidae","Centraugaptilus","Calanoid",1,29619
736,"Centraugaptilus porcellus","urn:lsid:marinespecies.org:taxname:346248","Centraugaptilus porcellus Johnson M.W., 1936","Species","Animalia","Arthropoda","Copepoda","Calanoida","Augaptilidae","Centraugaptilus","Calanoid",3,29620
737,"Centraugaptilus rattrayi","urn:lsid:marinespecies.org:taxname:104378","Centraugaptilus rattrayi (Scott T., 1893)","Species","Animalia","Arthropoda","Copepoda","Calanoida","Augaptilidae","Centraugaptilus","Calanoid",10,29622
738,"Centropages","urn:lsid:marinespecies.org:taxname:104159","Centropages Krøyer, 1849","Genus","Animalia","Arthropoda","Copepoda","Calanoida","Centropagidae","Centropages","Calanoid",5,
739,"Centropages abdominalis","urn:lsid:marinespecies.org:taxname:196774","Centropages abdominalis Sato, 1913","Species","Animalia","Arthropoda","Copepoda","Calanoida","Centropagidae","Centropages","Calanoid",72,29232
740,"Centropages acutus","urn:lsid:marinespecies.org:taxname:346249","Centropages acutus McKinnon & Dixon, 1994","Species","Animalia","Arthropoda","Copepoda","Calanoida","Centropagidae","Centropages","Calanoid",2,
741,"Centropages aegypticus","urn:lsid:marinespecies.org:taxname:346250","Centropages aegypticus El-Sherbiny & Ueda, 2008","Species","Animalia","Arthropoda","Copepoda","Calanoida","Centropagidae","Centropages","Calanoid",2,
742,"Centropages alcocki","urn:lsid:marinespecies.org:taxname:346251","Centropages alcocki Sewell, 1912","Species","Animalia","Arthropoda","Copepoda","Calanoida","Centropagidae","Centropages","Calanoid",2,
743,"Centropages aucklandicus","urn:lsid:marinespecies.org:taxname:104489","Centropages aucklandicus Kramer, 1895","Species","Animalia","Arthropoda","Copepoda","Calanoida","Centropagidae","Centropages","Calanoid",12,
744,"Centropages australiensis","urn:lsid:marinespecies.org:taxname:346252","Centropages australiensis Fairbridge, 1944","Species","Animalia","Arthropoda","Copepoda","Calanoida","Centropagidae","Centropages","Calanoid",8,
745,"Centropages brachiatus","urn:lsid:marinespecies.org:taxname:104490","Centropages brachiatus (Dana, 1849)","Species","Animalia","Arthropoda","Copepoda","Calanoida","Centropagidae","Centropages","Calanoid",60,154552
746,"Centropages bradyi","urn:lsid:marinespecies.org:taxname:104491","Centropages bradyi Wheeler, 1900","Species","Animalia","Arthropoda","Copepoda","Calanoida","Centropagidae","Centropages","Calanoid",20,29233
747,"Centropages brevifurcus","urn:lsid:marinespecies.org:taxname:346253","Centropages brevifurcus Shen & Lee, 1963","Species","Animalia","Arthropoda","Copepoda","Calanoida","Centropagidae","Centropages","Calanoid",2,
748,"Centropages calaninus","urn:lsid:marinespecies.org:taxname:104492","Centropages calaninus (Dana, 1849)","Species","Animalia","Arthropoda","Copepoda","Calanoida","Centropagidae","Centropages","Calanoid",12,29239
749,"Centropages caribbeanensis","urn:lsid:marinespecies.org:taxname:104493","Centropages caribbeanensis Park, 1970","Species","Animalia","Arthropoda","Copepoda","Calanoida","Centropagidae","Centropages","Calanoid",2,29240
750,"Centropages chierchiae","urn:lsid:marinespecies.org:taxname:104494","Centropages chierchiae Giesbrecht, 1889","Species","Animalia","Arthropoda","Copepoda","Calanoida","Centropagidae","Centropages","Calanoid",25,29242
751,"Centropages dorsispinatus","urn:lsid:marinespecies.org:taxname:346254","Centropages dorsispinatus Thompson I.C. & Scott A., 1903","Species","Animalia","Arthropoda","Copepoda","Calanoida","Centropagidae","Centropages","Calanoid",2,81031
752,"Centropages elegans","urn:lsid:marinespecies.org:taxname:346255","Centropages elegans Giesbrecht, 1895","Species","Animalia","Arthropoda","Copepoda","Calanoida","Centropagidae","Centropages","Calanoid",2,29234
753,"Centropages elongatus","urn:lsid:marinespecies.org:taxname:220902","Centropages elongatus Giesbrecht, 1896","Species","Animalia","Arthropoda","Copepoda","Calanoida","Centropagidae","Centropages","Calanoid",10,27738
754,"Centropages furcatus","urn:lsid:marinespecies.org:taxname:104495","Centropages furcatus (Dana, 1849)","Species","Animalia","Arthropoda","Copepoda","Calanoida","Centropagidae","Centropages","Calanoid",832,29235
755,"Centropages gracilis","urn:lsid:marinespecies.org:taxname:220903","Centropages gracilis (Dana, 1849)","Species","Animalia","Arthropoda","Copepoda","Calanoida","Centropagidae","Centropages","Calanoid",10,27739
756,"Centropages halinus","urn:lsid:marinespecies.org:taxname:346256","Centropages halinus McKinnon & Kimmerer, 1988","Species","Animalia","Arthropoda","Copepoda","Calanoida","Centropagidae","Centropages","Calanoid",2,
757,"Centropages hamatus","urn:lsid:marinespecies.org:taxname:104496","Centropages hamatus (Lilljeborg, 1853)","Species","Animalia","Arthropoda","Copepoda","Calanoida","Centropagidae","Centropages","Calanoid",193,29236
758,"Centropages karachiensis","urn:lsid:marinespecies.org:taxname:346257","Centropages karachiensis Haq & Rehman, 1973","Species","Animalia","Arthropoda","Copepoda","Calanoida","Centropagidae","Centropages","Calanoid",2,
759,"Centropages kroyeri","urn:lsid:marinespecies.org:taxname:104497","Centropages kroyeri Giesbrecht, 1893","Species","Animalia","Arthropoda","Copepoda","Calanoida","Centropagidae","Centropages","Calanoid",20,
760,"Centropages longicornis","urn:lsid:marinespecies.org:taxname:346258","Centropages longicornis Mori, 1932","Species","Animalia","Arthropoda","Copepoda","Calanoida","Centropagidae","Centropages","Calanoid",1,81032
761,"Centropages maigo","urn:lsid:marinespecies.org:taxname:362143","Centropages maigo Ohtsuka, Itoh & Mizushima, 2005","Species","Animalia","Arthropoda","Copepoda","Calanoida","Centropagidae","Centropages","Calanoid",2,
762,"Centropages mohamedi","urn:lsid:marinespecies.org:taxname:834112","Centropages mohamedi El-Sherbiny & Al-Aidaroos, 2015","Species","Animalia","Arthropoda","Copepoda","Calanoida","Centropagidae","Centropages","Calanoid",2,
763,"Centropages natalensis","urn:lsid:marinespecies.org:taxname:346259","Centropages natalensis Connell, 1981","Species","Animalia","Arthropoda","Copepoda","Calanoida","Centropagidae","Centropages","Calanoid",2,
764,"Centropages orsinii","urn:lsid:marinespecies.org:taxname:220901","Centropages orsinii Giesbrecht, 1889","Species","Animalia","Arthropoda","Copepoda","Calanoida","Centropagidae","Centropages","Calanoid",12,27740
765,"Centropages ponticus","urn:lsid:marinespecies.org:taxname:104498","Centropages ponticus Karavaev, 1895","Species","Animalia","Arthropoda","Copepoda","Calanoida","Centropagidae","Centropages","Calanoid",9,
766,"Centropages sinensis","urn:lsid:marinespecies.org:taxname:346260","Centropages sinensis Chen & Zhang, 1965","Species","Animalia","Arthropoda","Copepoda","Calanoida","Centropagidae","Centropages","Calanoid",2,80278
767,"Centropages spinosus","urn:lsid:marinespecies.org:taxname:357746","Centropages spinosus (Krichagin, 1873)","Species","Animalia","Arthropoda","Copepoda","Calanoida","Centropagidae","Centropages","Calanoid",2,
768,"Centropages tenuiremis","urn:lsid:marinespecies.org:taxname:346261","Centropages tenuiremis Thompson I.C. & Scott A., 1903","Species","Animalia","Arthropoda","Copepoda","Calanoida","Centropagidae","Centropages","Calanoid",43,80279
769,"Centropages trispinosus","urn:lsid:marinespecies.org:taxname:346262","Centropages trispinosus Sewell, 1914","Species","Animalia","Arthropoda","Copepoda","Calanoida","Centropagidae","Centropages","Calanoid",2,
770,"Centropages typicus","urn:lsid:marinespecies.org:taxname:104499","Centropages typicus Krøyer, 1849","Species","Animalia","Arthropoda","Copepoda","Calanoida","Centropagidae","Centropages","Calanoid",171,29237
771,"Centropages uedai","urn:lsid:marinespecies.org:taxname:564425","Centropages uedai El-Sherbiny, 2011","Species","Animalia","Arthropoda","Copepoda","Calanoida","Centropagidae","Centropages","Calanoid",2,
772,"Centropages velificatus","urn:lsid:marinespecies.org:taxname:346263","Centropages velificatus (Oliveira, 1947)","Species","Animalia","Arthropoda","Copepoda","Calanoida","Centropagidae","Centropages","Calanoid",6,29241
773,"Centropages violaceus","urn:lsid:marinespecies.org:taxname:104500","Centropages violaceus (Claus, 1863)","Species","Animalia","Arthropoda","Copepoda","Calanoida","Centropagidae","Centropages","Calanoid",27,29238
774,"Centropagidae","urn:lsid:marinespecies.org:taxname:104081","Centropagidae Giesbrecht, 1893","Family","Animalia","Arthropoda","Copepoda","Calanoida","Centropagidae",,"Calanoid",1,
776,"Cephalophanes frigidus","urn:lsid:marinespecies.org:taxname:104688","Cephalophanes frigidus Wolfenden, 1911","Species","Animalia","Arthropoda","Copepoda","Calanoida","Phaennidae","Cephalophanes","Calanoid",2,29417
777,"Cephalophanes refulgens","urn:lsid:marinespecies.org:taxname:104689","Cephalophanes refulgens Sars G.O., 1907","Species","Animalia","Arthropoda","Copepoda","Calanoida","Phaennidae","Cephalophanes","Calanoid",4,29418
778,"Cephalophanes tectus","urn:lsid:marinespecies.org:taxname:346264","Cephalophanes tectus (Esterly, 1911)","Species","Animalia","Arthropoda","Copepoda","Calanoida","Phaennidae","Cephalophanes","Calanoid",1,28238
779,"Chiridiella","urn:lsid:marinespecies.org:taxname:104116","Chiridiella Sars G.O., 1907","Genus","Animalia","Arthropoda","Copepoda","Calanoida","Aetideidae","Chiridiella","Calanoid",1,
780,"Chiridiella abyssalis","urn:lsid:marinespecies.org:taxname:104284","Chiridiella abyssalis Brodsky, 1950","Species","Animalia","Arthropoda","Copepoda","Calanoida","Aetideidae","Chiridiella","Calanoid",2,29305
781,"Chiridiella atlantica","urn:lsid:marinespecies.org:taxname:346265","Chiridiella atlantica Wolfenden, 1911","Species","Animalia","Arthropoda","Copepoda","Calanoida","Aetideidae","Chiridiella","Calanoid",1,
782,"Chiridiella bichela","urn:lsid:marinespecies.org:taxname:346266","Chiridiella bichela Deevey, 1974","Species","Animalia","Arthropoda","Copepoda","Calanoida","Aetideidae","Chiridiella","Calanoid",1,
783,"Chiridiella bispinosa","urn:lsid:marinespecies.org:taxname:346267","Chiridiella bispinosa Park, 1970","Species","Animalia","Arthropoda","Copepoda","Calanoida","Aetideidae","Chiridiella","Calanoid",1,28145
784,"Chiridiella brachydactyla","urn:lsid:marinespecies.org:taxname:346268","Chiridiella brachydactyla Sars G.O., 1907","Species","Animalia","Arthropoda","Copepoda","Calanoida","Aetideidae","Chiridiella","Calanoid",2,
785,"Chiridiella brooksi","urn:lsid:marinespecies.org:taxname:346269","Chiridiella brooksi Deevey, 1974","Species","Animalia","Arthropoda","Copepoda","Calanoida","Aetideidae","Chiridiella","Calanoid",1,
786,"Chiridiella chainae","urn:lsid:marinespecies.org:taxname:346270","Chiridiella chainae Grice, 1969","Species","Animalia","Arthropoda","Copepoda","Calanoida","Aetideidae","Chiridiella","Calanoid",1,
787,"Chiridiella gibba","urn:lsid:marinespecies.org:taxname:104285","Chiridiella gibba Deevey, 1974","Species","Animalia","Arthropoda","Copepoda","Calanoida","Aetideidae","Chiridiella","Calanoid",1,
788,"Chiridiella kuniae","urn:lsid:marinespecies.org:taxname:104286","Chiridiella kuniae Deevey, 1974","Species","Animalia","Arthropoda","Copepoda","Calanoida","Aetideidae","Chiridiella","Calanoid",1,
789,"Chiridiella macrodactyla","urn:lsid:marinespecies.org:taxname:104287","Chiridiella macrodactyla Sars G.O., 1907","Species","Animalia","Arthropoda","Copepoda","Calanoida","Aetideidae","Chiridiella","Calanoid",2,29307
790,"Chiridiella megadactyla","urn:lsid:marinespecies.org:taxname:342441","Chiridiella megadactyla Bradford, 1971","Species","Animalia","Arthropoda","Copepoda","Calanoida","Aetideidae","Chiridiella","Calanoid",1,
791,"Chiridiella ovata","urn:lsid:marinespecies.org:taxname:104288","Chiridiella ovata Deevey, 1974","Species","Animalia","Arthropoda","Copepoda","Calanoida","Aetideidae","Chiridiella","Calanoid",1,
792,"Chiridiella pacifica","urn:lsid:marinespecies.org:taxname:346271","Chiridiella pacifica Brodsky, 1950","Species","Animalia","Arthropoda","Copepoda","Calanoida","Aetideidae","Chiridiella","Calanoid",3,29306
793,"Chiridiella reductella","urn:lsid:marinespecies.org:taxname:346272","Chiridiella reductella Markhaseva, 1996","Species","Animalia","Arthropoda","Copepoda","Calanoida","Aetideidae","Chiridiella","Calanoid",1,167156
794,"Chiridiella sarsi","urn:lsid:marinespecies.org:taxname:346273","Chiridiella sarsi Markhaseva, 1983","Species","Animalia","Arthropoda","Copepoda","Calanoida","Aetideidae","Chiridiella","Calanoid",1,170913
795,"Chiridiella smoki","urn:lsid:marinespecies.org:taxname:346274","Chiridiella smoki Markhaseva, 1983","Species","Animalia","Arthropoda","Copepoda","Calanoida","Aetideidae","Chiridiella","Calanoid",1,
796,"Chiridiella subaequalis","urn:lsid:marinespecies.org:taxname:104289","Chiridiella subaequalis Grice & Hulsemann, 1965","Species","Animalia","Arthropoda","Copepoda","Calanoida","Aetideidae","Chiridiella","Calanoid",1,
797,"Chiridiella trihamata","urn:lsid:marinespecies.org:taxname:346275","Chiridiella trihamata Deevey, 1974","Species","Animalia","Arthropoda","Copepoda","Calanoida","Aetideidae","Chiridiella","Calanoid",1,
798,"Chiridius","urn:lsid:marinespecies.org:taxname:104117","Chiridius Giesbrecht, 1893","Genus","Animalia","Arthropoda","Copepoda","Calanoida","Aetideidae","Chiridius","Calanoid",4,
799,"Chiridius gracilis","urn:lsid:marinespecies.org:taxname:104290","Chiridius gracilis Farran, 1908","Species","Animalia","Arthropoda","Copepoda","Calanoida","Aetideidae","Chiridius","Calanoid",19,29308
800,"Chiridius longispinus","urn:lsid:marinespecies.org:taxname:346276","Chiridius longispinus Tanaka, 1957","Species","Animalia","Arthropoda","Copepoda","Calanoida","Aetideidae","Chiridius","Calanoid",1,
801,"Chiridius mexicanus","urn:lsid:marinespecies.org:taxname:346277","Chiridius mexicanus Park, 1975","Species","Animalia","Arthropoda","Copepoda","Calanoida","Aetideidae","Chiridius","Calanoid",1,28146
802,"Chiridius molestus","urn:lsid:marinespecies.org:taxname:104291","Chiridius molestus Tanaka, 1957","Species","Animalia","Arthropoda","Copepoda","Calanoida","Aetideidae","Chiridius","Calanoid",2,
803,"Chiridius obtusifrons","urn:lsid:marinespecies.org:taxname:104292","Chiridius obtusifrons Sars G.O., 1902","Species","Animalia","Arthropoda","Copepoda","Calanoida","Aetideidae","Chiridius","Calanoid",21,29309
804,"Chiridius pacificus","urn:lsid:marinespecies.org:taxname:346278","Chiridius pacificus Brodsky, 1950","Species","Animalia","Arthropoda","Copepoda","Calanoida","Aetideidae","Chiridius","Calanoid",3,
805,"Chiridius polaris","urn:lsid:marinespecies.org:taxname:342442","Chiridius polaris Wolfenden, 1911","Species","Animalia","Arthropoda","Copepoda","Calanoida","Aetideidae","Chiridius","Calanoid",2,29310
806,"Chiridius poppei","urn:lsid:marinespecies.org:taxname:104293","Chiridius poppei Giesbrecht, 1893","Species","Animalia","Arthropoda","Copepoda","Calanoida","Aetideidae","Chiridius","Calanoid",18,29311
807,"Chirundina","urn:lsid:marinespecies.org:taxname:104118","Chirundina Giesbrecht, 1895","Genus","Animalia","Arthropoda","Copepoda","Calanoida","Aetideidae","Chirundina","Calanoid",1,
808,"Chirundina alaskaensis","urn:lsid:marinespecies.org:taxname:346279","Chirundina alaskaensis (Tanaka, 1969)","Species","Animalia","Arthropoda","Copepoda","Calanoida","Aetideidae","Chirundina","Calanoid",1,
809,"Chirundina indica","urn:lsid:marinespecies.org:taxname:221283","Chirundina indica Sewell, 1929","Species","Animalia","Arthropoda","Copepoda","Calanoida","Aetideidae","Chirundina","Calanoid",2,
810,"Chirundina streetsii","urn:lsid:marinespecies.org:taxname:104294","Chirundina streetsii Giesbrecht, 1895","Species","Animalia","Arthropoda","Copepoda","Calanoida","Aetideidae","Chirundina","Calanoid",45,28147
812,"Chirundinella magna","urn:lsid:marinespecies.org:taxname:346280","Chirundinella magna (Wolfenden, 1911)","Species","Animalia","Arthropoda","Copepoda","Calanoida","Aetideidae","Chirundinella","Calanoid",2,
813,"Clausocalanidae","urn:lsid:marinespecies.org:taxname:104082","Clausocalanidae Giesbrecht, 1893","Family","Animalia","Arthropoda","Copepoda","Calanoida","Clausocalanidae",,"Calanoid",1,
814,"Clausocalanus","urn:lsid:marinespecies.org:taxname:104161","Clausocalanus Giesbrecht, 1888","Genus","Animalia","Arthropoda","Copepoda","Calanoida","Clausocalanidae","Clausocalanus","Calanoid",11,
815,"Clausocalanus arcuicornis arcuicornis","urn:lsid:marinespecies.org:taxname:1461626","Clausocalanus arcuicornis arcuicornis (Dana, 1849)","Subspecies","Animalia","Arthropoda","Copepoda","Calanoida","Clausocalanidae","Clausocalanus","Calanoid",30,
816,"Clausocalanus brevipes","urn:lsid:marinespecies.org:taxname:342443","Clausocalanus brevipes Frost & Fleminger, 1968","Species","Animalia","Arthropoda","Copepoda","Calanoida","Clausocalanidae","Clausocalanus","Calanoid",8,27799
817,"Clausocalanus dubius","urn:lsid:marinespecies.org:taxname:346281","Clausocalanus dubius Brodsky, 1950","Species","Animalia","Arthropoda","Copepoda","Calanoida","Clausocalanidae","Clausocalanus","Calanoid",2,28216
818,"Clausocalanus farrani","urn:lsid:marinespecies.org:taxname:220843","Clausocalanus farrani Sewell, 1929","Species","Animalia","Arthropoda","Copepoda","Calanoida","Clausocalanidae","Clausocalanus","Calanoid",8,28157
819,"Clausocalanus furcatus","urn:lsid:marinespecies.org:taxname:104503","Clausocalanus furcatus (Brady, 1883)","Species","Animalia","Arthropoda","Copepoda","Calanoida","Clausocalanidae","Clausocalanus","Calanoid",34,28217
820,"Clausocalanus ingens","urn:lsid:marinespecies.org:taxname:345778","Clausocalanus ingens Frost & Fleminger, 1968","Species","Animalia","Arthropoda","Copepoda","Calanoida","Clausocalanidae","Clausocalanus","Calanoid",8,166922
821,"Clausocalanus jobei","urn:lsid:marinespecies.org:taxname:104504","Clausocalanus jobei Frost & Fleminger, 1968","Species","Animalia","Arthropoda","Copepoda","Calanoida","Clausocalanidae","Clausocalanus","Calanoid",18,28465
822,"Clausocalanus laticeps","urn:lsid:marinespecies.org:taxname:342444","Clausocalanus laticeps Farran, 1929","Species","Animalia","Arthropoda","Copepoda","Calanoida","Clausocalanidae","Clausocalanus","Calanoid",13,27800
823,"Clausocalanus lividus","urn:lsid:marinespecies.org:taxname:104505","Clausocalanus lividus Frost & Fleminger, 1968","Species","Animalia","Arthropoda","Copepoda","Calanoida","Clausocalanidae","Clausocalanus","Calanoid",50,28464
824,"Clausocalanus mastigophorus","urn:lsid:marinespecies.org:taxname:104506","Clausocalanus mastigophorus (Claus, 1863)","Species","Animalia","Arthropoda","Copepoda","Calanoida","Clausocalanidae","Clausocalanus","Calanoid",17,28466
825,"Clausocalanus minor","urn:lsid:marinespecies.org:taxname:220842","Clausocalanus minor Sewell, 1929","Species","Animalia","Arthropoda","Copepoda","Calanoida","Clausocalanidae","Clausocalanus","Calanoid",8,166772
826,"Clausocalanus parapergens","urn:lsid:marinespecies.org:taxname:104507","Clausocalanus parapergens Frost & Fleminger, 1968","Species","Animalia","Arthropoda","Copepoda","Calanoida","Clausocalanidae","Clausocalanus","Calanoid",17,28463
827,"Clausocalanus paululus","urn:lsid:marinespecies.org:taxname:104508","Clausocalanus paululus Farran, 1926","Species","Animalia","Arthropoda","Copepoda","Calanoida","Clausocalanidae","Clausocalanus","Calanoid",20,28467
828,"Clausocalanus pergens","urn:lsid:marinespecies.org:taxname:104509","Clausocalanus pergens Farran, 1926","Species","Animalia","Arthropoda","Copepoda","Calanoida","Clausocalanidae","Clausocalanus","Calanoid",20,28218
830,"Comantenna brevicornis","urn:lsid:marinespecies.org:taxname:104295","Comantenna brevicornis (Sars G.O., 1901)","Species","Animalia","Arthropoda","Copepoda","Calanoida","Aetideidae","Comantenna","Calanoid",4,28399
831,"Comantenna crassa","urn:lsid:marinespecies.org:taxname:346287","Comantenna crassa Bradford, 1969","Species","Animalia","Arthropoda","Copepoda","Calanoida","Aetideidae","Comantenna","Calanoid",1,
832,"Comantenna curtisetosa","urn:lsid:marinespecies.org:taxname:346288","Comantenna curtisetosa Alvarez, 1986","Species","Animalia","Arthropoda","Copepoda","Calanoida","Aetideidae","Comantenna","Calanoid",1,
833,"Comantenna gesinae","urn:lsid:marinespecies.org:taxname:342445","Comantenna gesinae Schulz, 2002","Species","Animalia","Arthropoda","Copepoda","Calanoida","Aetideidae","Comantenna","Calanoid",1,
834,"Comantenna recurvata","urn:lsid:marinespecies.org:taxname:346289","Comantenna recurvata Grice & Hulsemann, 1970","Species","Animalia","Arthropoda","Copepoda","Calanoida","Aetideidae","Comantenna","Calanoid",1,28148
836,"Cornucalanus chelifer","urn:lsid:marinespecies.org:taxname:104690","Cornucalanus chelifer (Thompson I.C., 1903)","Species","Animalia","Arthropoda","Copepoda","Calanoida","Phaennidae","Cornucalanus","Calanoid",7,29389
837,"Cornucalanus indicus","urn:lsid:marinespecies.org:taxname:104691","Cornucalanus indicus Sewell, 1929","Species","Animalia","Arthropoda","Copepoda","Calanoida","Phaennidae","Cornucalanus","Calanoid",2,29388
838,"Cornucalanus notabilis","urn:lsid:marinespecies.org:taxname:346296","Cornucalanus notabilis Brodsky & Zvereva, 1976","Species","Animalia","Arthropoda","Copepoda","Calanoida","Phaennidae","Cornucalanus","Calanoid",1,28239
839,"Cornucalanus robustus","urn:lsid:marinespecies.org:taxname:342448","Cornucalanus robustus Vervoort, 1957","Species","Animalia","Arthropoda","Copepoda","Calanoida","Phaennidae","Cornucalanus","Calanoid",2,
840,"Cornucalanus sewelli","urn:lsid:marinespecies.org:taxname:346297","Cornucalanus sewelli Vervoort, 1957","Species","Animalia","Arthropoda","Copepoda","Calanoida","Phaennidae","Cornucalanus","Calanoid",1,
841,"Cornucalanus simplex","urn:lsid:marinespecies.org:taxname:104692","Cornucalanus simplex Wolfenden, 1905","Species","Animalia","Arthropoda","Copepoda","Calanoida","Phaennidae","Cornucalanus","Calanoid",2,29390
843,"Cosmocalanus caroli","urn:lsid:marinespecies.org:taxname:346316","Cosmocalanus caroli (Giesbrecht, 1888)","Species","Animalia","Arthropoda","Copepoda","Calanoida","Calanidae","Cosmocalanus","Calanoid",2,
844,"Cosmocalanus darwinii darwinii","urn:lsid:marinespecies.org:taxname:1384339","Cosmocalanus darwinii darwinii (Lubbock, 1860)","Subspecies","Animalia","Arthropoda","Copepoda","Calanoida","Calanidae","Cosmocalanus","Calanoid",87,
846,"Crassantenna comosa","urn:lsid:marinespecies.org:taxname:346319","Crassantenna comosa Bradford, 1969","Species","Animalia","Arthropoda","Copepoda","Calanoida","Aetideidae","Crassantenna","Calanoid",1,
847,"Crassantenna mimorostrata","urn:lsid:marinespecies.org:taxname:346320","Crassantenna mimorostrata Bradford, 1969","Species","Animalia","Arthropoda","Copepoda","Calanoida","Aetideidae","Crassantenna","Calanoid",1,
848,"Crassarietellus","urn:lsid:marinespecies.org:taxname:104131","Crassarietellus Ohtsuka, Boxshall & Roe, 1994","Genus","Animalia","Arthropoda","Copepoda","Calanoida","Arietellidae","Crassarietellus","Calanoid",1,
849,"Crassarietellus huysi","urn:lsid:marinespecies.org:taxname:104354","Crassarietellus huysi Ohtsuka, Boxshall & Roe, 1994","Species","Animalia","Arthropoda","Copepoda","Calanoida","Arietellidae","Crassarietellus","Calanoid",1,
851,"Cryptonectes brachyceratus","urn:lsid:marinespecies.org:taxname:346322","Cryptonectes brachyceratus Fosshagen & Iliffe, 2004","Species","Animalia","Arthropoda","Copepoda","Calanoida","Epacteriscidae","Cryptonectes","Calanoid",1,
852,"Ctenocalanus","urn:lsid:marinespecies.org:taxname:104162","Ctenocalanus Giesbrecht, 1888","Genus","Animalia","Arthropoda","Copepoda","Calanoida","Clausocalanidae","Ctenocalanus","Calanoid",1,
853,"Ctenocalanus campaneri","urn:lsid:marinespecies.org:taxname:346323","Ctenocalanus campaneri Almeida Prado-Por, 1984","Species","Animalia","Arthropoda","Copepoda","Calanoida","Clausocalanidae","Ctenocalanus","Calanoid",2,
854,"Ctenocalanus citer","urn:lsid:marinespecies.org:taxname:342449","Ctenocalanus citer Heron & Bowman, 1971","Species","Animalia","Arthropoda","Copepoda","Calanoida","Clausocalanidae","Ctenocalanus","Calanoid",13,27801
855,"Ctenocalanus heronae","urn:lsid:marinespecies.org:taxname:346324","Ctenocalanus heronae Vega-Pérez & Bowman, 1992","Species","Animalia","Arthropoda","Copepoda","Calanoida","Clausocalanidae","Ctenocalanus","Calanoid",1,
856,"Ctenocalanus tageae","urn:lsid:marinespecies.org:taxname:346325","Ctenocalanus tageae Almeida Prado-Por, 1984","Species","Animalia","Arthropoda","Copepoda","Calanoida","Clausocalanidae","Ctenocalanus","Calanoid",2,
857,"Ctenocalanus vanus","urn:lsid:marinespecies.org:taxname:104510","Ctenocalanus vanus Giesbrecht, 1888","Species","Animalia","Arthropoda","Copepoda","Calanoida","Clausocalanidae","Ctenocalanus","Calanoid",37,28468
859,"Damkaeria bicornuta","urn:lsid:marinespecies.org:taxname:342450","Damkaeria bicornuta Schulz, 2006","Species","Animalia","Arthropoda","Copepoda","Calanoida","Spinocalanidae","Damkaeria","Calanoid",2,2384863
860,"Damkaeria falcifera","urn:lsid:marinespecies.org:taxname:104836","Damkaeria falcifera Fosshagen, 1983","Species","Animalia","Arthropoda","Copepoda","Calanoida","Spinocalanidae","Damkaeria","Calanoid",2,
862,"Delibus nudus","urn:lsid:marinespecies.org:taxname:363905","Delibus nudus (Sewell, 1929)","Species","Animalia","Arthropoda","Copepoda","Calanoida","Paracalanidae","Delibus","Calanoid",9,
863,"Delibus sewelli","urn:lsid:marinespecies.org:taxname:363906","Delibus sewelli (Björnberg T.K.S., 1982)","Species","Animalia","Arthropoda","Copepoda","Calanoida","Paracalanidae","Delibus","Calanoid",2,
865,"Diaiscolecithrix andeep","urn:lsid:marinespecies.org:taxname:557472","Diaiscolecithrix andeep Markhaseva, Schulz & Renz, 2010","Species","Animalia","Arthropoda","Copepoda","Calanoida","Scolecitrichidae","Diaiscolecithrix","Calanoid",1,
866,"Diaixidae","urn:lsid:marinespecies.org:taxname:104083","Diaixidae Sars G.O., 1902","Family","Animalia","Arthropoda","Copepoda","Calanoida","Diaixidae",,"Calanoid",2,
868,"Diaixis asymmetrica","urn:lsid:marinespecies.org:taxname:346352","Diaixis asymmetrica Grice & Hulsemann, 1970","Species","Animalia","Arthropoda","Copepoda","Calanoida","Diaixidae","Diaixis","Calanoid",2,28164
869,"Diaixis centrura","urn:lsid:marinespecies.org:taxname:346353","Diaixis centrura Connell, 1981","Species","Animalia","Arthropoda","Copepoda","Calanoida","Diaixidae","Diaixis","Calanoid",2,
870,"Diaixis gambiensis","urn:lsid:marinespecies.org:taxname:346354","Diaixis gambiensis Andronov, 1979","Species","Animalia","Arthropoda","Copepoda","Calanoida","Diaixidae","Diaixis","Calanoid",2,
871,"Diaixis helenae","urn:lsid:marinespecies.org:taxname:104520","Diaixis helenae Andronov, 1979","Species","Animalia","Arthropoda","Copepoda","Calanoida","Diaixidae","Diaixis","Calanoid",2,
872,"Diaixis hibernica","urn:lsid:marinespecies.org:taxname:104521","Diaixis hibernica (Scott A., 1896)","Species","Animalia","Arthropoda","Copepoda","Calanoida","Diaixidae","Diaixis","Calanoid",8,25726
873,"Diaixis pygmaea","urn:lsid:marinespecies.org:taxname:104522","Diaixis pygmaea Scott T., 1894","Species","Animalia","Arthropoda","Copepoda","Calanoida","Diaixidae","Diaixis","Calanoid",7,
874,"Diaixis tridentata","urn:lsid:marinespecies.org:taxname:346355","Diaixis tridentata Andronov, 1974","Species","Animalia","Arthropoda","Copepoda","Calanoida","Diaixidae","Diaixis","Calanoid",1,
875,"Diaixis trunovi","urn:lsid:marinespecies.org:taxname:104523","Diaixis trunovi Andronov, 1979","Species","Animalia","Arthropoda","Copepoda","Calanoida","Diaixidae","Diaixis","Calanoid",2,
876,"Disco","urn:lsid:marinespecies.org:taxname:104168","Disco Grice & Hulsemann, 1965","Genus","Animalia","Arthropoda","Copepoda","Calanoida","Discoidae","Disco","Calanoid",1,
877,"Disco atlanticus","urn:lsid:marinespecies.org:taxname:104524","Disco atlanticus Gordeeva K.T., 1974","Species","Animalia","Arthropoda","Copepoda","Calanoida","Discoidae","Disco","Calanoid",2,
878,"Disco caribbeanensis","urn:lsid:marinespecies.org:taxname:346361","Disco caribbeanensis Gordeeva K.T., 1974","Species","Animalia","Arthropoda","Copepoda","Calanoida","Discoidae","Disco","Calanoid",1,
879,"Disco compressus","urn:lsid:marinespecies.org:taxname:346362","Disco compressus Schulz, 2003","Species","Animalia","Arthropoda","Copepoda","Calanoida","Discoidae","Disco","Calanoid",1,
880,"Disco creatus","urn:lsid:marinespecies.org:taxname:346363","Disco creatus Gordeeva K.T., 1975","Species","Animalia","Arthropoda","Copepoda","Calanoida","Discoidae","Disco","Calanoid",1,
881,"Disco curtirostris","urn:lsid:marinespecies.org:taxname:346364","Disco curtirostris Gordeeva K.T., 1975","Species","Animalia","Arthropoda","Copepoda","Calanoida","Discoidae","Disco","Calanoid",2,
882,"Disco elephantus","urn:lsid:marinespecies.org:taxname:346371","Disco elephantus Gordeeva K.T., 1975","Species","Animalia","Arthropoda","Copepoda","Calanoida","Discoidae","Disco","Calanoid",1,
883,"Disco erythraeus","urn:lsid:marinespecies.org:taxname:104525","Disco erythraeus Gordeeva K.T., 1974","Species","Animalia","Arthropoda","Copepoda","Calanoida","Discoidae","Disco","Calanoid",1,
884,"Disco hartmanni","urn:lsid:marinespecies.org:taxname:104527","Disco hartmanni Schulz, 1993","Species","Animalia","Arthropoda","Copepoda","Calanoida","Discoidae","Disco","Calanoid",1,2384872
885,"Disco inflatus","urn:lsid:marinespecies.org:taxname:104528","Disco inflatus Grice & Hulsemann, 1965","Species","Animalia","Arthropoda","Copepoda","Calanoida","Discoidae","Disco","Calanoid",2,
886,"Disco intermedius","urn:lsid:marinespecies.org:taxname:346372","Disco intermedius Gordeeva K.T., 1976","Species","Animalia","Arthropoda","Copepoda","Calanoida","Discoidae","Disco","Calanoid",2,
887,"Disco marinus","urn:lsid:marinespecies.org:taxname:104530","Disco marinus Gordeeva K.T., 1974","Species","Animalia","Arthropoda","Copepoda","Calanoida","Discoidae","Disco","Calanoid",1,
888,"Disco minutus","urn:lsid:marinespecies.org:taxname:104532","Disco minutus Grice & Hulsemann, 1965","Species","Animalia","Arthropoda","Copepoda","Calanoida","Discoidae","Disco","Calanoid",4,
889,"Disco peltatus","urn:lsid:marinespecies.org:taxname:346374","Disco peltatus Gordeeva K.T., 1974","Species","Animalia","Arthropoda","Copepoda","Calanoida","Discoidae","Disco","Calanoid",1,
890,"Disco populosus","urn:lsid:marinespecies.org:taxname:104534","Disco populosus Gordeeva K.T., 1976","Species","Animalia","Arthropoda","Copepoda","Calanoida","Discoidae","Disco","Calanoid",1,
891,"Disco robustipes","urn:lsid:marinespecies.org:taxname:104535","Disco robustipes Gordeeva K.T., 1974","Species","Animalia","Arthropoda","Copepoda","Calanoida","Discoidae","Disco","Calanoid",1,
892,"Disco triangularis","urn:lsid:marinespecies.org:taxname:346375","Disco triangularis Markhaseva & Kosobokova, 1998","Species","Animalia","Arthropoda","Copepoda","Calanoida","Discoidae","Disco","Calanoid",1,2384873
893,"Disco tropicus","urn:lsid:marinespecies.org:taxname:346376","Disco tropicus Gordeeva K.T., 1974","Species","Animalia","Arthropoda","Copepoda","Calanoida","Discoidae","Disco","Calanoid",1,
894,"Disco vulgaris","urn:lsid:marinespecies.org:taxname:104536","Disco vulgaris Gordeeva K.T., 1974","Species","Animalia","Arthropoda","Copepoda","Calanoida","Discoidae","Disco","Calanoid",2,
895,"Discoidae","urn:lsid:marinespecies.org:taxname:104084","Discoidae Gordejeva, 1975","Family","Animalia","Arthropoda","Copepoda","Calanoida","Discoidae",,"Calanoid",2,
896,"Disseta","urn:lsid:marinespecies.org:taxname:104176","Disseta Giesbrecht, 1889","Genus","Animalia","Arthropoda","Copepoda","Calanoida","Heterorhabdidae","Disseta","Calanoid",2,
897,"Disseta magna","urn:lsid:marinespecies.org:taxname:346377","Disseta magna Bradford, 1971","Species","Animalia","Arthropoda","Copepoda","Calanoida","Heterorhabdidae","Disseta","Calanoid",3,28424
898,"Disseta palumbii","urn:lsid:marinespecies.org:taxname:345779","Disseta palumbii Giesbrecht, 1889","Species","Animalia","Arthropoda","Copepoda","Calanoida","Heterorhabdidae","Disseta","Calanoid",28,
899,"Disseta scopularis","urn:lsid:marinespecies.org:taxname:346378","Disseta scopularis (Brady, 1883)","Species","Animalia","Arthropoda","Copepoda","Calanoida","Heterorhabdidae","Disseta","Calanoid",7,28191
900,"Drepanopus","urn:lsid:marinespecies.org:taxname:149746","Drepanopus Brady, 1883","Genus","Animalia","Arthropoda","Copepoda","Calanoida","Clausocalanidae","Drepanopus","Calanoid",1,
901,"Drepanopus bispinosus","urn:lsid:marinespecies.org:taxname:342451","Drepanopus bispinosus Bayly, 1982","Species","Animalia","Arthropoda","Copepoda","Calanoida","Clausocalanidae","Drepanopus","Calanoid",3,
902,"Drepanopus bungei","urn:lsid:marinespecies.org:taxname:149756","Drepanopus bungei Sars G.O., 1898","Species","Animalia","Arthropoda","Copepoda","Calanoida","Clausocalanidae","Drepanopus","Calanoid",6,28159
903,"Drepanopus forcipatus","urn:lsid:marinespecies.org:taxname:342452","Drepanopus forcipatus Giesbrecht, 1888","Species","Animalia","Arthropoda","Copepoda","Calanoida","Clausocalanidae","Drepanopus","Calanoid",2,154686
904,"Drepanopus pectinatus","urn:lsid:marinespecies.org:taxname:342453","Drepanopus pectinatus Brady, 1883","Species","Animalia","Arthropoda","Copepoda","Calanoida","Clausocalanidae","Drepanopus","Calanoid",2,27811
906,"Dussartopages fagesi","urn:lsid:marinespecies.org:taxname:429366","Dussartopages fagesi (Dussart, 1986)","Species","Animalia","Arthropoda","Copepoda","Calanoida","Centropagidae","Dussartopages","Calanoid",2,2380925
908,"Edaxiella rubra","urn:lsid:marinespecies.org:taxname:346380","Edaxiella rubra Fosshagen, Boxshall & Iliffe, 2001","Species","Animalia","Arthropoda","Copepoda","Calanoida","Epacteriscidae","Edaxiella","Calanoid",2,
909,"Elenacalanus eltaninae","urn:lsid:marinespecies.org:taxname:955129","Elenacalanus eltaninae (Björnberg, 1968)","Species","Animalia","Arthropoda","Copepoda","Calanoida","Megacalanidae","Elenacalanus","Calanoid",2,
910,"Elenacalanus inflatus","urn:lsid:marinespecies.org:taxname:955133","Elenacalanus inflatus (Björnberg, 1968)","Species","Animalia","Arthropoda","Copepoda","Calanoida","Megacalanidae","Elenacalanus","Calanoid",1,
911,"Elenacalanus princeps","urn:lsid:marinespecies.org:taxname:955128","Elenacalanus princeps (Brady, 1883)","Species","Animalia","Arthropoda","Copepoda","Calanoida","Megacalanidae","Elenacalanus","Calanoid",7,
912,"Elenacalanus sverdrupi","urn:lsid:marinespecies.org:taxname:955134","Elenacalanus sverdrupi (Johnson, 1958)","Species","Animalia","Arthropoda","Copepoda","Calanoida","Megacalanidae","Elenacalanus","Calanoid",1,
914,"Enantiosis belizensis","urn:lsid:marinespecies.org:taxname:346382","Enantiosis belizensis Fosshagen, Boxshall & Iliffe, 2001","Species","Animalia","Arthropoda","Copepoda","Calanoida","Epacteriscidae","Enantiosis","Calanoid",2,
915,"Enantiosis bermudensis","urn:lsid:marinespecies.org:taxname:346383","Enantiosis bermudensis Fosshagen, Boxshall & Iliffe, 2001","Species","Animalia","Arthropoda","Copepoda","Calanoida","Epacteriscidae","Enantiosis","Calanoid",2,
916,"Enantiosis cavernicola","urn:lsid:marinespecies.org:taxname:346384","Enantiosis cavernicola Barr, 1984","Species","Animalia","Arthropoda","Copepoda","Calanoida","Epacteriscidae","Enantiosis","Calanoid",2,
917,"Enantiosis conspinulata","urn:lsid:marinespecies.org:taxname:346385","Enantiosis conspinulata Fosshagen, Boxshall & Iliffe, 2001","Species","Animalia","Arthropoda","Copepoda","Calanoida","Epacteriscidae","Enantiosis","Calanoid",2,
918,"Enantiosis dicerata","urn:lsid:marinespecies.org:taxname:346386","Enantiosis dicerata Fosshagen, Boxshall & Iliffe, 2001","Species","Animalia","Arthropoda","Copepoda","Calanoida","Epacteriscidae","Enantiosis","Calanoid",2,
919,"Enantiosis galapagensis","urn:lsid:marinespecies.org:taxname:346387","Enantiosis galapagensis Fosshagen, Boxshall & Iliffe, 2001","Species","Animalia","Arthropoda","Copepoda","Calanoida","Epacteriscidae","Enantiosis","Calanoid",2,
920,"Enantiosis longiprocessa","urn:lsid:marinespecies.org:taxname:346388","Enantiosis longiprocessa Fosshagen, Boxshall & Iliffe, 2001","Species","Animalia","Arthropoda","Copepoda","Calanoida","Epacteriscidae","Enantiosis","Calanoid",1,
922,"Enantronia canariensis","urn:lsid:marinespecies.org:taxname:346390","Enantronia canariensis Fosshagen, Boxshall & Iliffe, 2001","Species","Animalia","Arthropoda","Copepoda","Calanoida","Epacteriscidae","Enantronia","Calanoid",1,
924,"Enantronoides bahamensis","urn:lsid:marinespecies.org:taxname:346392","Enantronoides bahamensis Fosshagen, Boxshall & Iliffe, 2001","Species","Animalia","Arthropoda","Copepoda","Calanoida","Epacteriscidae","Enantronoides","Calanoid",1,
925,"Epacteriscidae","urn:lsid:marinespecies.org:taxname:345950","Epacteriscidae Fosshagen, 1973","Family","Animalia","Arthropoda","Copepoda","Calanoida","Epacteriscidae",,"Calanoid",1,
927,"Epacteriscus cuspidantennula","urn:lsid:marinespecies.org:taxname:346394","Epacteriscus cuspidantennula Fosshagen, Boxshall & Iliffe, 2001","Species","Animalia","Arthropoda","Copepoda","Calanoida","Epacteriscidae","Epacteriscus","Calanoid",2,
928,"Epacteriscus dentipes","urn:lsid:marinespecies.org:taxname:346395","Epacteriscus dentipes Fosshagen, Boxshall & Iliffe, 2001","Species","Animalia","Arthropoda","Copepoda","Calanoida","Epacteriscidae","Epacteriscus","Calanoid",2,
929,"Epacteriscus rapax","urn:lsid:marinespecies.org:taxname:346396","Epacteriscus rapax Fosshagen, 1973","Species","Animalia","Arthropoda","Copepoda","Calanoida","Epacteriscidae","Epacteriscus","Calanoid",2,28262
930,"Epilabidocera","urn:lsid:marinespecies.org:taxname:254329","Epilabidocera Wilson C.B., 1932","Genus","Animalia","Arthropoda","Copepoda","Calanoida","Pontellidae","Epilabidocera","Calanoid",4,
931,"Epilabidocera longipedata","urn:lsid:marinespecies.org:taxname:346398","Epilabidocera longipedata (Sato, 1913)","Species","Animalia","Arthropoda","Copepoda","Calanoida","Pontellidae","Epilabidocera","Calanoid",23,29757
933,"Erebonectes nesioticus","urn:lsid:marinespecies.org:taxname:346400","Erebonectes nesioticus Fosshagen, in Fosshagen & Iliffe, 1985","Species","Animalia","Arthropoda","Copepoda","Calanoida","Epacteriscidae","Erebonectes","Calanoid",2,
935,"Erebonectoides macrochaetus","urn:lsid:marinespecies.org:taxname:346402","Erebonectoides macrochaetus (Fosshagen & Iliffe, 1994)","Species","Animalia","Arthropoda","Copepoda","Calanoida","Epacteriscidae","Erebonectoides","Calanoid",2,
936,"Euaugaptilus","urn:lsid:marinespecies.org:taxname:104139","Euaugaptilus Sars G.O., 1920","Genus","Animalia","Arthropoda","Copepoda","Calanoida","Augaptilidae","Euaugaptilus","Calanoid",10,
937,"Euaugaptilus affinis","urn:lsid:marinespecies.org:taxname:104379","Euaugaptilus affinis Sars G.O., 1920","Species","Animalia","Arthropoda","Copepoda","Calanoida","Augaptilidae","Euaugaptilus","Calanoid",2,26415
938,"Euaugaptilus aliquantus","urn:lsid:marinespecies.org:taxname:342454","Euaugaptilus aliquantus Park, 1993","Species","Animalia","Arthropoda","Copepoda","Calanoida","Augaptilidae","Euaugaptilus","Calanoid",1,
939,"Euaugaptilus angustus","urn:lsid:marinespecies.org:taxname:104380","Euaugaptilus angustus (Sars G.O., 1905)","Species","Animalia","Arthropoda","Copepoda","Calanoida","Augaptilidae","Euaugaptilus","Calanoid",4,26124
940,"Euaugaptilus antarcticus","urn:lsid:marinespecies.org:taxname:342455","Euaugaptilus antarcticus (Wolfenden, 1911)","Species","Animalia","Arthropoda","Copepoda","Calanoida","Augaptilidae","Euaugaptilus","Calanoid",6,
941,"Euaugaptilus atlanticus","urn:lsid:marinespecies.org:taxname:104381","Euaugaptilus atlanticus Roe, 1975","Species","Animalia","Arthropoda","Copepoda","Calanoida","Augaptilidae","Euaugaptilus","Calanoid",2,
942,"Euaugaptilus austrinus","urn:lsid:marinespecies.org:taxname:342456","Euaugaptilus austrinus Park, 1993","Species","Animalia","Arthropoda","Copepoda","Calanoida","Augaptilidae","Euaugaptilus","Calanoid",2,
943,"Euaugaptilus brevirostratus","urn:lsid:marinespecies.org:taxname:345780","Euaugaptilus brevirostratus Park, 1993","Species","Animalia","Arthropoda","Copepoda","Calanoida","Augaptilidae","Euaugaptilus","Calanoid",2,
944,"Euaugaptilus brodskyi","urn:lsid:marinespecies.org:taxname:104382","Euaugaptilus brodskyi Hulsemann, 1967","Species","Animalia","Arthropoda","Copepoda","Calanoida","Augaptilidae","Euaugaptilus","Calanoid",5,
945,"Euaugaptilus bullifer","urn:lsid:marinespecies.org:taxname:104383","Euaugaptilus bullifer (Giesbrecht, 1889)","Species","Animalia","Arthropoda","Copepoda","Calanoida","Augaptilidae","Euaugaptilus","Calanoid",5,26125
946,"Euaugaptilus clavatus","urn:lsid:marinespecies.org:taxname:104384","Euaugaptilus clavatus (Sars G.O., 1907)","Species","Animalia","Arthropoda","Copepoda","Calanoida","Augaptilidae","Euaugaptilus","Calanoid",1,26126
947,"Euaugaptilus curtus","urn:lsid:marinespecies.org:taxname:221312","Euaugaptilus curtus Grice & Hulsemann, 1967","Species","Animalia","Arthropoda","Copepoda","Calanoida","Augaptilidae","Euaugaptilus","Calanoid",2,
948,"Euaugaptilus digitatus","urn:lsid:marinespecies.org:taxname:104385","Euaugaptilus digitatus Sars G.O., 1920","Species","Animalia","Arthropoda","Copepoda","Calanoida","Augaptilidae","Euaugaptilus","Calanoid",4,26127
949,"Euaugaptilus diminutus","urn:lsid:marinespecies.org:taxname:346403","Euaugaptilus diminutus Park, 1970","Species","Animalia","Arthropoda","Copepoda","Calanoida","Augaptilidae","Euaugaptilus","Calanoid",1,
950,"Euaugaptilus distinctus","urn:lsid:marinespecies.org:taxname:346404","Euaugaptilus distinctus (Brodsky, 1950)","Species","Animalia","Arthropoda","Copepoda","Calanoida","Augaptilidae","Euaugaptilus","Calanoid",3,
951,"Euaugaptilus elongatus","urn:lsid:marinespecies.org:taxname:104386","Euaugaptilus elongatus (Sars G.O., 1905)","Species","Animalia","Arthropoda","Copepoda","Calanoida","Augaptilidae","Euaugaptilus","Calanoid",4,26128
952,"Euaugaptilus facilis","urn:lsid:marinespecies.org:taxname:104387","Euaugaptilus facilis (Farran, 1908)","Species","Animalia","Arthropoda","Copepoda","Calanoida","Augaptilidae","Euaugaptilus","Calanoid",5,26714
953,"Euaugaptilus fagettiae","urn:lsid:marinespecies.org:taxname:346405","Euaugaptilus fagettiae Björnberg T.K.S., 1975","Species","Animalia","Arthropoda","Copepoda","Calanoida","Augaptilidae","Euaugaptilus","Calanoid",1,
954,"Euaugaptilus farrani","urn:lsid:marinespecies.org:taxname:104388","Euaugaptilus farrani Sars G.O., 1920","Species","Animalia","Arthropoda","Copepoda","Calanoida","Augaptilidae","Euaugaptilus","Calanoid",1,
955,"Euaugaptilus fecundus","urn:lsid:marinespecies.org:taxname:104389","Euaugaptilus fecundus Tanaka & Omori, 1974","Species","Animalia","Arthropoda","Copepoda","Calanoida","Augaptilidae","Euaugaptilus","Calanoid",2,
956,"Euaugaptilus filigerus","urn:lsid:marinespecies.org:taxname:104390","Euaugaptilus filigerus (Claus, 1863)","Species","Animalia","Arthropoda","Copepoda","Calanoida","Augaptilidae","Euaugaptilus","Calanoid",8,26715
957,"Euaugaptilus fosaii","urn:lsid:marinespecies.org:taxname:346406","Euaugaptilus fosaii Pineda-Polo, 1979","Species","Animalia","Arthropoda","Copepoda","Calanoida","Augaptilidae","Euaugaptilus","Calanoid",1,
958,"Euaugaptilus fundatus","urn:lsid:marinespecies.org:taxname:221310","Euaugaptilus fundatus Grice & Hulsemann, 1967","Species","Animalia","Arthropoda","Copepoda","Calanoida","Augaptilidae","Euaugaptilus","Calanoid",1,
959,"Euaugaptilus gibbus","urn:lsid:marinespecies.org:taxname:104391","Euaugaptilus gibbus (Wolfenden, 1904)","Species","Animalia","Arthropoda","Copepoda","Calanoida","Augaptilidae","Euaugaptilus","Calanoid",5,26716
960,"Euaugaptilus gracilis","urn:lsid:marinespecies.org:taxname:104392","Euaugaptilus gracilis (Sars G.O., 1905)","Species","Animalia","Arthropoda","Copepoda","Calanoida","Augaptilidae","Euaugaptilus","Calanoid",1,28185
961,"Euaugaptilus graciloides","urn:lsid:marinespecies.org:taxname:346407","Euaugaptilus graciloides Brodsky, 1950","Species","Animalia","Arthropoda","Copepoda","Calanoida","Augaptilidae","Euaugaptilus","Calanoid",3,29624
962,"Euaugaptilus grandicornis","urn:lsid:marinespecies.org:taxname:104393","Euaugaptilus grandicornis Sars G.O., 1920","Species","Animalia","Arthropoda","Copepoda","Calanoida","Augaptilidae","Euaugaptilus","Calanoid",1,
963,"Euaugaptilus hadrocephalus","urn:lsid:marinespecies.org:taxname:342457","Euaugaptilus hadrocephalus Park, 1993","Species","Animalia","Arthropoda","Copepoda","Calanoida","Augaptilidae","Euaugaptilus","Calanoid",1,
964,"Euaugaptilus hecticus","urn:lsid:marinespecies.org:taxname:104394","Euaugaptilus hecticus (Giesbrecht, 1892)","Species","Animalia","Arthropoda","Copepoda","Calanoida","Augaptilidae","Euaugaptilus","Calanoid",20,29715
965,"Euaugaptilus hulsemannae","urn:lsid:marinespecies.org:taxname:346408","Euaugaptilus hulsemannae Matthews, 1972","Species","Animalia","Arthropoda","Copepoda","Calanoida","Augaptilidae","Euaugaptilus","Calanoid",1,
966,"Euaugaptilus humilis","urn:lsid:marinespecies.org:taxname:104395","Euaugaptilus humilis Farran, 1926","Species","Animalia","Arthropoda","Copepoda","Calanoida","Augaptilidae","Euaugaptilus","Calanoid",2,26717
967,"Euaugaptilus hyperboreus","urn:lsid:marinespecies.org:taxname:104396","Euaugaptilus hyperboreus Brodsky, 1950","Species","Animalia","Arthropoda","Copepoda","Calanoida","Augaptilidae","Euaugaptilus","Calanoid",9,29625
968,"Euaugaptilus indicus","urn:lsid:marinespecies.org:taxname:221307","Euaugaptilus indicus Sewell, 1932","Species","Animalia","Arthropoda","Copepoda","Calanoida","Augaptilidae","Euaugaptilus","Calanoid",1,
969,"Euaugaptilus laticeps","urn:lsid:marinespecies.org:taxname:104397","Euaugaptilus laticeps (Sars G.O., 1905)","Species","Animalia","Arthropoda","Copepoda","Calanoida","Augaptilidae","Euaugaptilus","Calanoid",16,26718
970,"Euaugaptilus latifrons","urn:lsid:marinespecies.org:taxname:104398","Euaugaptilus latifrons (Sars G.O., 1907)","Species","Animalia","Arthropoda","Copepoda","Calanoida","Augaptilidae","Euaugaptilus","Calanoid",1,
971,"Euaugaptilus longicirrhus","urn:lsid:marinespecies.org:taxname:104399","Euaugaptilus longicirrhus (Sars G.O., 1905)","Species","Animalia","Arthropoda","Copepoda","Calanoida","Augaptilidae","Euaugaptilus","Calanoid",1,
972,"Euaugaptilus longimanus","urn:lsid:marinespecies.org:taxname:221313","Euaugaptilus longimanus (Sars G.O., 1905)","Species","Animalia","Arthropoda","Copepoda","Calanoida","Augaptilidae","Euaugaptilus","Calanoid",4,28187
973,"Euaugaptilus longiseta","urn:lsid:marinespecies.org:taxname:104401","Euaugaptilus longiseta Grice & Hulsemann, 1965","Species","Animalia","Arthropoda","Copepoda","Calanoida","Augaptilidae","Euaugaptilus","Calanoid",2,
974,"Euaugaptilus luxus","urn:lsid:marinespecies.org:taxname:346409","Euaugaptilus luxus Tanaka & Omori, 1974","Species","Animalia","Arthropoda","Copepoda","Calanoida","Augaptilidae","Euaugaptilus","Calanoid",1,
975,"Euaugaptilus magnus","urn:lsid:marinespecies.org:taxname:104402","Euaugaptilus magnus (Wolfenden, 1904)","Species","Animalia","Arthropoda","Copepoda","Calanoida","Augaptilidae","Euaugaptilus","Calanoid",12,29712
976,"Euaugaptilus malacus","urn:lsid:marinespecies.org:taxname:221311","Euaugaptilus malacus Grice & Hulsemann, 1967","Species","Animalia","Arthropoda","Copepoda","Calanoida","Augaptilidae","Euaugaptilus","Calanoid",1,
977,"Euaugaptilus marginatus","urn:lsid:marinespecies.org:taxname:346410","Euaugaptilus marginatus Tanaka, 1964","Species","Animalia","Arthropoda","Copepoda","Calanoida","Augaptilidae","Euaugaptilus","Calanoid",1,
978,"Euaugaptilus matsuei","urn:lsid:marinespecies.org:taxname:346411","Euaugaptilus matsuei Tanaka & Omori, 1967","Species","Animalia","Arthropoda","Copepoda","Calanoida","Augaptilidae","Euaugaptilus","Calanoid",1,
979,"Euaugaptilus maxillaris","urn:lsid:marinespecies.org:taxname:104403","Euaugaptilus maxillaris Sars G.O., 1920","Species","Animalia","Arthropoda","Copepoda","Calanoida","Augaptilidae","Euaugaptilus","Calanoid",2,
980,"Euaugaptilus modestus","urn:lsid:marinespecies.org:taxname:346412","Euaugaptilus modestus Brodsky, 1950","Species","Animalia","Arthropoda","Copepoda","Calanoida","Augaptilidae","Euaugaptilus","Calanoid",1,29627
981,"Euaugaptilus nodifrons","urn:lsid:marinespecies.org:taxname:104406","Euaugaptilus nodifrons (Sars G.O., 1905)","Species","Animalia","Arthropoda","Copepoda","Calanoida","Augaptilidae","Euaugaptilus","Calanoid",11,29713
982,"Euaugaptilus nudus","urn:lsid:marinespecies.org:taxname:346413","Euaugaptilus nudus Tanaka, 1964","Species","Animalia","Arthropoda","Copepoda","Calanoida","Augaptilidae","Euaugaptilus","Calanoid",1,
983,"Euaugaptilus oblongus","urn:lsid:marinespecies.org:taxname:104407","Euaugaptilus oblongus (Sars G.O., 1905)","Species","Animalia","Arthropoda","Copepoda","Calanoida","Augaptilidae","Euaugaptilus","Calanoid",6,29711
984,"Euaugaptilus pachychaeta","urn:lsid:marinespecies.org:taxname:346414","Euaugaptilus pachychaeta Matthews, 1972","Species","Animalia","Arthropoda","Copepoda","Calanoida","Augaptilidae","Euaugaptilus","Calanoid",1,
985,"Euaugaptilus pacificus","urn:lsid:marinespecies.org:taxname:346415","Euaugaptilus pacificus Matthews, 1972","Species","Animalia","Arthropoda","Copepoda","Calanoida","Augaptilidae","Euaugaptilus","Calanoid",2,
986,"Euaugaptilus palumboii","urn:lsid:marinespecies.org:taxname:221309","Euaugaptilus palumboii (Giesbrecht, 1889)","Species","Animalia","Arthropoda","Copepoda","Calanoida","Augaptilidae","Euaugaptilus","Calanoid",6,
987,"Euaugaptilus parabullifer","urn:lsid:marinespecies.org:taxname:346416","Euaugaptilus parabullifer Brodsky, 1950","Species","Animalia","Arthropoda","Copepoda","Calanoida","Augaptilidae","Euaugaptilus","Calanoid",4,29629
988,"Euaugaptilus paroblongus","urn:lsid:marinespecies.org:taxname:104409","Euaugaptilus paroblongus Matthews, 1972","Species","Animalia","Arthropoda","Copepoda","Calanoida","Augaptilidae","Euaugaptilus","Calanoid",1,
989,"Euaugaptilus penicillatus","urn:lsid:marinespecies.org:taxname:104410","Euaugaptilus penicillatus Sars G.O., 1920","Species","Animalia","Arthropoda","Copepoda","Calanoida","Augaptilidae","Euaugaptilus","Calanoid",3,26719
990,"Euaugaptilus perasetosus","urn:lsid:marinespecies.org:taxname:342467","Euaugaptilus perasetosus Park, 1993","Species","Animalia","Arthropoda","Copepoda","Calanoida","Augaptilidae","Euaugaptilus","Calanoid",2,
991,"Euaugaptilus propinquus","urn:lsid:marinespecies.org:taxname:351648","Euaugaptilus propinquus Sars G.O., 1920","Species","Animalia","Arthropoda","Copepoda","Calanoida","Augaptilidae","Euaugaptilus","Calanoid",1,
992,"Euaugaptilus pseudaffinis","urn:lsid:marinespecies.org:taxname:351649","Euaugaptilus pseudaffinis Brodsky, 1950","Species","Animalia","Arthropoda","Copepoda","Calanoida","Augaptilidae","Euaugaptilus","Calanoid",2,29630
993,"Euaugaptilus quaesitus","urn:lsid:marinespecies.org:taxname:221308","Euaugaptilus quaesitus Grice & Hulsemann, 1967","Species","Animalia","Arthropoda","Copepoda","Calanoida","Augaptilidae","Euaugaptilus","Calanoid",1,
994,"Euaugaptilus rectus","urn:lsid:marinespecies.org:taxname:104412","Euaugaptilus rectus Grice & Hulsemann, 1967","Species","Animalia","Arthropoda","Copepoda","Calanoida","Augaptilidae","Euaugaptilus","Calanoid",1,
995,"Euaugaptilus rigidus","urn:lsid:marinespecies.org:taxname:104413","Euaugaptilus rigidus (Sars G.O., 1907)","Species","Animalia","Arthropoda","Copepoda","Calanoida","Augaptilidae","Euaugaptilus","Calanoid",3,29714
996,"Euaugaptilus roei","urn:lsid:marinespecies.org:taxname:104414","Euaugaptilus roei Matthews, 1972","Species","Animalia","Arthropoda","Copepoda","Calanoida","Augaptilidae","Euaugaptilus","Calanoid",1,
997,"Euaugaptilus sarsi","urn:lsid:marinespecies.org:taxname:104415","Euaugaptilus sarsi Grice & Hulsemann, 1965","Species","Animalia","Arthropoda","Copepoda","Calanoida","Augaptilidae","Euaugaptilus","Calanoid",1,
998,"Euaugaptilus similis","urn:lsid:marinespecies.org:taxname:430073","Euaugaptilus similis (Farran, 1908)","Species","Animalia","Arthropoda","Copepoda","Calanoida","Augaptilidae","Euaugaptilus","Calanoid",4,29709
999,"Euaugaptilus squamatus","urn:lsid:marinespecies.org:taxname:104417","Euaugaptilus squamatus (Giesbrecht, 1889)","Species","Animalia","Arthropoda","Copepoda","Calanoida","Augaptilidae","Euaugaptilus","Calanoid",3,26720
1000,"Euaugaptilus sublongiseta","urn:lsid:marinespecies.org:taxname:346417","Euaugaptilus sublongiseta Park, 1970","Species","Animalia","Arthropoda","Copepoda","Calanoida","Augaptilidae","Euaugaptilus","Calanoid",1,
1001,"Euaugaptilus tenuicaudis","urn:lsid:marinespecies.org:taxname:104418","Euaugaptilus tenuicaudis (Sars G.O., 1905)","Species","Animalia","Arthropoda","Copepoda","Calanoida","Augaptilidae","Euaugaptilus","Calanoid",1,
1002,"Euaugaptilus tenuispinus","urn:lsid:marinespecies.org:taxname:104419","Euaugaptilus tenuispinus Sars G.O., 1920","Species","Animalia","Arthropoda","Copepoda","Calanoida","Augaptilidae","Euaugaptilus","Calanoid",1,28188
1003,"Euaugaptilus truncatus","urn:lsid:marinespecies.org:taxname:104420","Euaugaptilus truncatus (Sars G.O., 1905)","Species","Animalia","Arthropoda","Copepoda","Calanoida","Augaptilidae","Euaugaptilus","Calanoid",2,26721
1004,"Euaugaptilus unisetosus","urn:lsid:marinespecies.org:taxname:346418","Euaugaptilus unisetosus Park, 1970","Species","Animalia","Arthropoda","Copepoda","Calanoida","Augaptilidae","Euaugaptilus","Calanoid",1,
1005,"Euaugaptilus vescus","urn:lsid:marinespecies.org:taxname:346420","Euaugaptilus vescus Park, 1970","Species","Animalia","Arthropoda","Copepoda","Calanoida","Augaptilidae","Euaugaptilus","Calanoid",1,
1006,"Euaugaptilus vicinus","urn:lsid:marinespecies.org:taxname:104421","Euaugaptilus vicinus Sars G.O., 1920","Species","Animalia","Arthropoda","Copepoda","Calanoida","Augaptilidae","Euaugaptilus","Calanoid",1,
1007,"Eucalanidae","urn:lsid:marinespecies.org:taxname:104085","Eucalanidae Giesbrecht, 1893","Family","Animalia","Arthropoda","Copepoda","Calanoida","Eucalanidae",,"Calanoid",4,
1008,"Eucalanus","urn:lsid:marinespecies.org:taxname:104171","Eucalanus Dana, 1852-1853","Genus","Animalia","Arthropoda","Copepoda","Calanoida","Eucalanidae","Eucalanus","Calanoid",13,
1009,"Eucalanus bungii","urn:lsid:marinespecies.org:taxname:196775","Eucalanus bungii Giesbrecht, 1893","Species","Animalia","Arthropoda","Copepoda","Calanoida","Eucalanidae","Eucalanus","Calanoid",197,28587
1010,"Eucalanus californicus","urn:lsid:marinespecies.org:taxname:346434","Eucalanus californicus Johnson M.W., 1938","Species","Animalia","Arthropoda","Copepoda","Calanoida","Eucalanidae","Eucalanus","Calanoid",32,28263
1011,"Eucalanus elongatus elongatus","urn:lsid:marinespecies.org:taxname:847452","Eucalanus elongatus elongatus (Dana, 1848)","Subspecies","Animalia","Arthropoda","Copepoda","Calanoida","Eucalanidae","Eucalanus","Calanoid",28,
1012,"Eucalanus hyalinus","urn:lsid:marinespecies.org:taxname:345781","Eucalanus hyalinus (Claus, 1866)","Species","Animalia","Arthropoda","Copepoda","Calanoida","Eucalanidae","Eucalanus","Calanoid",36,28592
1013,"Eucalanus inermis","urn:lsid:marinespecies.org:taxname:346435","Eucalanus inermis Giesbrecht, 1893","Species","Animalia","Arthropoda","Copepoda","Calanoida","Eucalanidae","Eucalanus","Calanoid",2,28589
1014,"Eucalanus muticus","urn:lsid:marinespecies.org:taxname:346436","Eucalanus muticus Wilson C.B., 1950","Species","Animalia","Arthropoda","Copepoda","Calanoida","Eucalanidae","Eucalanus","Calanoid",2,
1015,"Euchaeta","urn:lsid:marinespecies.org:taxname:104174","Euchaeta Philippi, 1843","Genus","Animalia","Arthropoda","Copepoda","Calanoida","Euchaetidae","Euchaeta","Calanoid",15,
1016,"Euchaeta acuta","urn:lsid:marinespecies.org:taxname:104550","Euchaeta acuta Giesbrecht, 1893","Species","Animalia","Arthropoda","Copepoda","Calanoida","Euchaetidae","Euchaeta","Calanoid",53,29367
1017,"Euchaeta concinna","urn:lsid:marinespecies.org:taxname:104551","Euchaeta concinna Dana, 1849","Species","Animalia","Arthropoda","Copepoda","Calanoida","Euchaetidae","Euchaeta","Calanoid",10,25722
1018,"Euchaeta indica","urn:lsid:marinespecies.org:taxname:346438","Euchaeta indica Wolfenden, 1905","Species","Animalia","Arthropoda","Copepoda","Calanoida","Euchaetidae","Euchaeta","Calanoid",24,25723
1019,"Euchaeta longicornis","urn:lsid:marinespecies.org:taxname:346439","Euchaeta longicornis Giesbrecht, 1888","Species","Animalia","Arthropoda","Copepoda","Calanoida","Euchaetidae","Euchaeta","Calanoid",14,25724
1020,"Euchaeta magniloba","urn:lsid:marinespecies.org:taxname:346440","Euchaeta magniloba Park, 1978","Species","Animalia","Arthropoda","Copepoda","Calanoida","Euchaetidae","Euchaeta","Calanoid",1,
1021,"Euchaeta marina","urn:lsid:marinespecies.org:taxname:104552","Euchaeta marina (Prestandrea, 1833)","Species","Animalia","Arthropoda","Copepoda","Calanoida","Euchaetidae","Euchaeta","Calanoid",323,29370
1022,"Euchaeta marinella","urn:lsid:marinespecies.org:taxname:346441","Euchaeta marinella Bradford, 1974","Species","Animalia","Arthropoda","Copepoda","Calanoida","Euchaetidae","Euchaeta","Calanoid",8,
1023,"Euchaeta media","urn:lsid:marinespecies.org:taxname:104553","Euchaeta media Giesbrecht, 1888","Species","Animalia","Arthropoda","Copepoda","Calanoida","Euchaetidae","Euchaeta","Calanoid",26,29371
1024,"Euchaeta paraacuta","urn:lsid:marinespecies.org:taxname:358533","Euchaeta paraacuta Tanaka, 1973","Species","Animalia","Arthropoda","Copepoda","Calanoida","Euchaetidae","Euchaeta","Calanoid",1,
1025,"Euchaeta paraconcinna","urn:lsid:marinespecies.org:taxname:196780","Euchaeta paraconcinna Fleminger, 1957","Species","Animalia","Arthropoda","Copepoda","Calanoida","Euchaetidae","Euchaeta","Calanoid",10,29380
1026,"Euchaeta plana","urn:lsid:marinespecies.org:taxname:346443","Euchaeta plana Mori, 1937","Species","Animalia","Arthropoda","Copepoda","Calanoida","Euchaetidae","Euchaeta","Calanoid",20,29373
1027,"Euchaeta pubera","urn:lsid:marinespecies.org:taxname:104554","Euchaeta pubera Sars G.O., 1907","Species","Animalia","Arthropoda","Copepoda","Calanoida","Euchaetidae","Euchaeta","Calanoid",12,
1028,"Euchaeta rimana","urn:lsid:marinespecies.org:taxname:346444","Euchaeta rimana Bradford, 1974","Species","Animalia","Arthropoda","Copepoda","Calanoida","Euchaetidae","Euchaeta","Calanoid",10,25721
1029,"Euchaeta spinosa","urn:lsid:marinespecies.org:taxname:104555","Euchaeta spinosa Giesbrecht, 1893","Species","Animalia","Arthropoda","Copepoda","Calanoida","Euchaetidae","Euchaeta","Calanoid",93,29375
1030,"Euchaeta tenuis","urn:lsid:marinespecies.org:taxname:220847","Euchaeta tenuis Esterly, 1906","Species","Animalia","Arthropoda","Copepoda","Calanoida","Euchaetidae","Euchaeta","Calanoid",2,29376
1031,"Euchaeta wrighti","urn:lsid:marinespecies.org:taxname:346445","Euchaeta wrighti Park, 1968","Species","Animalia","Arthropoda","Copepoda","Calanoida","Euchaetidae","Euchaeta","Calanoid",1,
1032,"Euchaetidae","urn:lsid:marinespecies.org:taxname:104086","Euchaetidae Giesbrecht, 1893","Family","Animalia","Arthropoda","Copepoda","Calanoida","Euchaetidae",,"Calanoid",3,
1033,"Euchirella","urn:lsid:marinespecies.org:taxname:104120","Euchirella Giesbrecht, 1888","Genus","Animalia","Arthropoda","Copepoda","Calanoida","Aetideidae","Euchirella","Calanoid",59,
1034,"Euchirella amoena","urn:lsid:marinespecies.org:taxname:104296","Euchirella amoena Giesbrecht, 1888","Species","Animalia","Arthropoda","Copepoda","Calanoida","Aetideidae","Euchirella","Calanoid",33,29315
1035,"Euchirella bella","urn:lsid:marinespecies.org:taxname:104297","Euchirella bella Giesbrecht, 1888","Species","Animalia","Arthropoda","Copepoda","Calanoida","Aetideidae","Euchirella","Calanoid",2,103283
1036,"Euchirella bitumida","urn:lsid:marinespecies.org:taxname:104298","Euchirella bitumida With, 1915","Species","Animalia","Arthropoda","Copepoda","Calanoida","Aetideidae","Euchirella","Calanoid",53,29325
1037,"Euchirella curticauda","urn:lsid:marinespecies.org:taxname:104299","Euchirella curticauda Giesbrecht, 1888","Species","Animalia","Arthropoda","Copepoda","Calanoida","Aetideidae","Euchirella","Calanoid",8,29317
1038,"Euchirella formosa","urn:lsid:marinespecies.org:taxname:221286","Euchirella formosa Vervoort, 1949","Species","Animalia","Arthropoda","Copepoda","Calanoida","Aetideidae","Euchirella","Calanoid",3,28149
1039,"Euchirella galeata","urn:lsid:marinespecies.org:taxname:149724","Euchirella galeata Giesbrecht, 1888","Species","Animalia","Arthropoda","Copepoda","Calanoida","Aetideidae","Euchirella","Calanoid",5,29318
1040,"Euchirella grandicornis","urn:lsid:marinespecies.org:taxname:346446","Euchirella grandicornis Wilson C.B., 1950","Species","Animalia","Arthropoda","Copepoda","Calanoida","Aetideidae","Euchirella","Calanoid",2,
1041,"Euchirella indica","urn:lsid:marinespecies.org:taxname:351708","Euchirella indica Vervoort, 1949","Species","Animalia","Arthropoda","Copepoda","Calanoida","Aetideidae","Euchirella","Calanoid",2,80319
1042,"Euchirella lisettae","urn:lsid:marinespecies.org:taxname:346447","Euchirella lisettae Vaupel Klein, 1989","Species","Animalia","Arthropoda","Copepoda","Calanoida","Aetideidae","Euchirella","Calanoid",1,
1043,"Euchirella maxima","urn:lsid:marinespecies.org:taxname:104300","Euchirella maxima Wolfenden, 1905","Species","Animalia","Arthropoda","Copepoda","Calanoida","Aetideidae","Euchirella","Calanoid",9,29329
1044,"Euchirella messinensis messinensis","urn:lsid:marinespecies.org:taxname:414565","Euchirella messinensis messinensis (Claus, 1863)","Subspecies","Animalia","Arthropoda","Copepoda","Calanoida","Aetideidae","Euchirella","Calanoid",18,
1045,"Euchirella orientalis","urn:lsid:marinespecies.org:taxname:346448","Euchirella orientalis Sewell, 1929","Species","Animalia","Arthropoda","Copepoda","Calanoida","Aetideidae","Euchirella","Calanoid",2,
1046,"Euchirella paulinae","urn:lsid:marinespecies.org:taxname:346449","Euchirella paulinae Vaupel Klein, 1980","Species","Animalia","Arthropoda","Copepoda","Calanoida","Aetideidae","Euchirella","Calanoid",1,
1047,"Euchirella pseudopulchra","urn:lsid:marinespecies.org:taxname:196792","Euchirella pseudopulchra Park, 1976","Species","Animalia","Arthropoda","Copepoda","Calanoida","Aetideidae","Euchirella","Calanoid",3,28150
1048,"Euchirella pseudotruncata","urn:lsid:marinespecies.org:taxname:346455","Euchirella pseudotruncata Park, 1975","Species","Animalia","Arthropoda","Copepoda","Calanoida","Aetideidae","Euchirella","Calanoid",2,28151
1049,"Euchirella pulchra","urn:lsid:marinespecies.org:taxname:104302","Euchirella pulchra (Lubbock, 1856)","Species","Animalia","Arthropoda","Copepoda","Calanoida","Aetideidae","Euchirella","Calanoid",14,29321
1050,"Euchirella rostrata","urn:lsid:marinespecies.org:taxname:104303","Euchirella rostrata (Claus, 1866)","Species","Animalia","Arthropoda","Copepoda","Calanoida","Aetideidae","Euchirella","Calanoid",75,29322
1051,"Euchirella rostromagna","urn:lsid:marinespecies.org:taxname:342468","Euchirella rostromagna Wolfenden, 1905","Species","Animalia","Arthropoda","Copepoda","Calanoida","Aetideidae","Euchirella","Calanoid",27,170702
1052,"Euchirella similis","urn:lsid:marinespecies.org:taxname:345785","Euchirella similis Wolfenden, 1911","Species","Animalia","Arthropoda","Copepoda","Calanoida","Aetideidae","Euchirella","Calanoid",1,
1053,"Euchirella speciosa","urn:lsid:marinespecies.org:taxname:346456","Euchirella speciosa Grice & Hulsemann, 1968","Species","Animalia","Arthropoda","Copepoda","Calanoida","Aetideidae","Euchirella","Calanoid",1,166921
1054,"Euchirella splendens","urn:lsid:marinespecies.org:taxname:346457","Euchirella splendens Vervoort, 1963","Species","Animalia","Arthropoda","Copepoda","Calanoida","Aetideidae","Euchirella","Calanoid",9,29327
1055,"Euchirella truncata","urn:lsid:marinespecies.org:taxname:104304","Euchirella truncata Esterly, 1911","Species","Animalia","Arthropoda","Copepoda","Calanoida","Aetideidae","Euchirella","Calanoid",31,29324
1056,"Euchirella unispina","urn:lsid:marinespecies.org:taxname:346458","Euchirella unispina Park, 1968","Species","Animalia","Arthropoda","Copepoda","Calanoida","Aetideidae","Euchirella","Calanoid",2,80320
1057,"Euchirella venusta","urn:lsid:marinespecies.org:taxname:221287","Euchirella venusta Giesbrecht, 1888","Species","Animalia","Arthropoda","Copepoda","Calanoida","Aetideidae","Euchirella","Calanoid",2,29326
1058,"Eurytemora","urn:lsid:marinespecies.org:taxname:104240","Eurytemora Giesbrecht, 1881","Genus","Animalia","Arthropoda","Copepoda","Calanoida","Temoridae","Eurytemora","Calanoid",4,
1059,"Eurytemora affinis affinis","urn:lsid:marinespecies.org:taxname:1416974","Eurytemora affinis affinis (Poppe, 1880)","Subspecies","Animalia","Arthropoda","Copepoda","Calanoida","Temoridae","Eurytemora","Calanoid",145,
1060,"Eurytemora americana","urn:lsid:marinespecies.org:taxname:104873","Eurytemora americana Williams, 1906","Species","Animalia","Arthropoda","Copepoda","Calanoida","Temoridae","Eurytemora","Calanoid",7,29081
1061,"Eurytemora asymmetrica","urn:lsid:marinespecies.org:taxname:351866","Eurytemora asymmetrica Smirnov, 1935","Species","Animalia","Arthropoda","Copepoda","Calanoida","Temoridae","Eurytemora","Calanoid",2,
1062,"Eurytemora herdmani","urn:lsid:marinespecies.org:taxname:157670","Eurytemora herdmani Thompson I.C. & Scott A., 1897 in Thompson, Scott & Herdman, 1897","Species","Animalia","Arthropoda","Copepoda","Calanoida","Temoridae","Eurytemora","Calanoid",39,29082
1063,"Eurytemora lacustris","urn:lsid:marinespecies.org:taxname:104875","Eurytemora lacustris (Poppe, 1887)","Species","Animalia","Arthropoda","Copepoda","Calanoida","Temoridae","Eurytemora","Calanoid",2,29088
1064,"Eurytemora pacifica","urn:lsid:marinespecies.org:taxname:232028","Eurytemora pacifica Sato, 1913","Species","Animalia","Arthropoda","Copepoda","Calanoida","Temoridae","Eurytemora","Calanoid",21,29085
1065,"Eurytemora raboti","urn:lsid:marinespecies.org:taxname:104876","Eurytemora raboti Richard, 1897","Species","Animalia","Arthropoda","Copepoda","Calanoida","Temoridae","Eurytemora","Calanoid",4,28139
1066,"Eurytemora richingsi","urn:lsid:marinespecies.org:taxname:254621","Eurytemora richingsi Heron & Damkaer, 1976","Species","Animalia","Arthropoda","Copepoda","Calanoida","Temoridae","Eurytemora","Calanoid",2,29089
1067,"Eurytemora velox","urn:lsid:marinespecies.org:taxname:104877","Eurytemora velox (Lilljeborg, 1853)","Species","Animalia","Arthropoda","Copepoda","Calanoida","Temoridae","Eurytemora","Calanoid",12,29090
1069,"Exumella mediterranea","urn:lsid:marinespecies.org:taxname:104762","Exumella mediterranea Jaume & Boxshall, 1995","Species","Animalia","Arthropoda","Copepoda","Calanoida","Pseudocyclopidae","Exumella","Calanoid",2,
1070,"Exumella polyarthra","urn:lsid:marinespecies.org:taxname:346461","Exumella polyarthra Fosshagen, 1970","Species","Animalia","Arthropoda","Copepoda","Calanoida","Pseudocyclopidae","Exumella","Calanoid",2,
1071,"Exumella tsonot","urn:lsid:marinespecies.org:taxname:346462","Exumella tsonot Suárez-Morales & Iliffe, 2005","Species","Animalia","Arthropoda","Copepoda","Calanoida","Pseudocyclopidae","Exumella","Calanoid",2,
1072,"Exumella tuberculata","urn:lsid:marinespecies.org:taxname:346463","Exumella tuberculata Grahame, 1979","Species","Animalia","Arthropoda","Copepoda","Calanoida","Pseudocyclopidae","Exumella","Calanoid",2,
1074,"Exumellina bucculenta","urn:lsid:marinespecies.org:taxname:346465","Exumellina bucculenta Fosshagen & Iliffe, 1998","Species","Animalia","Arthropoda","Copepoda","Calanoida","Pseudocyclopidae","Exumellina","Calanoid",2,
1076,"Falsilandrumius angulifrons","urn:lsid:marinespecies.org:taxname:346467","Falsilandrumius angulifrons (Sars G.O., 1920)","Species","Animalia","Arthropoda","Copepoda","Calanoida","Scolecitrichidae","Falsilandrumius","Calanoid",3,
1077,"Falsilandrumius bogorovi","urn:lsid:marinespecies.org:taxname:346468","Falsilandrumius bogorovi (Brodsky, 1955)","Species","Animalia","Arthropoda","Copepoda","Calanoida","Scolecitrichidae","Falsilandrumius","Calanoid",1,
1078,"Falsilandrumius lobatus","urn:lsid:marinespecies.org:taxname:346469","Falsilandrumius lobatus (Sars G.O., 1920)","Species","Animalia","Arthropoda","Copepoda","Calanoida","Scolecitrichidae","Falsilandrumius","Calanoid",2,
1079,"Farrania","urn:lsid:marinespecies.org:taxname:104163","Farrania Sars G.O., 1920","Genus","Animalia","Arthropoda","Copepoda","Calanoida","Aetideidae","Farrania","Calanoid",1,
1080,"Farrania frigida","urn:lsid:marinespecies.org:taxname:221246","Farrania frigida (Wolfenden, 1911)","Species","Animalia","Arthropoda","Copepoda","Calanoida","Aetideidae","Farrania","Calanoid",1,28160
1081,"Farrania lyra","urn:lsid:marinespecies.org:taxname:104511","Farrania lyra (Rose, 1937)","Species","Animalia","Arthropoda","Copepoda","Calanoida","Aetideidae","Farrania","Calanoid",1,
1082,"Farrania oblonga","urn:lsid:marinespecies.org:taxname:104512","Farrania oblonga Sars G.O., 1920","Species","Animalia","Arthropoda","Copepoda","Calanoida","Aetideidae","Farrania","Calanoid",1,
1083,"Farrania orba","urn:lsid:marinespecies.org:taxname:346470","Farrania orba (Tanaka, 1956)","Species","Animalia","Arthropoda","Copepoda","Calanoida","Aetideidae","Farrania","Calanoid",2,
1084,"Farrania pacifica","urn:lsid:marinespecies.org:taxname:346471","Farrania pacifica (Brodsky, 1950)","Species","Animalia","Arthropoda","Copepoda","Calanoida","Aetideidae","Farrania","Calanoid",1,
1086,"Fosshagenia ferrarii","urn:lsid:marinespecies.org:taxname:346479","Fosshagenia ferrarii Suárez-Morales & Iliffe, 1996","Species","Animalia","Arthropoda","Copepoda","Calanoida","Fosshageniidae","Fosshagenia","Calanoid",2,
1087,"Fosshagenia suarezi","urn:lsid:marinespecies.org:taxname:346480","Fosshagenia suarezi Fosshagen & Iliffe, 2004","Species","Animalia","Arthropoda","Copepoda","Calanoida","Fosshageniidae","Fosshagenia","Calanoid",2,
1088,"Fosshageniidae","urn:lsid:marinespecies.org:taxname:345951","Fosshageniidae Suárez-Morales & Iliffe, 1996","Family","Animalia","Arthropoda","Copepoda","Calanoida","Fosshageniidae",,"Calanoid",2,
1090,"Foxtonia barbatula","urn:lsid:marinespecies.org:taxname:104457","Foxtonia barbatula Hulsemann & Grice, 1963","Species","Animalia","Arthropoda","Copepoda","Calanoida","Spinocalanidae","Foxtonia","Calanoid",1,
1092,"Foxtosognus rarus","urn:lsid:marinespecies.org:taxname:367390","Foxtosognus rarus Markhaseva, 2008","Species","Animalia","Arthropoda","Copepoda","Calanoida","Arctokonstantinidae","Foxtosognus","Calanoid",1,
1094,"Frankferrarius admirabilis","urn:lsid:marinespecies.org:taxname:743917","Frankferrarius admirabilis Markhaseva, 2013","Species","Animalia","Arthropoda","Copepoda","Calanoida","Augaptilidae","Frankferrarius","Calanoid",2,
1096,"Frigocalanus rauscherti","urn:lsid:marinespecies.org:taxname:342621","Frigocalanus rauscherti Schulz, 1996","Species","Animalia","Arthropoda","Copepoda","Calanoida","Pseudocyclopiidae","Frigocalanus","Calanoid",2,
1097,"Gaetanus","urn:lsid:marinespecies.org:taxname:104121","Gaetanus Giesbrecht, 1888","Genus","Animalia","Arthropoda","Copepoda","Calanoida","Aetideidae","Gaetanus","Calanoid",8,
1098,"Gaetanus armiger","urn:lsid:marinespecies.org:taxname:104306","Gaetanus armiger Giesbrecht, 1888","Species","Animalia","Arthropoda","Copepoda","Calanoida","Aetideidae","Gaetanus","Calanoid",9,29330
1099,"Gaetanus brachyurus","urn:lsid:marinespecies.org:taxname:104307","Gaetanus brachyurus Sars G.O., 1907","Species","Animalia","Arthropoda","Copepoda","Calanoida","Aetideidae","Gaetanus","Calanoid",2,
1100,"Gaetanus brevicaudatus","urn:lsid:marinespecies.org:taxname:426437","Gaetanus brevicaudatus (Sars G.O., 1907)","Species","Animalia","Arthropoda","Copepoda","Calanoida","Aetideidae","Gaetanus","Calanoid",1,
1101,"Gaetanus brevicornis","urn:lsid:marinespecies.org:taxname:346482","Gaetanus brevicornis Esterly, 1906","Species","Animalia","Arthropoda","Copepoda","Calanoida","Aetideidae","Gaetanus","Calanoid",4,29332
1102,"Gaetanus brevirostris","urn:lsid:marinespecies.org:taxname:346483","Gaetanus brevirostris (Brodsky, 1950)","Species","Animalia","Arthropoda","Copepoda","Calanoida","Aetideidae","Gaetanus","Calanoid",4,
1103,"Gaetanus brevispinus","urn:lsid:marinespecies.org:taxname:254602","Gaetanus brevispinus (Sars G.O., 1900)","Species","Animalia","Arthropoda","Copepoda","Calanoida","Aetideidae","Gaetanus","Calanoid",37,28436
1104,"Gaetanus curvicornis","urn:lsid:marinespecies.org:taxname:104308","Gaetanus curvicornis Sars G.O., 1905","Species","Animalia","Arthropoda","Copepoda","Calanoida","Aetideidae","Gaetanus","Calanoid",2,29343
1105,"Gaetanus divergens","urn:lsid:marinespecies.org:taxname:346484","Gaetanus divergens Wolfenden, 1911","Species","Animalia","Arthropoda","Copepoda","Calanoida","Aetideidae","Gaetanus","Calanoid",1,
1106,"Gaetanus inermis","urn:lsid:marinespecies.org:taxname:346487","Gaetanus inermis Sars G.O., 1905","Species","Animalia","Arthropoda","Copepoda","Calanoida","Aetideidae","Gaetanus","Calanoid",1,
1107,"Gaetanus kruppii","urn:lsid:marinespecies.org:taxname:221290","Gaetanus kruppii Giesbrecht, 1903","Species","Animalia","Arthropoda","Copepoda","Calanoida","Aetideidae","Gaetanus","Calanoid",20,29340
1108,"Gaetanus latifrons","urn:lsid:marinespecies.org:taxname:104310","Gaetanus latifrons Sars G.O., 1905","Species","Animalia","Arthropoda","Copepoda","Calanoida","Aetideidae","Gaetanus","Calanoid",5,29341
1109,"Gaetanus miles","urn:lsid:marinespecies.org:taxname:104311","Gaetanus miles Giesbrecht, 1888","Species","Animalia","Arthropoda","Copepoda","Calanoida","Aetideidae","Gaetanus","Calanoid",12,29334
1110,"Gaetanus minispinus","urn:lsid:marinespecies.org:taxname:346488","Gaetanus minispinus Tanaka, 1969","Species","Animalia","Arthropoda","Copepoda","Calanoida","Aetideidae","Gaetanus","Calanoid",1,
1111,"Gaetanus minor","urn:lsid:marinespecies.org:taxname:104312","Gaetanus minor Farran, 1905","Species","Animalia","Arthropoda","Copepoda","Calanoida","Aetideidae","Gaetanus","Calanoid",10,29335
1112,"Gaetanus minutus","urn:lsid:marinespecies.org:taxname:346489","Gaetanus minutus (Sars G.O., 1907)","Species","Animalia","Arthropoda","Copepoda","Calanoida","Aetideidae","Gaetanus","Calanoid",133,
1113,"Gaetanus paracurvicornis","urn:lsid:marinespecies.org:taxname:342622","Gaetanus paracurvicornis Brodsky, 1950","Species","Animalia","Arthropoda","Copepoda","Calanoida","Aetideidae","Gaetanus","Calanoid",4,29336
1114,"Gaetanus pileatus","urn:lsid:marinespecies.org:taxname:104313","Gaetanus pileatus Farran, 1903","Species","Animalia","Arthropoda","Copepoda","Calanoida","Aetideidae","Gaetanus","Calanoid",19,29342
1115,"Gaetanus pseudolatifrons","urn:lsid:marinespecies.org:taxname:346490","Gaetanus pseudolatifrons Markhaseva, 1996","Species","Animalia","Arthropoda","Copepoda","Calanoida","Aetideidae","Gaetanus","Calanoid",1,
1116,"Gaetanus pungens","urn:lsid:marinespecies.org:taxname:342623","Gaetanus pungens (Giesbrecht, 1895)","Species","Animalia","Arthropoda","Copepoda","Calanoida","Aetideidae","Gaetanus","Calanoid",5,28440
1117,"Gaetanus robustus","urn:lsid:marinespecies.org:taxname:346491","Gaetanus robustus Sars G.O., 1905","Species","Animalia","Arthropoda","Copepoda","Calanoida","Aetideidae","Gaetanus","Calanoid",3,28152
1118,"Gaetanus rubellus","urn:lsid:marinespecies.org:taxname:346492","Gaetanus rubellus Markhaseva, 1996","Species","Animalia","Arthropoda","Copepoda","Calanoida","Aetideidae","Gaetanus","Calanoid",1,
1119,"Gaetanus secundus","urn:lsid:marinespecies.org:taxname:346493","Gaetanus secundus Esterly, 1911","Species","Animalia","Arthropoda","Copepoda","Calanoida","Aetideidae","Gaetanus","Calanoid",2,29337
1120,"Gaetanus simplex","urn:lsid:marinespecies.org:taxname:346494","Gaetanus simplex Brodsky, 1950","Species","Animalia","Arthropoda","Copepoda","Calanoida","Aetideidae","Gaetanus","Calanoid",48,29338
1121,"Gaetanus tenuispinus","urn:lsid:marinespecies.org:taxname:237965","Gaetanus tenuispinus (Sars G.O., 1900)","Species","Animalia","Arthropoda","Copepoda","Calanoida","Aetideidae","Gaetanus","Calanoid",63,165531
1123,"Gaidiopsis crassirostris","urn:lsid:marinespecies.org:taxname:346496","Gaidiopsis crassirostris Scott A., 1909","Species","Animalia","Arthropoda","Copepoda","Calanoida","Aetideidae","Gaidiopsis","Calanoid",1,
1124,"Gaussia","urn:lsid:marinespecies.org:taxname:104189","Gaussia Wolfenden, 1905","Genus","Animalia","Arthropoda","Copepoda","Calanoida","Metridinidae","Gaussia","Calanoid",2,
1125,"Gaussia asymmetrica","urn:lsid:marinespecies.org:taxname:346497","Gaussia asymmetrica Björnberg T.K.S. & Campaner, 1988","Species","Animalia","Arthropoda","Copepoda","Calanoida","Metridinidae","Gaussia","Calanoid",1,
1126,"Gaussia intermedia","urn:lsid:marinespecies.org:taxname:346498","Gaussia intermedia Defaye, 1998","Species","Animalia","Arthropoda","Copepoda","Calanoida","Metridinidae","Gaussia","Calanoid",3,
1127,"Gaussia princeps","urn:lsid:marinespecies.org:taxname:104625","Gaussia princeps (Scott T., 1894)","Species","Animalia","Arthropoda","Copepoda","Calanoida","Metridinidae","Gaussia","Calanoid",28,29492
1128,"Gaussia sewelli","urn:lsid:marinespecies.org:taxname:346499","Gaussia sewelli Saraswathy, 1973","Species","Animalia","Arthropoda","Copepoda","Calanoida","Metridinidae","Gaussia","Calanoid",2,
1130,"Gladioferens pectinatus","urn:lsid:marinespecies.org:taxname:356667","Gladioferens pectinatus (Brady, 1899)","Species","Animalia","Arthropoda","Copepoda","Calanoida","Centropagidae","Gladioferens","Calanoid",2,
1131,"Gladioferens symmetricus","urn:lsid:marinespecies.org:taxname:351947","Gladioferens symmetricus Bayly, 1963","Species","Animalia","Arthropoda","Copepoda","Calanoida","Centropagidae","Gladioferens","Calanoid",2,
1133,"Gloinella yagerae","urn:lsid:marinespecies.org:taxname:346506","Gloinella yagerae Fosshagen, Boxshall & Iliffe, 2001","Species","Animalia","Arthropoda","Copepoda","Calanoida","Epacteriscidae","Gloinella","Calanoid",2,
1135,"Griceus buskeyi","urn:lsid:marinespecies.org:taxname:346512","Griceus buskeyi Ferrari F.D. & Markhaseva, 2000","Species","Animalia","Arthropoda","Copepoda","Calanoida","Arietellidae","Griceus","Calanoid",1,28184
1137,"Grievella shanki","urn:lsid:marinespecies.org:taxname:346514","Grievella shanki Ferrari F.D. & Markhaseva, 2000","Species","Animalia","Arthropoda","Copepoda","Calanoida","Scolecitrichidae","Grievella","Calanoid",1,72238
1138,"Haloptilus","urn:lsid:marinespecies.org:taxname:104140","Haloptilus Giesbrecht, 1898","Genus","Animalia","Arthropoda","Copepoda","Calanoida","Augaptilidae","Haloptilus","Calanoid",6,
1139,"Haloptilus aculeatus","urn:lsid:marinespecies.org:taxname:346515","Haloptilus aculeatus (Brady, 1883)","Species","Animalia","Arthropoda","Copepoda","Calanoida","Augaptilidae","Haloptilus","Calanoid",1,
1140,"Haloptilus acutifrons","urn:lsid:marinespecies.org:taxname:104422","Haloptilus acutifrons (Giesbrecht, 1893)","Species","Animalia","Arthropoda","Copepoda","Calanoida","Augaptilidae","Haloptilus","Calanoid",17,29716
1141,"Haloptilus angusticeps","urn:lsid:marinespecies.org:taxname:104423","Haloptilus angusticeps Sars G.O., 1907","Species","Animalia","Arthropoda","Copepoda","Calanoida","Augaptilidae","Haloptilus","Calanoid",7,26722
1142,"Haloptilus austini","urn:lsid:marinespecies.org:taxname:346516","Haloptilus austini Grice, 1959","Species","Animalia","Arthropoda","Copepoda","Calanoida","Augaptilidae","Haloptilus","Calanoid",2,29724
1143,"Haloptilus bulliceps","urn:lsid:marinespecies.org:taxname:104424","Haloptilus bulliceps Farran, 1926","Species","Animalia","Arthropoda","Copepoda","Calanoida","Augaptilidae","Haloptilus","Calanoid",2,26723
1144,"Haloptilus caribbeanensis","urn:lsid:marinespecies.org:taxname:346517","Haloptilus caribbeanensis Park, 1970","Species","Animalia","Arthropoda","Copepoda","Calanoida","Augaptilidae","Haloptilus","Calanoid",1,
1145,"Haloptilus chierchiae","urn:lsid:marinespecies.org:taxname:104425","Haloptilus chierchiae (Giesbrecht, 1889)","Species","Animalia","Arthropoda","Copepoda","Calanoida","Augaptilidae","Haloptilus","Calanoid",2,
1146,"Haloptilus fertilis","urn:lsid:marinespecies.org:taxname:104426","Haloptilus fertilis (Giesbrecht, 1893)","Species","Animalia","Arthropoda","Copepoda","Calanoida","Augaptilidae","Haloptilus","Calanoid",2,28189
1147,"Haloptilus fons","urn:lsid:marinespecies.org:taxname:104427","Haloptilus fons Farran, 1908","Species","Animalia","Arthropoda","Copepoda","Calanoida","Augaptilidae","Haloptilus","Calanoid",3,26724
1148,"Haloptilus furcatus","urn:lsid:marinespecies.org:taxname:104428","Haloptilus furcatus Sars G.O., 1920","Species","Animalia","Arthropoda","Copepoda","Calanoida","Augaptilidae","Haloptilus","Calanoid",1,28190
1149,"Haloptilus longicirrus","urn:lsid:marinespecies.org:taxname:104430","Haloptilus longicirrus Brodsky, 1950","Species","Animalia","Arthropoda","Copepoda","Calanoida","Augaptilidae","Haloptilus","Calanoid",6,29717
1150,"Haloptilus longicornis","urn:lsid:marinespecies.org:taxname:104431","Haloptilus longicornis (Claus, 1863)","Species","Animalia","Arthropoda","Copepoda","Calanoida","Augaptilidae","Haloptilus","Calanoid",21,29718
1151,"Haloptilus major","urn:lsid:marinespecies.org:taxname:346518","Haloptilus major Wolfenden, 1911","Species","Animalia","Arthropoda","Copepoda","Calanoida","Augaptilidae","Haloptilus","Calanoid",1,
1152,"Haloptilus mucronatus","urn:lsid:marinespecies.org:taxname:104432","Haloptilus mucronatus (Claus, 1863)","Species","Animalia","Arthropoda","Copepoda","Calanoida","Augaptilidae","Haloptilus","Calanoid",17,29721
1153,"Haloptilus ocellatus","urn:lsid:marinespecies.org:taxname:342624","Haloptilus ocellatus Wolfenden, 1905","Species","Animalia","Arthropoda","Copepoda","Calanoida","Augaptilidae","Haloptilus","Calanoid",7,27807
1154,"Haloptilus ornatus","urn:lsid:marinespecies.org:taxname:104433","Haloptilus ornatus (Giesbrecht, 1893)","Species","Animalia","Arthropoda","Copepoda","Calanoida","Augaptilidae","Haloptilus","Calanoid",17,29722
1155,"Haloptilus oxycephalus","urn:lsid:marinespecies.org:taxname:104434","Haloptilus oxycephalus (Giesbrecht, 1889)","Species","Animalia","Arthropoda","Copepoda","Calanoida","Augaptilidae","Haloptilus","Calanoid",17,29719
1156,"Haloptilus pacificus","urn:lsid:marinespecies.org:taxname:429522","Haloptilus pacificus Chiba, 1956","Species","Animalia","Arthropoda","Copepoda","Calanoida","Augaptilidae","Haloptilus","Calanoid",1,
1157,"Haloptilus paralongicirrus","urn:lsid:marinespecies.org:taxname:104435","Haloptilus paralongicirrus Park, 1970","Species","Animalia","Arthropoda","Copepoda","Calanoida","Augaptilidae","Haloptilus","Calanoid",7,29725
1158,"Haloptilus plumosus","urn:lsid:marinespecies.org:taxname:104436","Haloptilus plumosus (Claus, 1863)","Species","Animalia","Arthropoda","Copepoda","Calanoida","Augaptilidae","Haloptilus","Calanoid",2,26725
1159,"Haloptilus pseudooxycephalus","urn:lsid:marinespecies.org:taxname:346520","Haloptilus pseudooxycephalus Brodsky, 1950","Species","Animalia","Arthropoda","Copepoda","Calanoida","Augaptilidae","Haloptilus","Calanoid",3,29720
1160,"Haloptilus spiniceps","urn:lsid:marinespecies.org:taxname:104437","Haloptilus spiniceps (Giesbrecht, 1893)","Species","Animalia","Arthropoda","Copepoda","Calanoida","Augaptilidae","Haloptilus","Calanoid",15,29723
1161,"Haloptilus tenuis","urn:lsid:marinespecies.org:taxname:104438","Haloptilus tenuis Farran, 1908","Species","Animalia","Arthropoda","Copepoda","Calanoida","Augaptilidae","Haloptilus","Calanoid",10,26726
1162,"Haloptilus validus","urn:lsid:marinespecies.org:taxname:104439","Haloptilus validus Sars G.O., 1920","Species","Animalia","Arthropoda","Copepoda","Calanoida","Augaptilidae","Haloptilus","Calanoid",2,26727
1163,"Hemirhabdus","urn:lsid:marinespecies.org:taxname:149714","Hemirhabdus Wolfenden, 1911","Genus","Animalia","Arthropoda","Copepoda","Calanoida","Heterorhabdidae","Hemirhabdus","Calanoid",1,
1164,"Hemirhabdus amplus","urn:lsid:marinespecies.org:taxname:346524","Hemirhabdus amplus Park, 2000","Species","Animalia","Arthropoda","Copepoda","Calanoida","Heterorhabdidae","Hemirhabdus","Calanoid",2,
1165,"Hemirhabdus grimaldii","urn:lsid:marinespecies.org:taxname:149715","Hemirhabdus grimaldii (Richard, 1893)","Species","Animalia","Arthropoda","Copepoda","Calanoida","Heterorhabdidae","Hemirhabdus","Calanoid",8,28651
1167,"Heteramalla sarsi","urn:lsid:marinespecies.org:taxname:104777","Heteramalla sarsi Roe, 1975","Species","Animalia","Arthropoda","Copepoda","Calanoida","Scolecitrichidae","Heteramalla","Calanoid",1,
1168,"Heteroptilus","urn:lsid:marinespecies.org:taxname:104141","Heteroptilus Sars G.O., 1920","Genus","Animalia","Arthropoda","Copepoda","Calanoida","Augaptilidae","Heteroptilus","Calanoid",3,
1169,"Heteroptilus acutilobus","urn:lsid:marinespecies.org:taxname:104440","Heteroptilus acutilobus (Sars G.O., 1905)","Species","Animalia","Arthropoda","Copepoda","Calanoida","Augaptilidae","Heteroptilus","Calanoid",5,29210
1170,"Heteroptilus attenuatus","urn:lsid:marinespecies.org:taxname:104441","Heteroptilus attenuatus (Sars G.O., 1905)","Species","Animalia","Arthropoda","Copepoda","Calanoida","Augaptilidae","Heteroptilus","Calanoid",2,26766
1171,"Heterorhabdidae","urn:lsid:marinespecies.org:taxname:104087","Heterorhabdidae Sars G.O., 1902","Family","Animalia","Arthropoda","Copepoda","Calanoida","Heterorhabdidae",,"Calanoid",2,
1172,"Heterorhabdus","urn:lsid:marinespecies.org:taxname:104178","Heterorhabdus Giesbrecht, 1898","Genus","Animalia","Arthropoda","Copepoda","Calanoida","Heterorhabdidae","Heterorhabdus","Calanoid",2,
1173,"Heterorhabdus abyssalis","urn:lsid:marinespecies.org:taxname:104576","Heterorhabdus abyssalis (Giesbrecht, 1889)","Species","Animalia","Arthropoda","Copepoda","Calanoida","Heterorhabdidae","Heterorhabdus","Calanoid",21,29122
1174,"Heterorhabdus americanus","urn:lsid:marinespecies.org:taxname:346525","Heterorhabdus americanus Park, 2000","Species","Animalia","Arthropoda","Copepoda","Calanoida","Heterorhabdidae","Heterorhabdus","Calanoid",2,
1175,"Heterorhabdus ankylocolus","urn:lsid:marinespecies.org:taxname:346526","Heterorhabdus ankylocolus Park, 2000","Species","Animalia","Arthropoda","Copepoda","Calanoida","Heterorhabdidae","Heterorhabdus","Calanoid",2,
1176,"Heterorhabdus atlanticus","urn:lsid:marinespecies.org:taxname:346527","Heterorhabdus atlanticus Wolfenden, 1905","Species","Animalia","Arthropoda","Copepoda","Calanoida","Heterorhabdidae","Heterorhabdus","Calanoid",1,
1177,"Heterorhabdus austrinus","urn:lsid:marinespecies.org:taxname:343728","Heterorhabdus austrinus Giesbrecht, 1902","Species","Animalia","Arthropoda","Copepoda","Calanoida","Heterorhabdidae","Heterorhabdus","Calanoid",14,28648
1178,"Heterorhabdus brevicornis","urn:lsid:marinespecies.org:taxname:346528","Heterorhabdus brevicornis (Dahl F., 1894)","Species","Animalia","Arthropoda","Copepoda","Calanoida","Heterorhabdidae","Heterorhabdus","Calanoid",1,
1179,"Heterorhabdus caribbeanensis","urn:lsid:marinespecies.org:taxname:346529","Heterorhabdus caribbeanensis Park, 1970","Species","Animalia","Arthropoda","Copepoda","Calanoida","Heterorhabdidae","Heterorhabdus","Calanoid",4,166885
1180,"Heterorhabdus clausi","urn:lsid:marinespecies.org:taxname:104577","Heterorhabdus clausi (Giesbrecht, 1889)","Species","Animalia","Arthropoda","Copepoda","Calanoida","Heterorhabdidae","Heterorhabdus","Calanoid",10,
1181,"Heterorhabdus cohibilis","urn:lsid:marinespecies.org:taxname:346530","Heterorhabdus cohibilis Park, 2000","Species","Animalia","Arthropoda","Copepoda","Calanoida","Heterorhabdidae","Heterorhabdus","Calanoid",2,
1182,"Heterorhabdus confusibilis","urn:lsid:marinespecies.org:taxname:346531","Heterorhabdus confusibilis Park, 2000","Species","Animalia","Arthropoda","Copepoda","Calanoida","Heterorhabdidae","Heterorhabdus","Calanoid",2,28425
1183,"Heterorhabdus egregius","urn:lsid:marinespecies.org:taxname:346532","Heterorhabdus egregius Heptner, 1972","Species","Animalia","Arthropoda","Copepoda","Calanoida","Heterorhabdidae","Heterorhabdus","Calanoid",2,
1184,"Heterorhabdus fistulosus","urn:lsid:marinespecies.org:taxname:346533","Heterorhabdus fistulosus Tanaka, 1964","Species","Animalia","Arthropoda","Copepoda","Calanoida","Heterorhabdidae","Heterorhabdus","Calanoid",2,28426
1185,"Heterorhabdus guineanensis","urn:lsid:marinespecies.org:taxname:346534","Heterorhabdus guineanensis Park, 2000","Species","Animalia","Arthropoda","Copepoda","Calanoida","Heterorhabdidae","Heterorhabdus","Calanoid",2,
1186,"Heterorhabdus habrosomus","urn:lsid:marinespecies.org:taxname:346535","Heterorhabdus habrosomus Park, 2000","Species","Animalia","Arthropoda","Copepoda","Calanoida","Heterorhabdidae","Heterorhabdus","Calanoid",2,
1187,"Heterorhabdus heterolobus","urn:lsid:marinespecies.org:taxname:346536","Heterorhabdus heterolobus Park, 2000","Species","Animalia","Arthropoda","Copepoda","Calanoida","Heterorhabdidae","Heterorhabdus","Calanoid",2,
1188,"Heterorhabdus insukae","urn:lsid:marinespecies.org:taxname:346537","Heterorhabdus insukae Park, 2000","Species","Animalia","Arthropoda","Copepoda","Calanoida","Heterorhabdidae","Heterorhabdus","Calanoid",2,
1189,"Heterorhabdus lobatus","urn:lsid:marinespecies.org:taxname:346538","Heterorhabdus lobatus Bradford, 1971","Species","Animalia","Arthropoda","Copepoda","Calanoida","Heterorhabdidae","Heterorhabdus","Calanoid",10,28427
1190,"Heterorhabdus longisegmentus","urn:lsid:marinespecies.org:taxname:346539","Heterorhabdus longisegmentus Park, 2000","Species","Animalia","Arthropoda","Copepoda","Calanoida","Heterorhabdidae","Heterorhabdus","Calanoid",2,
1191,"Heterorhabdus norvegicus","urn:lsid:marinespecies.org:taxname:104579","Heterorhabdus norvegicus (Boeck, 1872)","Species","Animalia","Arthropoda","Copepoda","Calanoida","Heterorhabdidae","Heterorhabdus","Calanoid",23,29123
1192,"Heterorhabdus oikoumenikis","urn:lsid:marinespecies.org:taxname:346540","Heterorhabdus oikoumenikis Park, 2000","Species","Animalia","Arthropoda","Copepoda","Calanoida","Heterorhabdidae","Heterorhabdus","Calanoid",2,
1193,"Heterorhabdus pacificus","urn:lsid:marinespecies.org:taxname:346541","Heterorhabdus pacificus Brodsky, 1950","Species","Animalia","Arthropoda","Copepoda","Calanoida","Heterorhabdidae","Heterorhabdus","Calanoid",8,29124
1194,"Heterorhabdus papilliger","urn:lsid:marinespecies.org:taxname:104580","Heterorhabdus papilliger (Claus, 1863)","Species","Animalia","Arthropoda","Copepoda","Calanoida","Heterorhabdidae","Heterorhabdus","Calanoid",26,29125
1195,"Heterorhabdus paraspinosus","urn:lsid:marinespecies.org:taxname:346542","Heterorhabdus paraspinosus Park, 2000","Species","Animalia","Arthropoda","Copepoda","Calanoida","Heterorhabdidae","Heterorhabdus","Calanoid",2,
1196,"Heterorhabdus profundus","urn:lsid:marinespecies.org:taxname:346543","Heterorhabdus profundus (Dahl F., 1894)","Species","Animalia","Arthropoda","Copepoda","Calanoida","Heterorhabdidae","Heterorhabdus","Calanoid",2,
1197,"Heterorhabdus prolatus","urn:lsid:marinespecies.org:taxname:346544","Heterorhabdus prolatus Park, 2000","Species","Animalia","Arthropoda","Copepoda","Calanoida","Heterorhabdidae","Heterorhabdus","Calanoid",2,
1198,"Heterorhabdus prolixus","urn:lsid:marinespecies.org:taxname:346545","Heterorhabdus prolixus Park, 2000","Species","Animalia","Arthropoda","Copepoda","Calanoida","Heterorhabdidae","Heterorhabdus","Calanoid",2,
1199,"Heterorhabdus pustulifer","urn:lsid:marinespecies.org:taxname:343729","Heterorhabdus pustulifer Farran, 1929","Species","Animalia","Arthropoda","Copepoda","Calanoida","Heterorhabdidae","Heterorhabdus","Calanoid",4,170705
1200,"Heterorhabdus quadrilobus","urn:lsid:marinespecies.org:taxname:346546","Heterorhabdus quadrilobus Park, 2000","Species","Animalia","Arthropoda","Copepoda","Calanoida","Heterorhabdidae","Heterorhabdus","Calanoid",2,28428
1201,"Heterorhabdus spinifer","urn:lsid:marinespecies.org:taxname:104582","Heterorhabdus spinifer Park, 1970","Species","Animalia","Arthropoda","Copepoda","Calanoida","Heterorhabdidae","Heterorhabdus","Calanoid",10,29130
1202,"Heterorhabdus spinifrons","urn:lsid:marinespecies.org:taxname:104583","Heterorhabdus spinifrons (Claus, 1863)","Species","Animalia","Arthropoda","Copepoda","Calanoida","Heterorhabdidae","Heterorhabdus","Calanoid",21,29128
1203,"Heterorhabdus spinosus","urn:lsid:marinespecies.org:taxname:346547","Heterorhabdus spinosus Bradford, 1971","Species","Animalia","Arthropoda","Copepoda","Calanoida","Heterorhabdidae","Heterorhabdus","Calanoid",4,
1204,"Heterorhabdus subspinifrons","urn:lsid:marinespecies.org:taxname:346548","Heterorhabdus subspinifrons Tanaka, 1964","Species","Animalia","Arthropoda","Copepoda","Calanoida","Heterorhabdidae","Heterorhabdus","Calanoid",4,
1205,"Heterorhabdus tanneri","urn:lsid:marinespecies.org:taxname:196782","Heterorhabdus tanneri (Giesbrecht, 1895)","Species","Animalia","Arthropoda","Copepoda","Calanoida","Heterorhabdidae","Heterorhabdus","Calanoid",21,29129
1206,"Heterorhabdus tuberculus","urn:lsid:marinespecies.org:taxname:346550","Heterorhabdus tuberculus Park, 2000","Species","Animalia","Arthropoda","Copepoda","Calanoida","Heterorhabdidae","Heterorhabdus","Calanoid",2,28429
1207,"Heterostylites","urn:lsid:marinespecies.org:taxname:104179","Heterostylites Sars G.O., 1920","Genus","Animalia","Arthropoda","Copepoda","Calanoida","Heterorhabdidae","Heterostylites","Calanoid",2,
1208,"Heterostylites echinatus","urn:lsid:marinespecies.org:taxname:346559","Heterostylites echinatus Park, 2000","Species","Animalia","Arthropoda","Copepoda","Calanoida","Heterorhabdidae","Heterostylites","Calanoid",2,
1209,"Heterostylites longicornis","urn:lsid:marinespecies.org:taxname:104586","Heterostylites longicornis (Giesbrecht, 1889)","Species","Animalia","Arthropoda","Copepoda","Calanoida","Heterorhabdidae","Heterostylites","Calanoid",18,28649
1210,"Heterostylites longioperculis","urn:lsid:marinespecies.org:taxname:346560","Heterostylites longioperculis Park, 2000","Species","Animalia","Arthropoda","Copepoda","Calanoida","Heterorhabdidae","Heterostylites","Calanoid",2,28430
1211,"Heterostylites major","urn:lsid:marinespecies.org:taxname:104587","Heterostylites major (Dahl F., 1894)","Species","Animalia","Arthropoda","Copepoda","Calanoida","Heterorhabdidae","Heterostylites","Calanoid",20,28650
1212,"Heterostylites nigrotinctus","urn:lsid:marinespecies.org:taxname:343730","Heterostylites nigrotinctus (Brady, 1918)","Species","Animalia","Arthropoda","Copepoda","Calanoida","Heterorhabdidae","Heterostylites","Calanoid",2,
1213,"Heterostylites submajor","urn:lsid:marinespecies.org:taxname:346561","Heterostylites submajor Park, 2000","Species","Animalia","Arthropoda","Copepoda","Calanoida","Heterorhabdidae","Heterostylites","Calanoid",2,28431
1214,"Hyperbionycidae","urn:lsid:marinespecies.org:taxname:344604","Hyperbionycidae Ohtsuka, Roe & Boxshall, 1993","Family","Animalia","Arthropoda","Copepoda","Calanoida","Hyperbionycidae",,"Calanoid",1,
1216,"Hyperbionyx athesphatos","urn:lsid:marinespecies.org:taxname:549160","Hyperbionyx athesphatos Bradford-Grieve, 2010","Species","Animalia","Arthropoda","Copepoda","Calanoida","Hyperbionycidae","Hyperbionyx","Calanoid",1,
1217,"Hyperbionyx pluto","urn:lsid:marinespecies.org:taxname:346567","Hyperbionyx pluto Ohtsuka, Roe & Boxshall, 1993","Species","Animalia","Arthropoda","Copepoda","Calanoida","Hyperbionycidae","Hyperbionyx","Calanoid",2,
1219,"Iboyella cubensis","urn:lsid:marinespecies.org:taxname:346569","Iboyella cubensis Boxshall & Jaume, 2003","Species","Animalia","Arthropoda","Copepoda","Calanoida","Epacteriscidae","Iboyella","Calanoid",1,
1221,"Isaacsicalanus paucisetus","urn:lsid:marinespecies.org:taxname:346571","Isaacsicalanus paucisetus Fleminger, 1983","Species","Animalia","Arthropoda","Copepoda","Calanoida","Spinocalanidae","Isaacsicalanus","Calanoid",1,72239
1223,"Isias clavipes","urn:lsid:marinespecies.org:taxname:104501","Isias clavipes Boeck, 1865","Species","Animalia","Arthropoda","Copepoda","Calanoida","Centropagidae","Isias","Calanoid",18,25737
1224,"Isias cochinensis","urn:lsid:marinespecies.org:taxname:352431","Isias cochinensis Pillai, 1975","Species","Animalia","Arthropoda","Copepoda","Calanoida","Centropagidae","Isias","Calanoid",2,
1225,"Isias tropica","urn:lsid:marinespecies.org:taxname:346572","Isias tropica Sewell, 1924","Species","Animalia","Arthropoda","Copepoda","Calanoida","Centropagidae","Isias","Calanoid",2,
1226,"Isias uncipes","urn:lsid:marinespecies.org:taxname:346573","Isias uncipes Bayly, 1964","Species","Animalia","Arthropoda","Copepoda","Calanoida","Centropagidae","Isias","Calanoid",4,
1228,"Ivellopsis denticauda","urn:lsid:marinespecies.org:taxname:767266","Ivellopsis denticauda (Scott A., 1909)","Species","Animalia","Arthropoda","Copepoda","Calanoida","Pontellidae","Ivellopsis","Calanoid",2,
1229,"Ivellopsis elephas","urn:lsid:marinespecies.org:taxname:346575","Ivellopsis elephas (Brady, 1883)","Species","Animalia","Arthropoda","Copepoda","Calanoida","Pontellidae","Ivellopsis","Calanoid",2,
1231,"Jaschnovia brevis","urn:lsid:marinespecies.org:taxname:104322","Jaschnovia brevis (Farran, 1936)","Species","Animalia","Arthropoda","Copepoda","Calanoida","Aetideidae","Jaschnovia","Calanoid",1,2381430
1232,"Jaschnovia tolli","urn:lsid:marinespecies.org:taxname:247787","Jaschnovia tolli (Linko, 1913)","Species","Animalia","Arthropoda","Copepoda","Calanoida","Aetideidae","Jaschnovia","Calanoid",5,28409
1234,"Kirnesius groenlandicus","urn:lsid:marinespecies.org:taxname:346579","Kirnesius groenlandicus Markhaseva & Semenova, 2005","Species","Animalia","Arthropoda","Copepoda","Calanoida","Phaennidae","Kirnesius","Calanoid",1,
1236,"Kunihulsea antarctica","urn:lsid:marinespecies.org:taxname:343733","Kunihulsea antarctica Schulz, 2004","Species","Animalia","Arthropoda","Copepoda","Calanoida","Spinocalanidae","Kunihulsea","Calanoid",1,
1237,"Kunihulsea arabica","urn:lsid:marinespecies.org:taxname:346580","Kunihulsea arabica Schulz, 1992","Species","Animalia","Arthropoda","Copepoda","Calanoida","Spinocalanidae","Kunihulsea","Calanoid",1,
1238,"Kyphocalanidae","urn:lsid:marinespecies.org:taxname:450719","Kyphocalanidae Markhaseva & Schulz, 2009","Family","Animalia","Arthropoda","Copepoda","Calanoida","Kyphocalanidae",,"Calanoid",1,
1239,"Kyphocalanus","urn:lsid:marinespecies.org:taxname:450720","Kyphocalanus Markhaseva & Schulz, 2009","Genus","Animalia","Arthropoda","Copepoda","Calanoida","Kyphocalanidae","Kyphocalanus","Calanoid",4,
1240,"Kyphocalanus atlanticus","urn:lsid:marinespecies.org:taxname:450721","Kyphocalanus atlanticus Markhaseva & Schulz, 2009","Species","Animalia","Arthropoda","Copepoda","Calanoida","Kyphocalanidae","Kyphocalanus","Calanoid",1,
1241,"Labidocera","urn:lsid:marinespecies.org:taxname:104208","Labidocera Lubbock, 1853","Genus","Animalia","Arthropoda","Copepoda","Calanoida","Pontellidae","Labidocera","Calanoid",817,
1242,"Labidocera acuta","urn:lsid:marinespecies.org:taxname:104726","Labidocera acuta (Dana, 1849)","Species","Animalia","Arthropoda","Copepoda","Calanoida","Pontellidae","Labidocera","Calanoid",125,27741
1243,"Labidocera acutifrons","urn:lsid:marinespecies.org:taxname:104727","Labidocera acutifrons (Dana, 1849)","Species","Animalia","Arthropoda","Copepoda","Calanoida","Pontellidae","Labidocera","Calanoid",43,29763
1244,"Labidocera aestiva","urn:lsid:marinespecies.org:taxname:104728","Labidocera aestiva Wheeler, 1900","Species","Animalia","Arthropoda","Copepoda","Calanoida","Pontellidae","Labidocera","Calanoid",8,29762
1245,"Labidocera antiguae","urn:lsid:marinespecies.org:taxname:346581","Labidocera antiguae Fleminger, 1979","Species","Animalia","Arthropoda","Copepoda","Calanoida","Pontellidae","Labidocera","Calanoid",2,
1246,"Labidocera barbadiensis","urn:lsid:marinespecies.org:taxname:346582","Labidocera barbadiensis Fleminger & Moore, 1977","Species","Animalia","Arthropoda","Copepoda","Calanoida","Pontellidae","Labidocera","Calanoid",2,
1247,"Labidocera barbudae","urn:lsid:marinespecies.org:taxname:346583","Labidocera barbudae Fleminger, 1979","Species","Animalia","Arthropoda","Copepoda","Calanoida","Pontellidae","Labidocera","Calanoid",2,
1248,"Labidocera bataviae","urn:lsid:marinespecies.org:taxname:346584","Labidocera bataviae Scott A., 1909","Species","Animalia","Arthropoda","Copepoda","Calanoida","Pontellidae","Labidocera","Calanoid",4,
1249,"Labidocera bengalensis","urn:lsid:marinespecies.org:taxname:346585","Labidocera bengalensis Krishnaswamy, 1952","Species","Animalia","Arthropoda","Copepoda","Calanoida","Pontellidae","Labidocera","Calanoid",2,173859
1250,"Labidocera boxshalli","urn:lsid:marinespecies.org:taxname:478790","Labidocera boxshalli El-Sherbiny & Ueda, 2010","Species","Animalia","Arthropoda","Copepoda","Calanoida","Pontellidae","Labidocera","Calanoid",2,
1251,"Labidocera brasiliense","urn:lsid:marinespecies.org:taxname:352513","Labidocera brasiliense Farran, 1929","Species","Animalia","Arthropoda","Copepoda","Calanoida","Pontellidae","Labidocera","Calanoid",1,
1252,"Labidocera brunescens","urn:lsid:marinespecies.org:taxname:104729","Labidocera brunescens (Czerniavsky, 1868)","Species","Animalia","Arthropoda","Copepoda","Calanoida","Pontellidae","Labidocera","Calanoid",5,29767
1253,"Labidocera carpentariensis","urn:lsid:marinespecies.org:taxname:220920","Labidocera carpentariensis Fleminger, Othman & Greenwood, 1982","Species","Animalia","Arthropoda","Copepoda","Calanoida","Pontellidae","Labidocera","Calanoid",2,
1254,"Labidocera caudata","urn:lsid:marinespecies.org:taxname:346587","Labidocera caudata Nicholls, 1944","Species","Animalia","Arthropoda","Copepoda","Calanoida","Pontellidae","Labidocera","Calanoid",2,
1255,"Labidocera cervi","urn:lsid:marinespecies.org:taxname:346588","Labidocera cervi Krämer, 1895","Species","Animalia","Arthropoda","Copepoda","Calanoida","Pontellidae","Labidocera","Calanoid",4,
1256,"Labidocera dakini","urn:lsid:marinespecies.org:taxname:346589","Labidocera dakini Greenwood, 1978","Species","Animalia","Arthropoda","Copepoda","Calanoida","Pontellidae","Labidocera","Calanoid",4,
1257,"Labidocera darwinii","urn:lsid:marinespecies.org:taxname:358893","Labidocera darwinii Lubbock, 1853","Species","Animalia","Arthropoda","Copepoda","Calanoida","Pontellidae","Labidocera","Calanoid",4,
1258,"Labidocera detruncata","urn:lsid:marinespecies.org:taxname:104730","Labidocera detruncata (Dana, 1849)","Species","Animalia","Arthropoda","Copepoda","Calanoida","Pontellidae","Labidocera","Calanoid",36,27745
1259,"Labidocera diandra","urn:lsid:marinespecies.org:taxname:346591","Labidocera diandra Fleminger, 1967","Species","Animalia","Arthropoda","Copepoda","Calanoida","Pontellidae","Labidocera","Calanoid",2,
1260,"Labidocera euchaeta","urn:lsid:marinespecies.org:taxname:346592","Labidocera euchaeta Giesbrecht, 1889","Species","Animalia","Arthropoda","Copepoda","Calanoida","Pontellidae","Labidocera","Calanoid",336,80284
1261,"Labidocera farrani","urn:lsid:marinespecies.org:taxname:346593","Labidocera farrani Greenwood & Othman, 1979","Species","Animalia","Arthropoda","Copepoda","Calanoida","Pontellidae","Labidocera","Calanoid",4,
1262,"Labidocera fluviatilis","urn:lsid:marinespecies.org:taxname:346594","Labidocera fluviatilis Dahl F., 1894","Species","Animalia","Arthropoda","Copepoda","Calanoida","Pontellidae","Labidocera","Calanoid",8,
1263,"Labidocera gallensis","urn:lsid:marinespecies.org:taxname:346595","Labidocera gallensis Thompson I.C. & Scott A., 1903","Species","Animalia","Arthropoda","Copepoda","Calanoida","Pontellidae","Labidocera","Calanoid",2,
1264,"Labidocera gangetica","urn:lsid:marinespecies.org:taxname:346596","Labidocera gangetica Sewell, 1934","Species","Animalia","Arthropoda","Copepoda","Calanoida","Pontellidae","Labidocera","Calanoid",2,
1265,"Labidocera glauca","urn:lsid:marinespecies.org:taxname:346597","Labidocera glauca Smith L.V., 1936","Species","Animalia","Arthropoda","Copepoda","Calanoida","Pontellidae","Labidocera","Calanoid",2,
1266,"Labidocera jaafari","urn:lsid:marinespecies.org:taxname:346598","Labidocera jaafari Othman, 1986","Species","Animalia","Arthropoda","Copepoda","Calanoida","Pontellidae","Labidocera","Calanoid",2,
1267,"Labidocera japonica","urn:lsid:marinespecies.org:taxname:346599","Labidocera japonica Mori, 1935","Species","Animalia","Arthropoda","Copepoda","Calanoida","Pontellidae","Labidocera","Calanoid",2,29759
1268,"Labidocera javaensis","urn:lsid:marinespecies.org:taxname:346600","Labidocera javaensis Mulyadi, 1997","Species","Animalia","Arthropoda","Copepoda","Calanoida","Pontellidae","Labidocera","Calanoid",2,
1269,"Labidocera johnsoni","urn:lsid:marinespecies.org:taxname:346601","Labidocera johnsoni Fleminger, 1964","Species","Animalia","Arthropoda","Copepoda","Calanoida","Pontellidae","Labidocera","Calanoid",2,
1270,"Labidocera jollae","urn:lsid:marinespecies.org:taxname:346602","Labidocera jollae Esterly, 1906","Species","Animalia","Arthropoda","Copepoda","Calanoida","Pontellidae","Labidocera","Calanoid",2,28121
1271,"Labidocera kolpos","urn:lsid:marinespecies.org:taxname:346603","Labidocera kolpos Fleminger, 1967","Species","Animalia","Arthropoda","Copepoda","Calanoida","Pontellidae","Labidocera","Calanoid",3,
1272,"Labidocera kroyeri kroyeri","urn:lsid:marinespecies.org:taxname:1458653","Labidocera kroyeri kroyeri (Brady, 1883)","Species","Animalia","Arthropoda","Copepoda","Calanoida","Pontellidae","Labidocera","Calanoid",10,
1273,"Labidocera kuwaitiana","urn:lsid:marinespecies.org:taxname:826487","Labidocera kuwaitiana Prusova & Al-Yamani, 2014","Species","Animalia","Arthropoda","Copepoda","Calanoida","Pontellidae","Labidocera","Calanoid",2,
1274,"Labidocera laevidentata","urn:lsid:marinespecies.org:taxname:220924","Labidocera laevidentata (Brady, 1883)","Species","Animalia","Arthropoda","Copepoda","Calanoida","Pontellidae","Labidocera","Calanoid",12,103284
1275,"Labidocera madurae","urn:lsid:marinespecies.org:taxname:104732","Labidocera madurae Scott A., 1909","Species","Animalia","Arthropoda","Copepoda","Calanoida","Pontellidae","Labidocera","Calanoid",4,28435
1276,"Labidocera minuta","urn:lsid:marinespecies.org:taxname:220921","Labidocera minuta Giesbrecht, 1889","Species","Animalia","Arthropoda","Copepoda","Calanoida","Pontellidae","Labidocera","Calanoid",12,81231
1277,"Labidocera mirabilis","urn:lsid:marinespecies.org:taxname:346605","Labidocera mirabilis Fleminger, 1957","Species","Animalia","Arthropoda","Copepoda","Calanoida","Pontellidae","Labidocera","Calanoid",6,28122
1278,"Labidocera moretoni","urn:lsid:marinespecies.org:taxname:220925","Labidocera moretoni Greenwood, 1978","Species","Animalia","Arthropoda","Copepoda","Calanoida","Pontellidae","Labidocera","Calanoid",4,
1279,"Labidocera muranoi","urn:lsid:marinespecies.org:taxname:346606","Labidocera muranoi Mulyadi, 1997","Species","Animalia","Arthropoda","Copepoda","Calanoida","Pontellidae","Labidocera","Calanoid",2,
1280,"Labidocera nerii","urn:lsid:marinespecies.org:taxname:104733","Labidocera nerii (Krøyer, 1849)","Species","Animalia","Arthropoda","Copepoda","Calanoida","Pontellidae","Labidocera","Calanoid",61,29764
1281,"Labidocera orsinii","urn:lsid:marinespecies.org:taxname:104734","Labidocera orsinii Giesbrecht, 1889","Species","Animalia","Arthropoda","Copepoda","Calanoida","Pontellidae","Labidocera","Calanoid",1,
1282,"Labidocera panamae","urn:lsid:marinespecies.org:taxname:346607","Labidocera panamae Fleminger & Moore, 1977","Species","Animalia","Arthropoda","Copepoda","Calanoida","Pontellidae","Labidocera","Calanoid",2,
1283,"Labidocera papuensis","urn:lsid:marinespecies.org:taxname:220922","Labidocera papuensis Fleminger, Othman & Greenwood, 1982","Species","Animalia","Arthropoda","Copepoda","Calanoida","Pontellidae","Labidocera","Calanoid",2,
1284,"Labidocera pavo","urn:lsid:marinespecies.org:taxname:104735","Labidocera pavo Giesbrecht, 1889","Species","Animalia","Arthropoda","Copepoda","Calanoida","Pontellidae","Labidocera","Calanoid",4,29760
1285,"Labidocera pectinata","urn:lsid:marinespecies.org:taxname:220923","Labidocera pectinata Thompson I.C. & Scott A., 1903","Species","Animalia","Arthropoda","Copepoda","Calanoida","Pontellidae","Labidocera","Calanoid",2,
1286,"Labidocera pseudacuta","urn:lsid:marinespecies.org:taxname:346608","Labidocera pseudacuta Silas & Pillai, 1967","Species","Animalia","Arthropoda","Copepoda","Calanoida","Pontellidae","Labidocera","Calanoid",2,
1287,"Labidocera rotunda","urn:lsid:marinespecies.org:taxname:358900","Labidocera rotunda Mori, 1929","Species","Animalia","Arthropoda","Copepoda","Calanoida","Pontellidae","Labidocera","Calanoid",15,155886
1288,"Labidocera scotti","urn:lsid:marinespecies.org:taxname:346610","Labidocera scotti Giesbrecht, 1897","Species","Animalia","Arthropoda","Copepoda","Calanoida","Pontellidae","Labidocera","Calanoid",8,29765
1289,"Labidocera sinilobata","urn:lsid:marinespecies.org:taxname:346611","Labidocera sinilobata Shen & Lee, 1963","Species","Animalia","Arthropoda","Copepoda","Calanoida","Pontellidae","Labidocera","Calanoid",2,80285
1290,"Labidocera tasmanica","urn:lsid:marinespecies.org:taxname:346613","Labidocera tasmanica Taw, 1974","Species","Animalia","Arthropoda","Copepoda","Calanoida","Pontellidae","Labidocera","Calanoid",4,
1291,"Labidocera trispinosa","urn:lsid:marinespecies.org:taxname:346614","Labidocera trispinosa Esterly, 1905","Species","Animalia","Arthropoda","Copepoda","Calanoida","Pontellidae","Labidocera","Calanoid",6,28123
1292,"Labidocera wilsoni","urn:lsid:marinespecies.org:taxname:346615","Labidocera wilsoni Fleminger & Tan, 1966","Species","Animalia","Arthropoda","Copepoda","Calanoida","Pontellidae","Labidocera","Calanoid",2,
1293,"Labidocera wollastoni","urn:lsid:marinespecies.org:taxname:104736","Labidocera wollastoni (Lubbock, 1857)","Species","Animalia","Arthropoda","Copepoda","Calanoida","Pontellidae","Labidocera","Calanoid",20,29761
1295,"Lamiantennula longifurca","urn:lsid:marinespecies.org:taxname:344606","Lamiantennula longifurca Markhaseva & Schulz, 2006","Species","Animalia","Arthropoda","Copepoda","Calanoida","Hyperbionycidae","Lamiantennula","Calanoid",1,
1297,"Landrumius antarcticus","urn:lsid:marinespecies.org:taxname:344607","Landrumius antarcticus Park, 1983","Species","Animalia","Arthropoda","Copepoda","Calanoida","Scolecitrichidae","Landrumius","Calanoid",1,
1298,"Landrumius gigas","urn:lsid:marinespecies.org:taxname:344608","Landrumius gigas (Scott A., 1909)","Species","Animalia","Arthropoda","Copepoda","Calanoida","Scolecitrichidae","Landrumius","Calanoid",3,
1299,"Landrumius insignis","urn:lsid:marinespecies.org:taxname:104778","Landrumius insignis (Sars G.O., 1920)","Species","Animalia","Arthropoda","Copepoda","Calanoida","Scolecitrichidae","Landrumius","Calanoid",2,
1300,"Landrumius sarsi","urn:lsid:marinespecies.org:taxname:346618","Landrumius sarsi (Wilson C.B., 1950)","Species","Animalia","Arthropoda","Copepoda","Calanoida","Scolecitrichidae","Landrumius","Calanoid",1,
1302,"Limnocalanus grimaldii grimaldii","urn:lsid:marinespecies.org:taxname:487769","Limnocalanus grimaldii grimaldii (Guerne, 1886)","Species","Animalia","Arthropoda","Copepoda","Calanoida","Centropagidae","Limnocalanus","Calanoid",7,
1303,"Limnocalanus macrurus macrurus","urn:lsid:marinespecies.org:taxname:487770","Limnocalanus macrurus macrurus Sars G.O., 1863","Species","Animalia","Arthropoda","Copepoda","Calanoida","Centropagidae","Limnocalanus","Calanoid",1,
1304,"Lophothrix","urn:lsid:marinespecies.org:taxname:104225","Lophothrix Giesbrecht, 1895","Genus","Animalia","Arthropoda","Copepoda","Calanoida","Scolecitrichidae","Lophothrix","Calanoid",11,
1305,"Lophothrix frontalis","urn:lsid:marinespecies.org:taxname:104779","Lophothrix frontalis Giesbrecht, 1895","Species","Animalia","Arthropoda","Copepoda","Calanoida","Scolecitrichidae","Lophothrix","Calanoid",18,29434
1306,"Lophothrix humilifrons","urn:lsid:marinespecies.org:taxname:104780","Lophothrix humilifrons Sars G.O., 1905","Species","Animalia","Arthropoda","Copepoda","Calanoida","Scolecitrichidae","Lophothrix","Calanoid",1,29436
1307,"Lophothrix latipes","urn:lsid:marinespecies.org:taxname:104781","Lophothrix latipes (Scott T., 1894)","Species","Animalia","Arthropoda","Copepoda","Calanoida","Scolecitrichidae","Lophothrix","Calanoid",9,29435
1308,"Lophothrix quadrispinosa","urn:lsid:marinespecies.org:taxname:104782","Lophothrix quadrispinosa Wolfenden, 1911","Species","Animalia","Arthropoda","Copepoda","Calanoida","Scolecitrichidae","Lophothrix","Calanoid",1,29438
1309,"Lophothrix similis","urn:lsid:marinespecies.org:taxname:346622","Lophothrix similis Wolfenden, 1911","Species","Animalia","Arthropoda","Copepoda","Calanoida","Scolecitrichidae","Lophothrix","Calanoid",1,
1310,"Lophothrix simplex","urn:lsid:marinespecies.org:taxname:346623","Lophothrix simplex Wolfenden, 1911","Species","Animalia","Arthropoda","Copepoda","Calanoida","Scolecitrichidae","Lophothrix","Calanoid",1,
1311,"Lophothrix varicans","urn:lsid:marinespecies.org:taxname:346624","Lophothrix varicans Wolfenden, 1911","Species","Animalia","Arthropoda","Copepoda","Calanoida","Scolecitrichidae","Lophothrix","Calanoid",1,
1312,"Lucicutia","urn:lsid:marinespecies.org:taxname:104183","Lucicutia Giesbrecht, 1898","Genus","Animalia","Arthropoda","Copepoda","Calanoida","Lucicutiidae","Lucicutia","Calanoid",6,
1313,"Lucicutia anisofurcata","urn:lsid:marinespecies.org:taxname:346627","Lucicutia anisofurcata Heptner, 1971","Species","Animalia","Arthropoda","Copepoda","Calanoida","Lucicutiidae","Lucicutia","Calanoid",2,
1314,"Lucicutia anomala","urn:lsid:marinespecies.org:taxname:104593","Lucicutia anomala Brodsky, 1950","Species","Animalia","Arthropoda","Copepoda","Calanoida","Lucicutiidae","Lucicutia","Calanoid",2,29097
1315,"Lucicutia aurita","urn:lsid:marinespecies.org:taxname:220906","Lucicutia aurita Cleve, 1904","Species","Animalia","Arthropoda","Copepoda","Calanoida","Lucicutiidae","Lucicutia","Calanoid",2,27802
1316,"Lucicutia bella","urn:lsid:marinespecies.org:taxname:220909","Lucicutia bella Hulsemann, 1966","Species","Animalia","Arthropoda","Copepoda","Calanoida","Lucicutiidae","Lucicutia","Calanoid",2,
1317,"Lucicutia bicornuta","urn:lsid:marinespecies.org:taxname:104594","Lucicutia bicornuta Wolfenden, 1905","Species","Animalia","Arthropoda","Copepoda","Calanoida","Lucicutiidae","Lucicutia","Calanoid",10,29098
1318,"Lucicutia biuncata","urn:lsid:marinespecies.org:taxname:346628","Lucicutia biuncata Heptner, 1971","Species","Animalia","Arthropoda","Copepoda","Calanoida","Lucicutiidae","Lucicutia","Calanoid",1,
1319,"Lucicutia bradyana","urn:lsid:marinespecies.org:taxname:345828","Lucicutia bradyana Cleve, 1904","Species","Animalia","Arthropoda","Copepoda","Calanoida","Lucicutiidae","Lucicutia","Calanoid",2,170706
1320,"Lucicutia cinerea","urn:lsid:marinespecies.org:taxname:346629","Lucicutia cinerea Heptner, 1971","Species","Animalia","Arthropoda","Copepoda","Calanoida","Lucicutiidae","Lucicutia","Calanoid",1,
1321,"Lucicutia clausi","urn:lsid:marinespecies.org:taxname:104595","Lucicutia clausi (Giesbrecht, 1889)","Species","Animalia","Arthropoda","Copepoda","Calanoida","Lucicutiidae","Lucicutia","Calanoid",22,28192
1322,"Lucicutia curta","urn:lsid:marinespecies.org:taxname:104596","Lucicutia curta Farran, 1905","Species","Animalia","Arthropoda","Copepoda","Calanoida","Lucicutiidae","Lucicutia","Calanoid",9,29113
1323,"Lucicutia curvifurcata","urn:lsid:marinespecies.org:taxname:346630","Lucicutia curvifurcata Heptner, 1971","Species","Animalia","Arthropoda","Copepoda","Calanoida","Lucicutiidae","Lucicutia","Calanoid",1,
1324,"Lucicutia flavicornis","urn:lsid:marinespecies.org:taxname:104597","Lucicutia flavicornis (Claus, 1863)","Species","Animalia","Arthropoda","Copepoda","Calanoida","Lucicutiidae","Lucicutia","Calanoid",30,29100
1325,"Lucicutia formosa","urn:lsid:marinespecies.org:taxname:104598","Lucicutia formosa Hulsemann, 1966","Species","Animalia","Arthropoda","Copepoda","Calanoida","Lucicutiidae","Lucicutia","Calanoid",2,28193
1326,"Lucicutia gaussae","urn:lsid:marinespecies.org:taxname:104599","Lucicutia gaussae Grice, 1963","Species","Animalia","Arthropoda","Copepoda","Calanoida","Lucicutiidae","Lucicutia","Calanoid",16,29116
1327,"Lucicutia gemina","urn:lsid:marinespecies.org:taxname:104600","Lucicutia gemina Farran, 1926","Species","Animalia","Arthropoda","Copepoda","Calanoida","Lucicutiidae","Lucicutia","Calanoid",20,29117
1328,"Lucicutia grandis","urn:lsid:marinespecies.org:taxname:220908","Lucicutia grandis (Giesbrecht, 1895)","Species","Animalia","Arthropoda","Copepoda","Calanoida","Lucicutiidae","Lucicutia","Calanoid",12,29102
1329,"Lucicutia hulsemannae","urn:lsid:marinespecies.org:taxname:346631","Lucicutia hulsemannae Markhaseva & Ferrari, 2005","Species","Animalia","Arthropoda","Copepoda","Calanoida","Lucicutiidae","Lucicutia","Calanoid",2,
1330,"Lucicutia intermedia","urn:lsid:marinespecies.org:taxname:104601","Lucicutia intermedia Sars G.O., 1905","Species","Animalia","Arthropoda","Copepoda","Calanoida","Lucicutiidae","Lucicutia","Calanoid",4,
1331,"Lucicutia longicornis","urn:lsid:marinespecies.org:taxname:104602","Lucicutia longicornis (Giesbrecht, 1889)","Species","Animalia","Arthropoda","Copepoda","Calanoida","Lucicutiidae","Lucicutia","Calanoid",6,25740
1332,"Lucicutia longifurca","urn:lsid:marinespecies.org:taxname:346632","Lucicutia longifurca Brodsky, 1950","Species","Animalia","Arthropoda","Copepoda","Calanoida","Lucicutiidae","Lucicutia","Calanoid",4,29103
1333,"Lucicutia longiserrata","urn:lsid:marinespecies.org:taxname:104603","Lucicutia longiserrata (Giesbrecht, 1889)","Species","Animalia","Arthropoda","Copepoda","Calanoida","Lucicutiidae","Lucicutia","Calanoid",9,29114
1334,"Lucicutia longispina","urn:lsid:marinespecies.org:taxname:104604","Lucicutia longispina Tanaka, 1963","Species","Animalia","Arthropoda","Copepoda","Calanoida","Lucicutiidae","Lucicutia","Calanoid",1,
1335,"Lucicutia lucida","urn:lsid:marinespecies.org:taxname:104605","Lucicutia lucida Farran, 1908","Species","Animalia","Arthropoda","Copepoda","Calanoida","Lucicutiidae","Lucicutia","Calanoid",6,25741
1336,"Lucicutia macrocera","urn:lsid:marinespecies.org:taxname:104606","Lucicutia macrocera Sars G.O., 1920","Species","Animalia","Arthropoda","Copepoda","Calanoida","Lucicutiidae","Lucicutia","Calanoid",6,26408
1337,"Lucicutia magna","urn:lsid:marinespecies.org:taxname:104607","Lucicutia magna Wolfenden, 1903","Species","Animalia","Arthropoda","Copepoda","Calanoida","Lucicutiidae","Lucicutia","Calanoid",10,29104
1338,"Lucicutia major","urn:lsid:marinespecies.org:taxname:220904","Lucicutia major Wolfenden, 1911","Species","Animalia","Arthropoda","Copepoda","Calanoida","Lucicutiidae","Lucicutia","Calanoid",1,
1339,"Lucicutia maxima","urn:lsid:marinespecies.org:taxname:104608","Lucicutia maxima Steuer, 1904","Species","Animalia","Arthropoda","Copepoda","Calanoida","Lucicutiidae","Lucicutia","Calanoid",10,26409
1340,"Lucicutia oblonga","urn:lsid:marinespecies.org:taxname:346633","Lucicutia oblonga Brodsky, 1950","Species","Animalia","Arthropoda","Copepoda","Calanoida","Lucicutiidae","Lucicutia","Calanoid",3,29105
1341,"Lucicutia orientalis","urn:lsid:marinespecies.org:taxname:346634","Lucicutia orientalis Brodsky, 1950","Species","Animalia","Arthropoda","Copepoda","Calanoida","Lucicutiidae","Lucicutia","Calanoid",4,29106
1342,"Lucicutia ovalis","urn:lsid:marinespecies.org:taxname:104609","Lucicutia ovalis (Giesbrecht, 1889)","Species","Animalia","Arthropoda","Copepoda","Calanoida","Lucicutiidae","Lucicutia","Calanoid",31,29115
1343,"Lucicutia pacifica","urn:lsid:marinespecies.org:taxname:353211","Lucicutia pacifica Brodsky, 1950","Species","Animalia","Arthropoda","Copepoda","Calanoida","Lucicutiidae","Lucicutia","Calanoid",2,29108
1344,"Lucicutia pallida","urn:lsid:marinespecies.org:taxname:220905","Lucicutia pallida Hulsemann, 1966","Species","Animalia","Arthropoda","Copepoda","Calanoida","Lucicutiidae","Lucicutia","Calanoid",1,
1345,"Lucicutia paraclausi","urn:lsid:marinespecies.org:taxname:346635","Lucicutia paraclausi Park, 1970","Species","Animalia","Arthropoda","Copepoda","Calanoida","Lucicutiidae","Lucicutia","Calanoid",2,29118
1346,"Lucicutia parva","urn:lsid:marinespecies.org:taxname:104610","Lucicutia parva Grice & Hulsemann, 1965","Species","Animalia","Arthropoda","Copepoda","Calanoida","Lucicutiidae","Lucicutia","Calanoid",2,
1347,"Lucicutia pellucida","urn:lsid:marinespecies.org:taxname:104611","Lucicutia pellucida Hulsemann, 1966","Species","Animalia","Arthropoda","Copepoda","Calanoida","Lucicutiidae","Lucicutia","Calanoid",1,
1348,"Lucicutia pera","urn:lsid:marinespecies.org:taxname:104612","Lucicutia pera Scott A., 1909","Species","Animalia","Arthropoda","Copepoda","Calanoida","Lucicutiidae","Lucicutia","Calanoid",2,
1349,"Lucicutia polaris","urn:lsid:marinespecies.org:taxname:220910","Lucicutia polaris Brodsky, 1950","Species","Animalia","Arthropoda","Copepoda","Calanoida","Lucicutiidae","Lucicutia","Calanoid",2,29109
1350,"Lucicutia profunda","urn:lsid:marinespecies.org:taxname:346636","Lucicutia profunda Brodsky, 1950","Species","Animalia","Arthropoda","Copepoda","Calanoida","Lucicutiidae","Lucicutia","Calanoid",4,29110
1351,"Lucicutia pseudopolaris","urn:lsid:marinespecies.org:taxname:346637","Lucicutia pseudopolaris Heptner, 1969","Species","Animalia","Arthropoda","Copepoda","Calanoida","Lucicutiidae","Lucicutia","Calanoid",2,29111
1352,"Lucicutia sarsi","urn:lsid:marinespecies.org:taxname:104613","Lucicutia sarsi Hulsemann, 1966","Species","Animalia","Arthropoda","Copepoda","Calanoida","Lucicutiidae","Lucicutia","Calanoid",1,
1353,"Lucicutia sewelli","urn:lsid:marinespecies.org:taxname:220911","Lucicutia sewelli Tanaka, 1963","Species","Animalia","Arthropoda","Copepoda","Calanoida","Lucicutiidae","Lucicutia","Calanoid",2,
1354,"Lucicutia tenuicauda","urn:lsid:marinespecies.org:taxname:104614","Lucicutia tenuicauda Sars G.O., 1907","Species","Animalia","Arthropoda","Copepoda","Calanoida","Lucicutiidae","Lucicutia","Calanoid",1,26411
1355,"Lucicutia ushakovi","urn:lsid:marinespecies.org:taxname:346638","Lucicutia ushakovi Brodsky, 1955","Species","Animalia","Arthropoda","Copepoda","Calanoida","Lucicutiidae","Lucicutia","Calanoid",1,
1356,"Lucicutia wolfendeni","urn:lsid:marinespecies.org:taxname:104615","Lucicutia wolfendeni Sewell, 1932","Species","Animalia","Arthropoda","Copepoda","Calanoida","Lucicutiidae","Lucicutia","Calanoid",2,27803
1357,"Lucicutiidae","urn:lsid:marinespecies.org:taxname:104088","Lucicutiidae Sars G.O., 1902","Family","Animalia","Arthropoda","Copepoda","Calanoida","Lucicutiidae",,"Calanoid",2,
1359,"Lutamator elegans","urn:lsid:marinespecies.org:taxname:346640","Lutamator elegans Alvarez, 1984","Species","Animalia","Arthropoda","Copepoda","Calanoida","Aetideidae","Lutamator","Calanoid",1,
1360,"Lutamator hurleyi","urn:lsid:marinespecies.org:taxname:346641","Lutamator hurleyi Bradford, 1969","Species","Animalia","Arthropoda","Copepoda","Calanoida","Aetideidae","Lutamator","Calanoid",1,
1361,"Lutamator paradiseus","urn:lsid:marinespecies.org:taxname:346642","Lutamator paradiseus Ohtsuka, Boxshall & Shimomura, 2005","Species","Animalia","Arthropoda","Copepoda","Calanoida","Aetideidae","Lutamator","Calanoid",2,
1363,"Macandrewella agassizi","urn:lsid:marinespecies.org:taxname:346644","Macandrewella agassizi Wilson C.B., 1950","Species","Animalia","Arthropoda","Copepoda","Calanoida","Scolecitrichidae","Macandrewella","Calanoid",2,
1364,"Macandrewella asymmetrica","urn:lsid:marinespecies.org:taxname:346645","Macandrewella asymmetrica Farran, 1936","Species","Animalia","Arthropoda","Copepoda","Calanoida","Scolecitrichidae","Macandrewella","Calanoid",2,
1365,"Macandrewella chelipes","urn:lsid:marinespecies.org:taxname:346646","Macandrewella chelipes (Giesbrecht, 1896)","Species","Animalia","Arthropoda","Copepoda","Calanoida","Scolecitrichidae","Macandrewella","Calanoid",2,
1366,"Macandrewella cochinensis","urn:lsid:marinespecies.org:taxname:346647","Macandrewella cochinensis Gopalakrishnan, 1973","Species","Animalia","Arthropoda","Copepoda","Calanoida","Scolecitrichidae","Macandrewella","Calanoid",2,
1367,"Macandrewella joanae","urn:lsid:marinespecies.org:taxname:346648","Macandrewella joanae Scott A., 1909","Species","Animalia","Arthropoda","Copepoda","Calanoida","Scolecitrichidae","Macandrewella","Calanoid",2,
1368,"Macandrewella mera","urn:lsid:marinespecies.org:taxname:346649","Macandrewella mera Farran, 1936","Species","Animalia","Arthropoda","Copepoda","Calanoida","Scolecitrichidae","Macandrewella","Calanoid",1,
1369,"Macandrewella omorii","urn:lsid:marinespecies.org:taxname:346650","Macandrewella omorii Ohtsuka, Nishida & Nakaguchi, 2002","Species","Animalia","Arthropoda","Copepoda","Calanoida","Scolecitrichidae","Macandrewella","Calanoid",2,
1370,"Macandrewella scotti","urn:lsid:marinespecies.org:taxname:346651","Macandrewella scotti Sewell, 1929","Species","Animalia","Arthropoda","Copepoda","Calanoida","Scolecitrichidae","Macandrewella","Calanoid",1,
1371,"Macandrewella serratipes","urn:lsid:marinespecies.org:taxname:346652","Macandrewella serratipes Ohtsuka, Nishida & Nakaguchi, 2002","Species","Animalia","Arthropoda","Copepoda","Calanoida","Scolecitrichidae","Macandrewella","Calanoid",2,
1372,"Macandrewella sewelli","urn:lsid:marinespecies.org:taxname:346653","Macandrewella sewelli Farran, 1936","Species","Animalia","Arthropoda","Copepoda","Calanoida","Scolecitrichidae","Macandrewella","Calanoid",2,
1373,"Macandrewella stygiana","urn:lsid:marinespecies.org:taxname:346654","Macandrewella stygiana Ohtsuka, Nishida & Nakaguchi, 2002","Species","Animalia","Arthropoda","Copepoda","Calanoida","Scolecitrichidae","Macandrewella","Calanoid",2,
1374,"Macandrewella tuberculata","urn:lsid:marinespecies.org:taxname:346655","Macandrewella tuberculata Chen, 1987","Species","Animalia","Arthropoda","Copepoda","Calanoida","Scolecitrichidae","Macandrewella","Calanoid",2,
1375,"Mecynocera","urn:lsid:marinespecies.org:taxname:104184","Mecynocera Thompson I.C., 1888","Genus","Animalia","Arthropoda","Copepoda","Calanoida","Paracalanidae","Mecynocera","Calanoid",2,
1376,"Mecynocera clausi","urn:lsid:marinespecies.org:taxname:104616","Mecynocera clausi Thompson I.C., 1888","Species","Animalia","Arthropoda","Copepoda","Calanoida","Paracalanidae","Mecynocera","Calanoid",18,28462
1377,"Mecynocera gracilis","urn:lsid:marinespecies.org:taxname:364371","Mecynocera gracilis (Tanaka, 1956)","Species","Animalia","Arthropoda","Copepoda","Calanoida","Paracalanidae","Mecynocera","Calanoid",8,
1378,"Megacalanidae","urn:lsid:marinespecies.org:taxname:104090","Megacalanidae Sewell, 1947","Family","Animalia","Arthropoda","Copepoda","Calanoida","Megacalanidae",,"Calanoid",2,
1379,"Megacalanus","urn:lsid:marinespecies.org:taxname:104187","Megacalanus Wolfenden, 1904","Genus","Animalia","Arthropoda","Copepoda","Calanoida","Megacalanidae","Megacalanus","Calanoid",9,
1380,"Megacalanus princeps princeps","urn:lsid:marinespecies.org:taxname:730985","Megacalanus princeps princeps Wolfenden, 1904","Species","Animalia","Arthropoda","Copepoda","Calanoida","Megacalanidae","Megacalanus","Calanoid",25,
1382,"Mesaiokeras heptneri","urn:lsid:marinespecies.org:taxname:104623","Mesaiokeras heptneri Andronov, 1973","Species","Animalia","Arthropoda","Copepoda","Calanoida","Mesaiokeratidae","Mesaiokeras","Calanoid",2,
1383,"Mesaiokeras hurei","urn:lsid:marinespecies.org:taxname:346656","Mesaiokeras hurei Kršinic, 2003","Species","Animalia","Arthropoda","Copepoda","Calanoida","Mesaiokeratidae","Mesaiokeras","Calanoid",2,
1384,"Mesaiokeras kaufmanni","urn:lsid:marinespecies.org:taxname:346657","Mesaiokeras kaufmanni Fosshagen, 1978","Species","Animalia","Arthropoda","Copepoda","Calanoida","Mesaiokeratidae","Mesaiokeras","Calanoid",1,
1385,"Mesaiokeras marocanus","urn:lsid:marinespecies.org:taxname:346658","Mesaiokeras marocanus Andronov, 1995","Species","Animalia","Arthropoda","Copepoda","Calanoida","Mesaiokeratidae","Mesaiokeras","Calanoid",1,
1386,"Mesaiokeras mikhailini","urn:lsid:marinespecies.org:taxname:346659","Mesaiokeras mikhailini Andronov, 1995","Species","Animalia","Arthropoda","Copepoda","Calanoida","Mesaiokeratidae","Mesaiokeras","Calanoid",1,
1387,"Mesaiokeras nanseni","urn:lsid:marinespecies.org:taxname:104624","Mesaiokeras nanseni Matthews, 1961","Species","Animalia","Arthropoda","Copepoda","Calanoida","Mesaiokeratidae","Mesaiokeras","Calanoid",2,
1388,"Mesaiokeras semiplenus","urn:lsid:marinespecies.org:taxname:346660","Mesaiokeras semiplenus Andronov, 1973","Species","Animalia","Arthropoda","Copepoda","Calanoida","Mesaiokeratidae","Mesaiokeras","Calanoid",2,
1389,"Mesaiokeras spitsbergensis","urn:lsid:marinespecies.org:taxname:346661","Mesaiokeras spitsbergensis Schulz & Kwasniewski, 2004","Species","Animalia","Arthropoda","Copepoda","Calanoida","Mesaiokeratidae","Mesaiokeras","Calanoid",2,
1390,"Mesaiokeras tantillus","urn:lsid:marinespecies.org:taxname:346662","Mesaiokeras tantillus Andronov, 1973","Species","Animalia","Arthropoda","Copepoda","Calanoida","Mesaiokeratidae","Mesaiokeras","Calanoid",2,
1391,"Mesaiokeratidae","urn:lsid:marinespecies.org:taxname:104091","Mesaiokeratidae Matthews, 1961","Family","Animalia","Arthropoda","Copepoda","Calanoida","Mesaiokeratidae",,"Calanoid",2,
1392,"Mesocalanus","urn:lsid:marinespecies.org:taxname:104153","Mesocalanus Bradford & Jillett, 1974","Genus","Animalia","Arthropoda","Copepoda","Calanoida","Calanidae","Mesocalanus","Calanoid",1,
1393,"Mesocalanus lighti","urn:lsid:marinespecies.org:taxname:346663","Mesocalanus lighti (Bowman, 1955)","Species","Animalia","Arthropoda","Copepoda","Calanoida","Calanidae","Mesocalanus","Calanoid",19,28269
1394,"Mesocalanus tenuicornis","urn:lsid:marinespecies.org:taxname:104468","Mesocalanus tenuicornis (Dana, 1849)","Species","Animalia","Arthropoda","Copepoda","Calanoida","Calanidae","Mesocalanus","Calanoid",93,26767
1396,"Mesocomantenna spinosa","urn:lsid:marinespecies.org:taxname:346665","Mesocomantenna spinosa Alvarez, 1986","Species","Animalia","Arthropoda","Copepoda","Calanoida","Aetideidae","Mesocomantenna","Calanoid",1,
1398,"Mesorhabdus angustus","urn:lsid:marinespecies.org:taxname:104588","Mesorhabdus angustus Sars G.O., 1907","Species","Animalia","Arthropoda","Copepoda","Calanoida","Heterorhabdidae","Mesorhabdus","Calanoid",3,29604
1399,"Mesorhabdus brevicaudatus","urn:lsid:marinespecies.org:taxname:104589","Mesorhabdus brevicaudatus (Wolfenden, 1905)","Species","Animalia","Arthropoda","Copepoda","Calanoida","Heterorhabdidae","Mesorhabdus","Calanoid",7,29606
1400,"Mesorhabdus gracilis","urn:lsid:marinespecies.org:taxname:104590","Mesorhabdus gracilis Sars G.O., 1907","Species","Animalia","Arthropoda","Copepoda","Calanoida","Heterorhabdidae","Mesorhabdus","Calanoid",3,29607
1401,"Mesorhabdus paragracilis","urn:lsid:marinespecies.org:taxname:346666","Mesorhabdus paragracilis Park, 2000","Species","Animalia","Arthropoda","Copepoda","Calanoida","Heterorhabdidae","Mesorhabdus","Calanoid",2,28432
1402,"Mesorhabdus poriphorus","urn:lsid:marinespecies.org:taxname:346667","Mesorhabdus poriphorus Park, 2000","Species","Animalia","Arthropoda","Copepoda","Calanoida","Heterorhabdidae","Mesorhabdus","Calanoid",2,
1404,"Metacalanalis hakuhoae","urn:lsid:marinespecies.org:taxname:346668","Metacalanalis hakuhoae Ohtsuka, Nishida & Machida, 2005","Species","Animalia","Arthropoda","Copepoda","Calanoida","Arietellidae","Metacalanalis","Calanoid",1,
1405,"Metacalanus","urn:lsid:marinespecies.org:taxname:104132","Metacalanus Cleve, 1901","Genus","Animalia","Arthropoda","Copepoda","Calanoida","Arietellidae","Metacalanus","Calanoid",3,
1406,"Metacalanus acutioperculum","urn:lsid:marinespecies.org:taxname:104355","Metacalanus acutioperculum Ohtsuka, 1984","Species","Animalia","Arthropoda","Copepoda","Calanoida","Arietellidae","Metacalanus","Calanoid",2,172974
1407,"Metacalanus aurivillii","urn:lsid:marinespecies.org:taxname:353392","Metacalanus aurivillii Cleve, 1901","Species","Animalia","Arthropoda","Copepoda","Calanoida","Arietellidae","Metacalanus","Calanoid",6,80281
1408,"Metacalanus curvirostris","urn:lsid:marinespecies.org:taxname:346671","Metacalanus curvirostris Ohtsuka, 1985","Species","Animalia","Arthropoda","Copepoda","Calanoida","Arietellidae","Metacalanus","Calanoid",2,172975
1409,"Metacalanus inaequicornis","urn:lsid:marinespecies.org:taxname:104356","Metacalanus inaequicornis (Sars G.O., 1903)","Species","Animalia","Arthropoda","Copepoda","Calanoida","Arietellidae","Metacalanus","Calanoid",6,
1411,"Methanocalanus gabonicus","urn:lsid:marinespecies.org:taxname:346673","Methanocalanus gabonicus Ivanenko, Defaye & Cuoc, 2007","Species","Animalia","Arthropoda","Copepoda","Calanoida","Spinocalanidae","Methanocalanus","Calanoid",2,
1412,"Metridia","urn:lsid:marinespecies.org:taxname:104190","Metridia Boeck, 1865","Genus","Animalia","Arthropoda","Copepoda","Calanoida","Metridinidae","Metridia","Calanoid",11,
1413,"Metridia alata","urn:lsid:marinespecies.org:taxname:104626","Metridia alata Roe, 1975","Species","Animalia","Arthropoda","Copepoda","Calanoida","Metridinidae","Metridia","Calanoid",2,
1414,"Metridia asymmetrica","urn:lsid:marinespecies.org:taxname:346674","Metridia asymmetrica Brodsky, 1950","Species","Animalia","Arthropoda","Copepoda","Calanoida","Metridinidae","Metridia","Calanoid",9,29493
1415,"Metridia bicornuta","urn:lsid:marinespecies.org:taxname:346675","Metridia bicornuta Davis, 1949","Species","Animalia","Arthropoda","Copepoda","Calanoida","Metridinidae","Metridia","Calanoid",1,28194
1416,"Metridia boeckii","urn:lsid:marinespecies.org:taxname:359405","Metridia boeckii Giesbrecht, 1889","Species","Animalia","Arthropoda","Copepoda","Calanoida","Metridinidae","Metridia","Calanoid",2,
1417,"Metridia brevicauda","urn:lsid:marinespecies.org:taxname:104627","Metridia brevicauda Giesbrecht, 1889","Species","Animalia","Arthropoda","Copepoda","Calanoida","Metridinidae","Metridia","Calanoid",18,29495
1418,"Metridia calypsoi","urn:lsid:marinespecies.org:taxname:346676","Metridia calypsoi Gaudy, 1963","Species","Animalia","Arthropoda","Copepoda","Calanoida","Metridinidae","Metridia","Calanoid",1,
1419,"Metridia curticauda","urn:lsid:marinespecies.org:taxname:104628","Metridia curticauda Giesbrecht, 1889","Species","Animalia","Arthropoda","Copepoda","Calanoida","Metridinidae","Metridia","Calanoid",17,29496
1420,"Metridia discreta","urn:lsid:marinespecies.org:taxname:104629","Metridia discreta Farran, 1947","Species","Animalia","Arthropoda","Copepoda","Calanoida","Metridinidae","Metridia","Calanoid",3,27804
1421,"Metridia effusa","urn:lsid:marinespecies.org:taxname:104630","Metridia effusa Grice & Hulsemann, 1967","Species","Animalia","Arthropoda","Copepoda","Calanoida","Metridinidae","Metridia","Calanoid",2,
1422,"Metridia ferrarii","urn:lsid:marinespecies.org:taxname:344664","Metridia ferrarii Markhaseva, 2001","Species","Animalia","Arthropoda","Copepoda","Calanoida","Metridinidae","Metridia","Calanoid",2,170707
1423,"Metridia gerlachei","urn:lsid:marinespecies.org:taxname:344689","Metridia gerlachei Giesbrecht, 1902","Species","Animalia","Arthropoda","Copepoda","Calanoida","Metridinidae","Metridia","Calanoid",527,29223
1424,"Metridia gurjanovae","urn:lsid:marinespecies.org:taxname:104631","Metridia gurjanovae Epstein, 1949","Species","Animalia","Arthropoda","Copepoda","Calanoida","Metridinidae","Metridia","Calanoid",4,29497
1425,"Metridia ignota","urn:lsid:marinespecies.org:taxname:346681","Metridia ignota Esterly, 1906","Species","Animalia","Arthropoda","Copepoda","Calanoida","Metridinidae","Metridia","Calanoid",1,29213
1426,"Metridia longa","urn:lsid:marinespecies.org:taxname:104632","Metridia longa (Lubbock, 1854)","Species","Animalia","Arthropoda","Copepoda","Calanoida","Metridinidae","Metridia","Calanoid",241,29219
1427,"Metridia lucens lucens","urn:lsid:marinespecies.org:taxname:850801","Metridia lucens lucens Boeck, 1865","Species","Animalia","Arthropoda","Copepoda","Calanoida","Metridinidae","Metridia","Calanoid",64,
1428,"Metridia macrura","urn:lsid:marinespecies.org:taxname:104634","Metridia macrura Sars G.O., 1905","Species","Animalia","Arthropoda","Copepoda","Calanoida","Metridinidae","Metridia","Calanoid",5,29222
1429,"Metridia normani","urn:lsid:marinespecies.org:taxname:353455","Metridia normani Giesbrecht, 1893","Species","Animalia","Arthropoda","Copepoda","Calanoida","Metridinidae","Metridia","Calanoid",2,
1430,"Metridia okhotensis","urn:lsid:marinespecies.org:taxname:196783","Metridia okhotensis Brodsky, 1950","Species","Animalia","Arthropoda","Copepoda","Calanoida","Metridinidae","Metridia","Calanoid",68,29215
1431,"Metridia ornata","urn:lsid:marinespecies.org:taxname:344690","Metridia ornata Brodsky, 1950","Species","Animalia","Arthropoda","Copepoda","Calanoida","Metridinidae","Metridia","Calanoid",4,29216
1432,"Metridia pacifica","urn:lsid:marinespecies.org:taxname:196784","Metridia pacifica Brodsky, 1950","Species","Animalia","Arthropoda","Copepoda","Calanoida","Metridinidae","Metridia","Calanoid",529,29221
1433,"Metridia princeps","urn:lsid:marinespecies.org:taxname:104635","Metridia princeps Giesbrecht, 1889","Species","Animalia","Arthropoda","Copepoda","Calanoida","Metridinidae","Metridia","Calanoid",34,29217
1434,"Metridia pseudoasymmetrica","urn:lsid:marinespecies.org:taxname:344691","Metridia pseudoasymmetrica Markhaseva, 2001","Species","Animalia","Arthropoda","Copepoda","Calanoida","Metridinidae","Metridia","Calanoid",2,170708
1435,"Metridia similis","urn:lsid:marinespecies.org:taxname:346682","Metridia similis Brodsky, 1950","Species","Animalia","Arthropoda","Copepoda","Calanoida","Metridinidae","Metridia","Calanoid",4,29218
1436,"Metridia trispinosa","urn:lsid:marinespecies.org:taxname:344692","Metridia trispinosa Brady, 1918","Species","Animalia","Arthropoda","Copepoda","Calanoida","Metridinidae","Metridia","Calanoid",1,
1437,"Metridia venusta","urn:lsid:marinespecies.org:taxname:104636","Metridia venusta Giesbrecht, 1889","Species","Animalia","Arthropoda","Copepoda","Calanoida","Metridinidae","Metridia","Calanoid",15,29220
1438,"Metridinidae","urn:lsid:marinespecies.org:taxname:104092","Metridinidae Sars G.O., 1902","Family","Animalia","Arthropoda","Copepoda","Calanoida","Metridinidae",,"Calanoid",2,
1439,"Microcalanus","urn:lsid:marinespecies.org:taxname:104164","Microcalanus Sars G.O., 1903","Genus","Animalia","Arthropoda","Copepoda","Calanoida","Clausocalanidae","Microcalanus","Calanoid",6,
1440,"Microcalanus pusillus","urn:lsid:marinespecies.org:taxname:157675","Microcalanus pusillus Sars G.O., 1903","Species","Animalia","Arthropoda","Copepoda","Calanoida","Clausocalanidae","Microcalanus","Calanoid",34,28470
1441,"Microcalanus pygmaeus","urn:lsid:marinespecies.org:taxname:104513","Microcalanus pygmaeus (Sars G.O., 1900)","Species","Animalia","Arthropoda","Copepoda","Calanoida","Clausocalanidae","Microcalanus","Calanoid",67,28471
1443,"Microdisseta minuta","urn:lsid:marinespecies.org:taxname:104591","Microdisseta minuta (Grice & Hulsemann, 1965)","Species","Animalia","Arthropoda","Copepoda","Calanoida","Heterorhabdidae","Microdisseta","Calanoid",2,
1445,"Miheptneria abyssalis","urn:lsid:marinespecies.org:taxname:362459","Miheptneria abyssalis Andronov, 2007","Species","Animalia","Arthropoda","Copepoda","Calanoida","Epacteriscidae","Miheptneria","Calanoid",1,
1447,"Mimocalanus brodskyi","urn:lsid:marinespecies.org:taxname:772233","Mimocalanus brodskyi Razouls, 1974","Species","Animalia","Arthropoda","Copepoda","Calanoida","Spinocalanidae","Mimocalanus","Calanoid",1,
1448,"Mimocalanus crassus","urn:lsid:marinespecies.org:taxname:346683","Mimocalanus crassus Park, 1970","Species","Animalia","Arthropoda","Copepoda","Calanoida","Spinocalanidae","Mimocalanus","Calanoid",2,28477
1449,"Mimocalanus cultrifer","urn:lsid:marinespecies.org:taxname:104838","Mimocalanus cultrifer Farran, 1908","Species","Animalia","Arthropoda","Copepoda","Calanoida","Spinocalanidae","Mimocalanus","Calanoid",6,28478
1450,"Mimocalanus damkaeri","urn:lsid:marinespecies.org:taxname:348210","Mimocalanus damkaeri Brodsky, Vyshkvartseva, Kos & Markhaseva, 1983","Species","Animalia","Arthropoda","Copepoda","Calanoida","Spinocalanidae","Mimocalanus","Calanoid",2,171771
1451,"Mimocalanus heronae","urn:lsid:marinespecies.org:taxname:237973","Mimocalanus heronae Damkaer, 1975","Species","Animalia","Arthropoda","Copepoda","Calanoida","Spinocalanidae","Mimocalanus","Calanoid",2,28479
1452,"Mimocalanus inflatus","urn:lsid:marinespecies.org:taxname:104839","Mimocalanus inflatus Davis, 1949","Species","Animalia","Arthropoda","Copepoda","Calanoida","Spinocalanidae","Mimocalanus","Calanoid",1,28480
1453,"Mimocalanus major","urn:lsid:marinespecies.org:taxname:104840","Mimocalanus major Sars G.O., 1920","Species","Animalia","Arthropoda","Copepoda","Calanoida","Spinocalanidae","Mimocalanus","Calanoid",1,28481
1454,"Mimocalanus nudus","urn:lsid:marinespecies.org:taxname:104841","Mimocalanus nudus Farran, 1908","Species","Animalia","Arthropoda","Copepoda","Calanoida","Spinocalanidae","Mimocalanus","Calanoid",8,28482
1455,"Mimocalanus ovalis","urn:lsid:marinespecies.org:taxname:104842","Mimocalanus ovalis (Grice & Hulsemann, 1965)","Species","Animalia","Arthropoda","Copepoda","Calanoida","Spinocalanidae","Mimocalanus","Calanoid",2,28483
1457,"Minnonectes melodactylus","urn:lsid:marinespecies.org:taxname:348212","Minnonectes melodactylus Fosshagen & Iliffe, 2004","Species","Animalia","Arthropoda","Copepoda","Calanoida","Epacteriscidae","Minnonectes","Calanoid",2,
1459,"Miostephos cubrobex","urn:lsid:marinespecies.org:taxname:348213","Miostephos cubrobex Bowman, 1976","Species","Animalia","Arthropoda","Copepoda","Calanoida","Stephidae","Miostephos","Calanoid",2,
1460,"Miostephos leamingtonensis","urn:lsid:marinespecies.org:taxname:348214","Miostephos leamingtonensis Yeatman, 1980","Species","Animalia","Arthropoda","Copepoda","Calanoida","Stephidae","Miostephos","Calanoid",2,
1461,"Mixtocalanus","urn:lsid:marinespecies.org:taxname:104226","Mixtocalanus Brodsky, 1950","Genus","Animalia","Arthropoda","Copepoda","Calanoida","Scolecitrichidae","Mixtocalanus","Calanoid",1,
1462,"Mixtocalanus alter","urn:lsid:marinespecies.org:taxname:104783","Mixtocalanus alter (Farran, 1929)","Species","Animalia","Arthropoda","Copepoda","Calanoida","Scolecitrichidae","Mixtocalanus","Calanoid",2,
1463,"Mixtocalanus robustus","urn:lsid:marinespecies.org:taxname:348218","Mixtocalanus robustus Brodsky, 1950","Species","Animalia","Arthropoda","Copepoda","Calanoida","Scolecitrichidae","Mixtocalanus","Calanoid",1,29391
1464,"Mixtocalanus vervoorti","urn:lsid:marinespecies.org:taxname:344696","Mixtocalanus vervoorti (Park, 1980)","Species","Animalia","Arthropoda","Copepoda","Calanoida","Scolecitrichidae","Mixtocalanus","Calanoid",2,
1465,"Monacilla","urn:lsid:marinespecies.org:taxname:104235","Monacilla Sars G.O., 1905","Genus","Animalia","Arthropoda","Copepoda","Calanoida","Spinocalanidae","Monacilla","Calanoid",1,
1466,"Monacilla gracilis","urn:lsid:marinespecies.org:taxname:348219","Monacilla gracilis (Wolfenden, 1911)","Species","Animalia","Arthropoda","Copepoda","Calanoida","Spinocalanidae","Monacilla","Calanoid",1,28485
1467,"Monacilla tenera","urn:lsid:marinespecies.org:taxname:104843","Monacilla tenera Sars G.O., 1907","Species","Animalia","Arthropoda","Copepoda","Calanoida","Spinocalanidae","Monacilla","Calanoid",2,28486
1468,"Monacilla typica","urn:lsid:marinespecies.org:taxname:104844","Monacilla typica Sars G.O., 1905","Species","Animalia","Arthropoda","Copepoda","Calanoida","Spinocalanidae","Monacilla","Calanoid",8,28487
1470,"Mospicalanus schielae","urn:lsid:marinespecies.org:taxname:344700","Mospicalanus schielae Schulz, 1996","Species","Animalia","Arthropoda","Copepoda","Calanoida","Spinocalanidae","Mospicalanus","Calanoid",1,
1471,"Nannocalanus","urn:lsid:marinespecies.org:taxname:104154","Nannocalanus Sars G.O., 1925","Genus","Animalia","Arthropoda","Copepoda","Calanoida","Calanidae","Nannocalanus","Calanoid",1,
1472,"Nannocalanus elegans","urn:lsid:marinespecies.org:taxname:361804","Nannocalanus elegans Andronov, 2001","Species","Animalia","Arthropoda","Copepoda","Calanoida","Calanidae","Nannocalanus","Calanoid",2,
1473,"Nannocalanus minor","urn:lsid:marinespecies.org:taxname:104469","Nannocalanus minor (Claus, 1863)","Species","Animalia","Arthropoda","Copepoda","Calanoida","Calanidae","Nannocalanus","Calanoid",165,29202
1474,"Neocalanus","urn:lsid:marinespecies.org:taxname:104155","Neocalanus Sars G.O., 1925","Genus","Animalia","Arthropoda","Copepoda","Calanoida","Calanidae","Neocalanus","Calanoid",18,
1475,"Neocalanus cristatus","urn:lsid:marinespecies.org:taxname:104470","Neocalanus cristatus (Krøyer, 1848)","Species","Animalia","Arthropoda","Copepoda","Calanoida","Calanidae","Neocalanus","Calanoid",288,28270
1476,"Neocalanus flemingeri","urn:lsid:marinespecies.org:taxname:353708","Neocalanus flemingeri Miller, 1988","Species","Animalia","Arthropoda","Copepoda","Calanoida","Calanidae","Neocalanus","Calanoid",29,28271
1477,"Neocalanus gracilis","urn:lsid:marinespecies.org:taxname:104471","Neocalanus gracilis (Dana, 1852)","Species","Animalia","Arthropoda","Copepoda","Calanoida","Calanidae","Neocalanus","Calanoid",196,29206
1478,"Neocalanus plumchrus","urn:lsid:marinespecies.org:taxname:196772","Neocalanus plumchrus (Marukawa, 1921)","Species","Animalia","Arthropoda","Copepoda","Calanoida","Calanidae","Neocalanus","Calanoid",479,28272
1479,"Neocalanus robustior","urn:lsid:marinespecies.org:taxname:104472","Neocalanus robustior (Giesbrecht, 1888)","Species","Animalia","Arthropoda","Copepoda","Calanoida","Calanidae","Neocalanus","Calanoid",120,29207
1480,"Neocalanus tonsus","urn:lsid:marinespecies.org:taxname:344701","Neocalanus tonsus (Brady, 1883)","Species","Animalia","Arthropoda","Copepoda","Calanoida","Calanidae","Neocalanus","Calanoid",40,27808
1482,"Neopontella typica","urn:lsid:marinespecies.org:taxname:353749","Neopontella typica Scott A., 1909","Species","Animalia","Arthropoda","Copepoda","Calanoida","Parapontellidae","Neopontella","Calanoid",2,29781
1484,"Neorhabdus brevicornis","urn:lsid:marinespecies.org:taxname:362197","Neorhabdus brevicornis Park, 2000","Species","Animalia","Arthropoda","Copepoda","Calanoida","Heterorhabdidae","Neorhabdus","Calanoid",2,
1485,"Neorhabdus capitaneus","urn:lsid:marinespecies.org:taxname:362198","Neorhabdus capitaneus Park, 2000","Species","Animalia","Arthropoda","Copepoda","Calanoida","Heterorhabdidae","Neorhabdus","Calanoid",2,
1486,"Neorhabdus falciformis","urn:lsid:marinespecies.org:taxname:353755","Neorhabdus falciformis (Wolfenden, 1911)","Species","Animalia","Arthropoda","Copepoda","Calanoida","Heterorhabdidae","Neorhabdus","Calanoid",2,
1487,"Neorhabdus latus","urn:lsid:marinespecies.org:taxname:104592","Neorhabdus latus (Sars G.O., 1905)","Species","Animalia","Arthropoda","Copepoda","Calanoida","Heterorhabdidae","Neorhabdus","Calanoid",2,28446
1488,"Neorhabdus subcapitaneus","urn:lsid:marinespecies.org:taxname:362199","Neorhabdus subcapitaneus Park, 2000","Species","Animalia","Arthropoda","Copepoda","Calanoida","Heterorhabdidae","Neorhabdus","Calanoid",1,28433
1489,"Neoscolecithrix","urn:lsid:marinespecies.org:taxname:104243","Neoscolecithrix Canu, 1896","Genus","Animalia","Arthropoda","Copepoda","Calanoida","Tharybidae","Neoscolecithrix","Calanoid",1,
1490,"Neoscolecithrix caetanoi","urn:lsid:marinespecies.org:taxname:353757","Neoscolecithrix caetanoi Alvarez, 1985","Species","Animalia","Arthropoda","Copepoda","Calanoida","Tharybidae","Neoscolecithrix","Calanoid",2,
1491,"Neoscolecithrix farrani","urn:lsid:marinespecies.org:taxname:104884","Neoscolecithrix farrani Smirnov, 1935","Species","Animalia","Arthropoda","Copepoda","Calanoida","Tharybidae","Neoscolecithrix","Calanoid",6,28255
1492,"Neoscolecithrix japonica","urn:lsid:marinespecies.org:taxname:362008","Neoscolecithrix japonica Ohtsuka, Boxshall & Fosshagen, 2003","Species","Animalia","Arthropoda","Copepoda","Calanoida","Tharybidae","Neoscolecithrix","Calanoid",2,
1493,"Neoscolecithrix koehleri","urn:lsid:marinespecies.org:taxname:104885","Neoscolecithrix koehleri Canu, 1896","Species","Animalia","Arthropoda","Copepoda","Calanoida","Tharybidae","Neoscolecithrix","Calanoid",3,
1494,"Neoscolecithrix magna","urn:lsid:marinespecies.org:taxname:353758","Neoscolecithrix magna (Grice, 1973)","Species","Animalia","Arthropoda","Copepoda","Calanoida","Tharybidae","Neoscolecithrix","Calanoid",1,28256
1495,"Neoscolecithrix ornata","urn:lsid:marinespecies.org:taxname:361856","Neoscolecithrix ornata Bradford-Grieve, 2001","Species","Animalia","Arthropoda","Copepoda","Calanoida","Tharybidae","Neoscolecithrix","Calanoid",1,
1496,"Neoscolecithrix watersae","urn:lsid:marinespecies.org:taxname:104886","Neoscolecithrix watersae (Grice, 1973)","Species","Animalia","Arthropoda","Copepoda","Calanoida","Tharybidae","Neoscolecithrix","Calanoid",2,28257
1498,"Normancavia minuta","urn:lsid:marinespecies.org:taxname:361973","Normancavia minuta Fosshagen & Iliffe, 2003","Species","Animalia","Arthropoda","Copepoda","Calanoida","Pseudocyclopidae","Normancavia","Calanoid",2,
1499,"Nullosetigera","urn:lsid:marinespecies.org:taxname:344705","Nullosetigera Soh, Ohtsuka, Imabayashi & Suh, 1999","Genus","Animalia","Arthropoda","Copepoda","Calanoida","Nullosetigeridae","Nullosetigera","Calanoid",1,
1500,"Nullosetigera aequalis","urn:lsid:marinespecies.org:taxname:221322","Nullosetigera aequalis (Sars G.O., 1920)","Species","Animalia","Arthropoda","Copepoda","Calanoida","Nullosetigeridae","Nullosetigera","Calanoid",3,28401
1501,"Nullosetigera auctiseta","urn:lsid:marinespecies.org:taxname:361511","Nullosetigera auctiseta Soh, Ohtsuka, Imabayashi & Suh, 1999","Species","Animalia","Arthropoda","Copepoda","Calanoida","Nullosetigeridae","Nullosetigera","Calanoid",2,28392
1502,"Nullosetigera bidentata","urn:lsid:marinespecies.org:taxname:344706","Nullosetigera bidentata (Brady, 1883)","Species","Animalia","Arthropoda","Copepoda","Calanoida","Nullosetigeridae","Nullosetigera","Calanoid",9,28395
1503,"Nullosetigera giesbrechti","urn:lsid:marinespecies.org:taxname:361516","Nullosetigera giesbrechti (Scott A., 1909)","Species","Animalia","Arthropoda","Copepoda","Calanoida","Nullosetigeridae","Nullosetigera","Calanoid",2,
1504,"Nullosetigera helgae","urn:lsid:marinespecies.org:taxname:361514","Nullosetigera helgae (Farran, 1908)","Species","Animalia","Arthropoda","Copepoda","Calanoida","Nullosetigeridae","Nullosetigera","Calanoid",10,28396
1505,"Nullosetigera impar","urn:lsid:marinespecies.org:taxname:361515","Nullosetigera impar (Farran, 1908)","Species","Animalia","Arthropoda","Copepoda","Calanoida","Nullosetigeridae","Nullosetigera","Calanoid",4,28397
1506,"Nullosetigera integer","urn:lsid:marinespecies.org:taxname:361517","Nullosetigera integer (Esterly, 1911)","Species","Animalia","Arthropoda","Copepoda","Calanoida","Nullosetigeridae","Nullosetigera","Calanoid",3,28398
1507,"Nullosetigera mutata","urn:lsid:marinespecies.org:taxname:361513","Nullosetigera mutata (Tanaka, 1964)","Species","Animalia","Arthropoda","Copepoda","Calanoida","Nullosetigeridae","Nullosetigera","Calanoid",1,28394
1508,"Nullosetigera mutica","urn:lsid:marinespecies.org:taxname:361512","Nullosetigera mutica (Sars G.O., 1907)","Species","Animalia","Arthropoda","Copepoda","Calanoida","Nullosetigeridae","Nullosetigera","Calanoid",2,28393
1509,"Nullosetigeridae","urn:lsid:marinespecies.org:taxname:344704","Nullosetigeridae Soh, Ohtsuka, Imabayashi & Suh, 1999","Family","Animalia","Arthropoda","Copepoda","Calanoida","Nullosetigeridae",,"Calanoid",1,
1511,"Oinella longiseta","urn:lsid:marinespecies.org:taxname:361849","Oinella longiseta Fosshagen, Boxshall & Iliffe, 2001","Species","Animalia","Arthropoda","Copepoda","Calanoida","Epacteriscidae","Oinella","Calanoid",2,
1513,"Omorius atypicus","urn:lsid:marinespecies.org:taxname:362334","Omorius atypicus Markhaseva & Ferrari, 2005","Species","Animalia","Arthropoda","Copepoda","Calanoida","Scolecitrichidae","Omorius","Calanoid",1,
1514,"Omorius curvispinus","urn:lsid:marinespecies.org:taxname:344714","Omorius curvispinus Markhaseva & Schulz, 2007","Species","Animalia","Arthropoda","Copepoda","Calanoida","Scolecitrichidae","Omorius","Calanoid",1,
1515,"Onchocalanus","urn:lsid:marinespecies.org:taxname:104201","Onchocalanus Sars G.O., 1905","Genus","Animalia","Arthropoda","Copepoda","Calanoida","Phaennidae","Onchocalanus","Calanoid",1,
1516,"Onchocalanus affinis","urn:lsid:marinespecies.org:taxname:104693","Onchocalanus affinis With, 1915","Species","Animalia","Arthropoda","Copepoda","Calanoida","Phaennidae","Onchocalanus","Calanoid",3,29394
1517,"Onchocalanus cristatus","urn:lsid:marinespecies.org:taxname:104694","Onchocalanus cristatus (Wolfenden, 1904)","Species","Animalia","Arthropoda","Copepoda","Calanoida","Phaennidae","Onchocalanus","Calanoid",6,29397
1518,"Onchocalanus cristogerens","urn:lsid:marinespecies.org:taxname:361784","Onchocalanus cristogerens Markhaseva & Kosobokova, 1998","Species","Animalia","Arthropoda","Copepoda","Calanoida","Phaennidae","Onchocalanus","Calanoid",1,171772
1519,"Onchocalanus hirtipes","urn:lsid:marinespecies.org:taxname:104695","Onchocalanus hirtipes Sars G.O., 1905","Species","Animalia","Arthropoda","Copepoda","Calanoida","Phaennidae","Onchocalanus","Calanoid",3,29396
1520,"Onchocalanus magnus","urn:lsid:marinespecies.org:taxname:104696","Onchocalanus magnus (Wolfenden, 1906)","Species","Animalia","Arthropoda","Copepoda","Calanoida","Phaennidae","Onchocalanus","Calanoid",6,29393
1521,"Onchocalanus paratrigoniceps","urn:lsid:marinespecies.org:taxname:344750","Onchocalanus paratrigoniceps Park, 1983","Species","Animalia","Arthropoda","Copepoda","Calanoida","Phaennidae","Onchocalanus","Calanoid",2,
1522,"Onchocalanus scotti","urn:lsid:marinespecies.org:taxname:354043","Onchocalanus scotti Vervoort, 1950","Species","Animalia","Arthropoda","Copepoda","Calanoida","Phaennidae","Onchocalanus","Calanoid",1,
1523,"Onchocalanus subcristatus","urn:lsid:marinespecies.org:taxname:354045","Onchocalanus subcristatus Wolfenden, 1911","Species","Animalia","Arthropoda","Copepoda","Calanoida","Phaennidae","Onchocalanus","Calanoid",1,
1524,"Onchocalanus trigoniceps","urn:lsid:marinespecies.org:taxname:104697","Onchocalanus trigoniceps Sars G.O., 1905","Species","Animalia","Arthropoda","Copepoda","Calanoida","Phaennidae","Onchocalanus","Calanoid",5,27809
1525,"Onchocalanus wolfendeni","urn:lsid:marinespecies.org:taxname:344751","Onchocalanus wolfendeni Vervoort, 1950","Species","Animalia","Arthropoda","Copepoda","Calanoida","Phaennidae","Onchocalanus","Calanoid",2,
1526,"Pachyptilus","urn:lsid:marinespecies.org:taxname:104142","Pachyptilus Sars G.O., 1920","Genus","Animalia","Arthropoda","Copepoda","Calanoida","Augaptilidae","Pachyptilus","Calanoid",1,
1528,"Paivella inaciae","urn:lsid:marinespecies.org:taxname:359767","Paivella inaciae Vervoort, 1965","Species","Animalia","Arthropoda","Copepoda","Calanoida","Aetideidae","Paivella","Calanoid",2,29366
1529,"Paivella naporai","urn:lsid:marinespecies.org:taxname:354129","Paivella naporai Wheeler, 1970","Species","Animalia","Arthropoda","Copepoda","Calanoida","Aetideidae","Paivella","Calanoid",1,
1531,"Parabradyidius angelikae","urn:lsid:marinespecies.org:taxname:344753","Parabradyidius angelikae Schulz & Markhaseva, 2000","Species","Animalia","Arthropoda","Copepoda","Calanoida","Aetideidae","Parabradyidius","Calanoid",2,
1532,"Parabradyidius spinibasis","urn:lsid:marinespecies.org:taxname:361725","Parabradyidius spinibasis (Bradford, 1969)","Species","Animalia","Arthropoda","Copepoda","Calanoida","Aetideidae","Parabradyidius","Calanoid",2,
1533,"Paracalanidae","urn:lsid:marinespecies.org:taxname:104093","Paracalanidae Giesbrecht, 1893","Family","Animalia","Arthropoda","Copepoda","Calanoida","Paracalanidae",,"Calanoid",3,
1534,"Paracalanus","urn:lsid:marinespecies.org:taxname:104196","Paracalanus Boeck, 1865","Genus","Animalia","Arthropoda","Copepoda","Calanoida","Paracalanidae","Paracalanus","Calanoid",187,
1535,"Paracalanus aculeatus aculeatus","urn:lsid:marinespecies.org:taxname:1464945","Paracalanus aculeatus aculeatus Giesbrecht, 1888","Species","Animalia","Arthropoda","Copepoda","Calanoida","Paracalanidae","Paracalanus","Calanoid",189,
1536,"Paracalanus campaneri","urn:lsid:marinespecies.org:taxname:354156","Paracalanus campaneri Björnberg T.K.S., 1982","Species","Animalia","Arthropoda","Copepoda","Calanoida","Paracalanidae","Paracalanus","Calanoid",1,
1537,"Paracalanus denudatus","urn:lsid:marinespecies.org:taxname:104682","Paracalanus denudatus Sewell, 1929","Species","Animalia","Arthropoda","Copepoda","Calanoida","Paracalanidae","Paracalanus","Calanoid",16,27587
1538,"Paracalanus gracilis","urn:lsid:marinespecies.org:taxname:354158","Paracalanus gracilis Chen & Zhang, 1965","Species","Animalia","Arthropoda","Copepoda","Calanoida","Paracalanidae","Paracalanus","Calanoid",1,81026
1539,"Paracalanus indicus","urn:lsid:marinespecies.org:taxname:104683","Paracalanus indicus Wolfenden, 1905","Species","Animalia","Arthropoda","Copepoda","Calanoida","Paracalanidae","Paracalanus","Calanoid",12,27584
1540,"Paracalanus intermedius","urn:lsid:marinespecies.org:taxname:354160","Paracalanus intermedius Shen & Bai, 1956","Species","Animalia","Arthropoda","Copepoda","Calanoida","Paracalanidae","Paracalanus","Calanoid",2,
1541,"Paracalanus nanus","urn:lsid:marinespecies.org:taxname:104684","Paracalanus nanus Sars G.O., 1925","Species","Animalia","Arthropoda","Copepoda","Calanoida","Paracalanidae","Paracalanus","Calanoid",16,28199
1542,"Paracalanus parvus parvus","urn:lsid:marinespecies.org:taxname:745865","Paracalanus parvus parvus (Claus, 1863)","Subspecies","Animalia","Arthropoda","Copepoda","Calanoida","Paracalanidae","Paracalanus","Calanoid",689,
1543,"Paracalanus pygmaeus","urn:lsid:marinespecies.org:taxname:149722","Paracalanus pygmaeus (Claus, 1863)","Species","Animalia","Arthropoda","Copepoda","Calanoida","Paracalanidae","Paracalanus","Calanoid",1,28200
1544,"Paracalanus quasimodo","urn:lsid:marinespecies.org:taxname:354162","Paracalanus quasimodo Bowman, 1971","Species","Animalia","Arthropoda","Copepoda","Calanoida","Paracalanidae","Paracalanus","Calanoid",14,27585
1545,"Paracalanus serrulus","urn:lsid:marinespecies.org:taxname:354164","Paracalanus serrulus Shen & Lee, 1963","Species","Animalia","Arthropoda","Copepoda","Calanoida","Paracalanidae","Paracalanus","Calanoid",2,173035
1546,"Paracalanus tropicus","urn:lsid:marinespecies.org:taxname:220840","Paracalanus tropicus Andronov, 1977","Species","Animalia","Arthropoda","Copepoda","Calanoida","Paracalanidae","Paracalanus","Calanoid",1,173860
1548,"Paracartia africana","urn:lsid:marinespecies.org:taxname:359814","Paracartia africana (Steuer, 1915)","Species","Animalia","Arthropoda","Copepoda","Calanoida","Acartiidae","Paracartia","Calanoid",2,
1549,"Paracartia dubia","urn:lsid:marinespecies.org:taxname:104263","Paracartia dubia Scott T., 1893","Species","Animalia","Arthropoda","Copepoda","Calanoida","Acartiidae","Paracartia","Calanoid",2,
1550,"Paracartia grani grani","urn:lsid:marinespecies.org:taxname:745864","Paracartia grani grani Sars G.O., 1904","Species","Animalia","Arthropoda","Copepoda","Calanoida","Acartiidae","Paracartia","Calanoid",44,
1551,"Paracartia latisetosa","urn:lsid:marinespecies.org:taxname:104265","Paracartia latisetosa (Krichagin, 1873)","Species","Animalia","Arthropoda","Copepoda","Calanoida","Acartiidae","Paracartia","Calanoid",7,
1552,"Paracartia longipatella","urn:lsid:marinespecies.org:taxname:359815","Paracartia longipatella (Connell & Grindley, 1974)","Species","Animalia","Arthropoda","Copepoda","Calanoida","Acartiidae","Paracartia","Calanoid",2,
1554,"Paracomantenna goi","urn:lsid:marinespecies.org:taxname:362160","Paracomantenna goi Ohtsuka, Boxshall & Shimomura, 2005","Species","Animalia","Arthropoda","Copepoda","Calanoida","Aetideidae","Paracomantenna","Calanoid",1,
1555,"Paracomantenna gracilis","urn:lsid:marinespecies.org:taxname:354168","Paracomantenna gracilis Alvarez, 1986","Species","Animalia","Arthropoda","Copepoda","Calanoida","Aetideidae","Paracomantenna","Calanoid",1,
1556,"Paracomantenna magalyae","urn:lsid:marinespecies.org:taxname:354169","Paracomantenna magalyae Campaner, 1978","Species","Animalia","Arthropoda","Copepoda","Calanoida","Aetideidae","Paracomantenna","Calanoid",1,
1557,"Paracomantenna minor","urn:lsid:marinespecies.org:taxname:104323","Paracomantenna minor (Farran, 1905)","Species","Animalia","Arthropoda","Copepoda","Calanoida","Aetideidae","Paracomantenna","Calanoid",3,28400
1558,"Paracomantenna wishnerae","urn:lsid:marinespecies.org:taxname:361127","Paracomantenna wishnerae Markhaseva, 1995","Species","Animalia","Arthropoda","Copepoda","Calanoida","Aetideidae","Paracomantenna","Calanoid",1,
1560,"Paracyclopia naessi","urn:lsid:marinespecies.org:taxname:354170","Paracyclopia naessi Fosshagen, in Fosshagen & Iliffe, 1985","Species","Animalia","Arthropoda","Copepoda","Calanoida","Pseudocyclopiidae","Paracyclopia","Calanoid",2,131382
1562,"Paradisco gracilis","urn:lsid:marinespecies.org:taxname:104537","Paradisco gracilis Gordeeva K.T., 1975","Species","Animalia","Arthropoda","Copepoda","Calanoida","Discoidae","Paradisco","Calanoid",2,
1563,"Paradisco grandis","urn:lsid:marinespecies.org:taxname:354205","Paradisco grandis Gordeeva K.T., 1976","Species","Animalia","Arthropoda","Copepoda","Calanoida","Discoidae","Paradisco","Calanoid",2,
1564,"Paradisco mediterraneus","urn:lsid:marinespecies.org:taxname:104538","Paradisco mediterraneus (Gordeeva K.T., 1974)","Species","Animalia","Arthropoda","Copepoda","Calanoida","Discoidae","Paradisco","Calanoid",2,
1565,"Paradisco nudus","urn:lsid:marinespecies.org:taxname:104539","Paradisco nudus Schulz, 1993","Species","Animalia","Arthropoda","Copepoda","Calanoida","Discoidae","Paradisco","Calanoid",1,
1566,"Paraeuchaeta","urn:lsid:marinespecies.org:taxname:196874","Paraeuchaeta Scott A., 1909","Genus","Animalia","Arthropoda","Copepoda","Calanoida","Euchaetidae","Paraeuchaeta","Calanoid",60,
1567,"Paraeuchaeta abbreviata","urn:lsid:marinespecies.org:taxname:344972","Paraeuchaeta abbreviata (Park, 1978)","Species","Animalia","Arthropoda","Copepoda","Calanoida","Euchaetidae","Paraeuchaeta","Calanoid",9,170709
1568,"Paraeuchaeta abrikosovi","urn:lsid:marinespecies.org:taxname:359838","Paraeuchaeta abrikosovi Heptner, 1971","Species","Animalia","Arthropoda","Copepoda","Calanoida","Euchaetidae","Paraeuchaeta","Calanoid",1,
1569,"Paraeuchaeta abyssalis","urn:lsid:marinespecies.org:taxname:359839","Paraeuchaeta abyssalis Brodsky, 1950","Species","Animalia","Arthropoda","Copepoda","Calanoida","Euchaetidae","Paraeuchaeta","Calanoid",3,28405
1570,"Paraeuchaeta abyssaloides","urn:lsid:marinespecies.org:taxname:354224","Paraeuchaeta abyssaloides Heptner, 1987","Species","Animalia","Arthropoda","Copepoda","Calanoida","Euchaetidae","Paraeuchaeta","Calanoid",1,
1571,"Paraeuchaeta aequatorialis","urn:lsid:marinespecies.org:taxname:344973","Paraeuchaeta aequatorialis Tanaka, 1958","Species","Animalia","Arthropoda","Copepoda","Calanoida","Euchaetidae","Paraeuchaeta","Calanoid",3,
1572,"Paraeuchaeta affinis","urn:lsid:marinespecies.org:taxname:359840","Paraeuchaeta affinis (Cleve, 1904)","Species","Animalia","Arthropoda","Copepoda","Calanoida","Euchaetidae","Paraeuchaeta","Calanoid",1,
1573,"Paraeuchaeta alaminae","urn:lsid:marinespecies.org:taxname:359841","Paraeuchaeta alaminae (Park, 1975)","Species","Animalia","Arthropoda","Copepoda","Calanoida","Euchaetidae","Paraeuchaeta","Calanoid",1,
1574,"Paraeuchaeta altibulla","urn:lsid:marinespecies.org:taxname:104556","Paraeuchaeta altibulla Park, 1993","Species","Animalia","Arthropoda","Copepoda","Calanoida","Euchaetidae","Paraeuchaeta","Calanoid",1,
1575,"Paraeuchaeta anfracta","urn:lsid:marinespecies.org:taxname:359842","Paraeuchaeta anfracta Park, 1993","Species","Animalia","Arthropoda","Copepoda","Calanoida","Euchaetidae","Paraeuchaeta","Calanoid",1,
1576,"Paraeuchaeta antarctica","urn:lsid:marinespecies.org:taxname:344974","Paraeuchaeta antarctica (Giesbrecht, 1902)","Species","Animalia","Arthropoda","Copepoda","Calanoida","Euchaetidae","Paraeuchaeta","Calanoid",51,28406
1577,"Paraeuchaeta austrina","urn:lsid:marinespecies.org:taxname:344994","Paraeuchaeta austrina (Giesbrecht, 1902)","Species","Animalia","Arthropoda","Copepoda","Calanoida","Euchaetidae","Paraeuchaeta","Calanoid",2,
1578,"Paraeuchaeta barbata barbata","urn:lsid:marinespecies.org:taxname:1507271","Paraeuchaeta barbata barbata (Brady, 1883)","Species","Animalia","Arthropoda","Copepoda","Calanoida","Euchaetidae","Paraeuchaeta","Calanoid",46,
1579,"Paraeuchaeta biloba","urn:lsid:marinespecies.org:taxname:344996","Paraeuchaeta biloba Farran, 1929","Species","Animalia","Arthropoda","Copepoda","Calanoida","Euchaetidae","Paraeuchaeta","Calanoid",2,27814
1580,"Paraeuchaeta birostrata","urn:lsid:marinespecies.org:taxname:359844","Paraeuchaeta birostrata Brodsky, 1950","Species","Animalia","Arthropoda","Copepoda","Calanoida","Euchaetidae","Paraeuchaeta","Calanoid",40,28166
1581,"Paraeuchaeta bisinuata","urn:lsid:marinespecies.org:taxname:104558","Paraeuchaeta bisinuata (Sars G.O., 1907)","Species","Animalia","Arthropoda","Copepoda","Calanoida","Euchaetidae","Paraeuchaeta","Calanoid",11,29378
1582,"Paraeuchaeta bradyi","urn:lsid:marinespecies.org:taxname:104559","Paraeuchaeta bradyi (With, 1915)","Species","Animalia","Arthropoda","Copepoda","Calanoida","Euchaetidae","Paraeuchaeta","Calanoid",7,29384
1583,"Paraeuchaeta brevirostris","urn:lsid:marinespecies.org:taxname:359845","Paraeuchaeta brevirostris Brodsky, 1950","Species","Animalia","Arthropoda","Copepoda","Calanoida","Euchaetidae","Paraeuchaeta","Calanoid",6,28167
1584,"Paraeuchaeta bulbirostris","urn:lsid:marinespecies.org:taxname:354225","Paraeuchaeta bulbirostris Heptner, 1987","Species","Animalia","Arthropoda","Copepoda","Calanoida","Euchaetidae","Paraeuchaeta","Calanoid",1,
1585,"Paraeuchaeta californica","urn:lsid:marinespecies.org:taxname:359846","Paraeuchaeta californica (Esterly, 1906)","Species","Animalia","Arthropoda","Copepoda","Calanoida","Euchaetidae","Paraeuchaeta","Calanoid",4,28168
1586,"Paraeuchaeta calva","urn:lsid:marinespecies.org:taxname:345860","Paraeuchaeta calva Tanaka, 1958","Species","Animalia","Arthropoda","Copepoda","Calanoida","Euchaetidae","Paraeuchaeta","Calanoid",2,
1587,"Paraeuchaeta comosa","urn:lsid:marinespecies.org:taxname:345862","Paraeuchaeta comosa Tanaka, 1958","Species","Animalia","Arthropoda","Copepoda","Calanoida","Euchaetidae","Paraeuchaeta","Calanoid",2,
1588,"Paraeuchaeta confusa","urn:lsid:marinespecies.org:taxname:345863","Paraeuchaeta confusa Tanaka, 1958","Species","Animalia","Arthropoda","Copepoda","Calanoida","Euchaetidae","Paraeuchaeta","Calanoid",5,
1589,"Paraeuchaeta copleyae","urn:lsid:marinespecies.org:taxname:359850","Paraeuchaeta copleyae Park, 1993","Species","Animalia","Arthropoda","Copepoda","Calanoida","Euchaetidae","Paraeuchaeta","Calanoid",2,
1590,"Paraeuchaeta dactylifera","urn:lsid:marinespecies.org:taxname:344998","Paraeuchaeta dactylifera (Park, 1978)","Species","Animalia","Arthropoda","Copepoda","Calanoida","Euchaetidae","Paraeuchaeta","Calanoid",1,170679
1591,"Paraeuchaeta elongata","urn:lsid:marinespecies.org:taxname:196779","Paraeuchaeta elongata (Esterly, 1913)","Species","Animalia","Arthropoda","Copepoda","Calanoida","Euchaetidae","Paraeuchaeta","Calanoid",202,28169
1592,"Paraeuchaeta eltaninae","urn:lsid:marinespecies.org:taxname:345032","Paraeuchaeta eltaninae (Park, 1978)","Species","Animalia","Arthropoda","Copepoda","Calanoida","Euchaetidae","Paraeuchaeta","Calanoid",2,170680
1593,"Paraeuchaeta eminens","urn:lsid:marinespecies.org:taxname:354596","Paraeuchaeta eminens Tanaka & Omori, 1968","Species","Animalia","Arthropoda","Copepoda","Calanoida","Euchaetidae","Paraeuchaeta","Calanoid",2,
1594,"Paraeuchaeta erebi","urn:lsid:marinespecies.org:taxname:345033","Paraeuchaeta erebi Farran, 1929","Species","Animalia","Arthropoda","Copepoda","Calanoida","Euchaetidae","Paraeuchaeta","Calanoid",2,28404
1595,"Paraeuchaeta euryrhina","urn:lsid:marinespecies.org:taxname:359853","Paraeuchaeta euryrhina Park, 1993","Species","Animalia","Arthropoda","Copepoda","Calanoida","Euchaetidae","Paraeuchaeta","Calanoid",1,
1596,"Paraeuchaeta exigua","urn:lsid:marinespecies.org:taxname:345051","Paraeuchaeta exigua (Wolfenden, 1911)","Species","Animalia","Arthropoda","Copepoda","Calanoida","Euchaetidae","Paraeuchaeta","Calanoid",8,
1597,"Paraeuchaeta flava","urn:lsid:marinespecies.org:taxname:359855","Paraeuchaeta flava (Giesbrecht, 1888)","Species","Animalia","Arthropoda","Copepoda","Calanoida","Euchaetidae","Paraeuchaeta","Calanoid",31,
1598,"Paraeuchaeta glacialis","urn:lsid:marinespecies.org:taxname:104560","Paraeuchaeta glacialis (Hansen, 1886)","Species","Animalia","Arthropoda","Copepoda","Calanoida","Euchaetidae","Paraeuchaeta","Calanoid",30,29369
1599,"Paraeuchaeta gracilicauda","urn:lsid:marinespecies.org:taxname:354227","Paraeuchaeta gracilicauda Scott A., 1909","Species","Animalia","Arthropoda","Copepoda","Calanoida","Euchaetidae","Paraeuchaeta","Calanoid",2,
1600,"Paraeuchaeta gracilis","urn:lsid:marinespecies.org:taxname:104561","Paraeuchaeta gracilis (Sars G.O., 1905)","Species","Animalia","Arthropoda","Copepoda","Calanoida","Euchaetidae","Paraeuchaeta","Calanoid",23,29383
1601,"Paraeuchaeta grandiremis","urn:lsid:marinespecies.org:taxname:359857","Paraeuchaeta grandiremis (Giesbrecht, 1888)","Species","Animalia","Arthropoda","Copepoda","Calanoida","Euchaetidae","Paraeuchaeta","Calanoid",2,
1602,"Paraeuchaeta guttata","urn:lsid:marinespecies.org:taxname:359858","Paraeuchaeta guttata Heptner, 1971","Species","Animalia","Arthropoda","Copepoda","Calanoida","Euchaetidae","Paraeuchaeta","Calanoid",1,
1603,"Paraeuchaeta hansenii","urn:lsid:marinespecies.org:taxname:104562","Paraeuchaeta hansenii (With, 1915)","Species","Animalia","Arthropoda","Copepoda","Calanoida","Euchaetidae","Paraeuchaeta","Calanoid",12,29379
1604,"Paraeuchaeta hastata","urn:lsid:marinespecies.org:taxname:354228","Paraeuchaeta hastata Heptner, 1987","Species","Animalia","Arthropoda","Copepoda","Calanoida","Euchaetidae","Paraeuchaeta","Calanoid",1,
1605,"Paraeuchaeta hebes","urn:lsid:marinespecies.org:taxname:104563","Paraeuchaeta hebes (Giesbrecht, 1888)","Species","Animalia","Arthropoda","Copepoda","Calanoida","Euchaetidae","Paraeuchaeta","Calanoid",36,28403
1606,"Paraeuchaeta implicata","urn:lsid:marinespecies.org:taxname:354229","Paraeuchaeta implicata Heptner, 1987","Species","Animalia","Arthropoda","Copepoda","Calanoida","Euchaetidae","Paraeuchaeta","Calanoid",1,
1607,"Paraeuchaeta incisa","urn:lsid:marinespecies.org:taxname:104564","Paraeuchaeta incisa (Sars G.O., 1905)","Species","Animalia","Arthropoda","Copepoda","Calanoida","Euchaetidae","Paraeuchaeta","Calanoid",5,27458
1608,"Paraeuchaeta investigatoris","urn:lsid:marinespecies.org:taxname:354597","Paraeuchaeta investigatoris Sewell, 1929","Species","Animalia","Arthropoda","Copepoda","Calanoida","Euchaetidae","Paraeuchaeta","Calanoid",2,
1609,"Paraeuchaeta kurilensis","urn:lsid:marinespecies.org:taxname:104565","Paraeuchaeta kurilensis Heptner, 1971","Species","Animalia","Arthropoda","Copepoda","Calanoida","Euchaetidae","Paraeuchaeta","Calanoid",9,170681
1610,"Paraeuchaeta longisetosa","urn:lsid:marinespecies.org:taxname:354599","Paraeuchaeta longisetosa Heptner, 1971","Species","Animalia","Arthropoda","Copepoda","Calanoida","Euchaetidae","Paraeuchaeta","Calanoid",1,
1611,"Paraeuchaeta malayensis","urn:lsid:marinespecies.org:taxname:345865","Paraeuchaeta malayensis Sewell, 1929","Species","Animalia","Arthropoda","Copepoda","Calanoida","Euchaetidae","Paraeuchaeta","Calanoid",2,28219
1612,"Paraeuchaeta megaloba","urn:lsid:marinespecies.org:taxname:359864","Paraeuchaeta megaloba Park, 1993","Species","Animalia","Arthropoda","Copepoda","Calanoida","Euchaetidae","Paraeuchaeta","Calanoid",2,28220
1613,"Paraeuchaeta modesta","urn:lsid:marinespecies.org:taxname:354600","Paraeuchaeta modesta Brodsky, 1950","Species","Animalia","Arthropoda","Copepoda","Calanoida","Euchaetidae","Paraeuchaeta","Calanoid",3,28407
1614,"Paraeuchaeta norvegica","urn:lsid:marinespecies.org:taxname:104566","Paraeuchaeta norvegica (Boeck, 1872)","Species","Animalia","Arthropoda","Copepoda","Calanoida","Euchaetidae","Paraeuchaeta","Calanoid",124,29372
1615,"Paraeuchaeta oculata","urn:lsid:marinespecies.org:taxname:354601","Paraeuchaeta oculata Heptner, 1971","Species","Animalia","Arthropoda","Copepoda","Calanoida","Euchaetidae","Paraeuchaeta","Calanoid",1,
1616,"Paraeuchaeta orientalis","urn:lsid:marinespecies.org:taxname:354602","Paraeuchaeta orientalis Brodsky, 1950","Species","Animalia","Arthropoda","Copepoda","Calanoida","Euchaetidae","Paraeuchaeta","Calanoid",5,28408
1617,"Paraeuchaeta papilliger","urn:lsid:marinespecies.org:taxname:359866","Paraeuchaeta papilliger Park, 1993","Species","Animalia","Arthropoda","Copepoda","Calanoida","Euchaetidae","Paraeuchaeta","Calanoid",2,
1618,"Paraeuchaeta parabbreviata","urn:lsid:marinespecies.org:taxname:104567","Paraeuchaeta parabbreviata Park, 1993","Species","Animalia","Arthropoda","Copepoda","Calanoida","Euchaetidae","Paraeuchaeta","Calanoid",1,
1619,"Paraeuchaeta paraprudens","urn:lsid:marinespecies.org:taxname:359869","Paraeuchaeta paraprudens Park, 1993","Species","Animalia","Arthropoda","Copepoda","Calanoida","Euchaetidae","Paraeuchaeta","Calanoid",1,28221
1620,"Paraeuchaeta parvula","urn:lsid:marinespecies.org:taxname:345052","Paraeuchaeta parvula (Park, 1978)","Species","Animalia","Arthropoda","Copepoda","Calanoida","Euchaetidae","Paraeuchaeta","Calanoid",2,170682
1621,"Paraeuchaeta pavlovskii","urn:lsid:marinespecies.org:taxname:358534","Paraeuchaeta pavlovskii Brodsky, 1955","Species","Animalia","Arthropoda","Copepoda","Calanoida","Euchaetidae","Paraeuchaeta","Calanoid",2,
1622,"Paraeuchaeta perplexa","urn:lsid:marinespecies.org:taxname:354230","Paraeuchaeta perplexa Heptner, 1987","Species","Animalia","Arthropoda","Copepoda","Calanoida","Euchaetidae","Paraeuchaeta","Calanoid",1,
1623,"Paraeuchaeta plaxiphora","urn:lsid:marinespecies.org:taxname:359871","Paraeuchaeta plaxiphora Park, 1993","Species","Animalia","Arthropoda","Copepoda","Calanoida","Euchaetidae","Paraeuchaeta","Calanoid",1,28222
1624,"Paraeuchaeta plicata","urn:lsid:marinespecies.org:taxname:354603","Paraeuchaeta plicata Heptner, 1971","Species","Animalia","Arthropoda","Copepoda","Calanoida","Euchaetidae","Paraeuchaeta","Calanoid",1,
1625,"Paraeuchaeta polaris","urn:lsid:marinespecies.org:taxname:104568","Paraeuchaeta polaris Brodsky, 1950","Species","Animalia","Arthropoda","Copepoda","Calanoida","Euchaetidae","Paraeuchaeta","Calanoid",8,29374
1626,"Paraeuchaeta prima","urn:lsid:marinespecies.org:taxname:354606","Paraeuchaeta prima Heptner, 1971","Species","Animalia","Arthropoda","Copepoda","Calanoida","Euchaetidae","Paraeuchaeta","Calanoid",1,
1627,"Paraeuchaeta propinqua","urn:lsid:marinespecies.org:taxname:359872","Paraeuchaeta propinqua (Esterly, 1906)","Species","Animalia","Arthropoda","Copepoda","Calanoida","Euchaetidae","Paraeuchaeta","Calanoid",1,28223
1628,"Paraeuchaeta prudens","urn:lsid:marinespecies.org:taxname:354607","Paraeuchaeta prudens Tanaka & Omori, 1968","Species","Animalia","Arthropoda","Copepoda","Calanoida","Euchaetidae","Paraeuchaeta","Calanoid",1,28224
1629,"Paraeuchaeta pseudotonsa","urn:lsid:marinespecies.org:taxname:104569","Paraeuchaeta pseudotonsa (Fontaine, 1967)","Species","Animalia","Arthropoda","Copepoda","Calanoida","Euchaetidae","Paraeuchaeta","Calanoid",8,28225
1630,"Paraeuchaeta rasa","urn:lsid:marinespecies.org:taxname:345053","Paraeuchaeta rasa Farran, 1929","Species","Animalia","Arthropoda","Copepoda","Calanoida","Euchaetidae","Paraeuchaeta","Calanoid",5,170683
1631,"Paraeuchaeta regalis","urn:lsid:marinespecies.org:taxname:345054","Paraeuchaeta regalis (Grice & Hulsemann, 1968)","Species","Animalia","Arthropoda","Copepoda","Calanoida","Euchaetidae","Paraeuchaeta","Calanoid",2,170684
1632,"Paraeuchaeta robusta","urn:lsid:marinespecies.org:taxname:359873","Paraeuchaeta robusta (Wolfenden, 1911)","Species","Animalia","Arthropoda","Copepoda","Calanoida","Euchaetidae","Paraeuchaeta","Calanoid",1,
1633,"Paraeuchaeta rotundirostris","urn:lsid:marinespecies.org:taxname:354231","Paraeuchaeta rotundirostris Heptner, 1987","Species","Animalia","Arthropoda","Copepoda","Calanoida","Euchaetidae","Paraeuchaeta","Calanoid",1,
1634,"Paraeuchaeta rubicunda","urn:lsid:marinespecies.org:taxname:104570","Paraeuchaeta rubicunda (Farran, 1908)","Species","Animalia","Arthropoda","Copepoda","Calanoida","Euchaetidae","Paraeuchaeta","Calanoid",2,
1635,"Paraeuchaeta rubra","urn:lsid:marinespecies.org:taxname:354609","Paraeuchaeta rubra Brodsky, 1950","Species","Animalia","Arthropoda","Copepoda","Calanoida","Euchaetidae","Paraeuchaeta","Calanoid",28,28227
1636,"Paraeuchaeta russelli","urn:lsid:marinespecies.org:taxname:359874","Paraeuchaeta russelli (Farran, 1936)","Species","Animalia","Arthropoda","Copepoda","Calanoida","Euchaetidae","Paraeuchaeta","Calanoid",5,
1637,"Paraeuchaeta sarsi","urn:lsid:marinespecies.org:taxname:104571","Paraeuchaeta sarsi (Farran, 1908)","Species","Animalia","Arthropoda","Copepoda","Calanoida","Euchaetidae","Paraeuchaeta","Calanoid",21,29382
1638,"Paraeuchaeta scopaeorhina","urn:lsid:marinespecies.org:taxname:359876","Paraeuchaeta scopaeorhina Park, 1993","Species","Animalia","Arthropoda","Copepoda","Calanoida","Euchaetidae","Paraeuchaeta","Calanoid",1,28228
1639,"Paraeuchaeta scotti","urn:lsid:marinespecies.org:taxname:104572","Paraeuchaeta scotti (Farran, 1908)","Species","Animalia","Arthropoda","Copepoda","Calanoida","Euchaetidae","Paraeuchaeta","Calanoid",11,29381
1640,"Paraeuchaeta sesquipedalis","urn:lsid:marinespecies.org:taxname:359877","Paraeuchaeta sesquipedalis Park, 1993","Species","Animalia","Arthropoda","Copepoda","Calanoida","Euchaetidae","Paraeuchaeta","Calanoid",4,28229
1641,"Paraeuchaeta sibogae","urn:lsid:marinespecies.org:taxname:354232","Paraeuchaeta sibogae Scott A., 1909","Species","Animalia","Arthropoda","Copepoda","Calanoida","Euchaetidae","Paraeuchaeta","Calanoid",1,
1642,"Paraeuchaeta similis","urn:lsid:marinespecies.org:taxname:345055","Paraeuchaeta similis (Wolfenden, 1908)","Species","Animalia","Arthropoda","Copepoda","Calanoida","Euchaetidae","Paraeuchaeta","Calanoid",2,28410
1643,"Paraeuchaeta simplex","urn:lsid:marinespecies.org:taxname:354610","Paraeuchaeta simplex Tanaka, 1958","Species","Animalia","Arthropoda","Copepoda","Calanoida","Euchaetidae","Paraeuchaeta","Calanoid",5,
1644,"Paraeuchaeta subtilirostris","urn:lsid:marinespecies.org:taxname:354613","Paraeuchaeta subtilirostris Heptner, 1971","Species","Animalia","Arthropoda","Copepoda","Calanoida","Euchaetidae","Paraeuchaeta","Calanoid",1,
1645,"Paraeuchaeta tonsa","urn:lsid:marinespecies.org:taxname:359879","Paraeuchaeta tonsa (Giesbrecht, 1895)","Species","Animalia","Arthropoda","Copepoda","Calanoida","Euchaetidae","Paraeuchaeta","Calanoid",8,29377
1646,"Paraeuchaeta tridentata","urn:lsid:marinespecies.org:taxname:354233","Paraeuchaeta tridentata Heptner, 1987","Species","Animalia","Arthropoda","Copepoda","Calanoida","Euchaetidae","Paraeuchaeta","Calanoid",1,
1647,"Paraeuchaeta triloba","urn:lsid:marinespecies.org:taxname:359880","Paraeuchaeta triloba Park, 1993","Species","Animalia","Arthropoda","Copepoda","Calanoida","Euchaetidae","Paraeuchaeta","Calanoid",1,28230
1648,"Paraeuchaeta tuberculata","urn:lsid:marinespecies.org:taxname:354234","Paraeuchaeta tuberculata Scott A., 1909","Species","Animalia","Arthropoda","Copepoda","Calanoida","Euchaetidae","Paraeuchaeta","Calanoid",3,28231
1649,"Paraeuchaeta tumidula","urn:lsid:marinespecies.org:taxname:104573","Paraeuchaeta tumidula (Sars G.O., 1905)","Species","Animalia","Arthropoda","Copepoda","Calanoida","Euchaetidae","Paraeuchaeta","Calanoid",6,28232
1650,"Paraeuchaeta tycodesma","urn:lsid:marinespecies.org:taxname:345058","Paraeuchaeta tycodesma (Park, 1978)","Species","Animalia","Arthropoda","Copepoda","Calanoida","Euchaetidae","Paraeuchaeta","Calanoid",2,
1651,"Paraeuchaeta vervoorti","urn:lsid:marinespecies.org:taxname:359881","Paraeuchaeta vervoorti (Park, 1978)","Species","Animalia","Arthropoda","Copepoda","Calanoida","Euchaetidae","Paraeuchaeta","Calanoid",1,28233
1652,"Paraeuchaeta vorax","urn:lsid:marinespecies.org:taxname:359884","Paraeuchaeta vorax (Grice & Hulsemann, 1968)","Species","Animalia","Arthropoda","Copepoda","Calanoida","Euchaetidae","Paraeuchaeta","Calanoid",2,
1653,"Paraeuchaeta weberi","urn:lsid:marinespecies.org:taxname:354235","Paraeuchaeta weberi Scott A., 1909","Species","Animalia","Arthropoda","Copepoda","Calanoida","Euchaetidae","Paraeuchaeta","Calanoid",2,
1654,"Paraheterorhabdus","urn:lsid:marinespecies.org:taxname:254394","Paraheterorhabdus Brodsky, 1950","Genus","Animalia","Arthropoda","Copepoda","Calanoida","Heterorhabdidae","Paraheterorhabdus","Calanoid",1,
1655,"Paraheterorhabdus compactoides","urn:lsid:marinespecies.org:taxname:767057","Paraheterorhabdus compactoides (Heptner, 1971)","Species","Animalia","Arthropoda","Copepoda","Calanoida","Heterorhabdidae","Paraheterorhabdus","Calanoid",2,
1656,"Paraheterorhabdus compactus","urn:lsid:marinespecies.org:taxname:254603","Paraheterorhabdus compactus (Sars G.O., 1900)","Species","Animalia","Arthropoda","Copepoda","Calanoida","Heterorhabdidae","Paraheterorhabdus","Calanoid",14,28447
1657,"Paraheterorhabdus farrani","urn:lsid:marinespecies.org:taxname:345232","Paraheterorhabdus farrani (Brady, 1918)","Species","Animalia","Arthropoda","Copepoda","Calanoida","Heterorhabdidae","Paraheterorhabdus","Calanoid",12,
1658,"Paraheterorhabdus illgi","urn:lsid:marinespecies.org:taxname:362200","Paraheterorhabdus illgi Park, 2000","Species","Animalia","Arthropoda","Copepoda","Calanoida","Heterorhabdidae","Paraheterorhabdus","Calanoid",2,
1659,"Paraheterorhabdus longispinus","urn:lsid:marinespecies.org:taxname:368130","Paraheterorhabdus longispinus (Davis, 1949)","Species","Animalia","Arthropoda","Copepoda","Calanoida","Heterorhabdidae","Paraheterorhabdus","Calanoid",3,28448
1660,"Paraheterorhabdus medianus","urn:lsid:marinespecies.org:taxname:368131","Paraheterorhabdus medianus (Park, 1970)","Species","Animalia","Arthropoda","Copepoda","Calanoida","Heterorhabdidae","Paraheterorhabdus","Calanoid",2,
1661,"Paraheterorhabdus robustus","urn:lsid:marinespecies.org:taxname:368129","Paraheterorhabdus robustus (Farran, 1908)","Species","Animalia","Arthropoda","Copepoda","Calanoida","Heterorhabdidae","Paraheterorhabdus","Calanoid",10,28449
1662,"Paraheterorhabdus vipera","urn:lsid:marinespecies.org:taxname:368128","Paraheterorhabdus vipera (Giesbrecht, 1889)","Species","Animalia","Arthropoda","Copepoda","Calanoida","Heterorhabdidae","Paraheterorhabdus","Calanoid",13,
1664,"Paralabidocera antarctica","urn:lsid:marinespecies.org:taxname:345234","Paralabidocera antarctica (Thompson I.C., 1898)","Species","Animalia","Arthropoda","Copepoda","Calanoida","Acartiidae","Paralabidocera","Calanoid",4,
1665,"Paralabidocera grandispina","urn:lsid:marinespecies.org:taxname:345235","Paralabidocera grandispina Waghorn, 1979","Species","Animalia","Arthropoda","Copepoda","Calanoida","Acartiidae","Paralabidocera","Calanoid",2,
1666,"Paralabidocera separabilis","urn:lsid:marinespecies.org:taxname:345236","Paralabidocera separabilis Brodsky & Zvereva, 1976","Species","Animalia","Arthropoda","Copepoda","Calanoida","Acartiidae","Paralabidocera","Calanoid",2,
1667,"Paramisophria","urn:lsid:marinespecies.org:taxname:104133","Paramisophria Scott T., 1897","Genus","Animalia","Arthropoda","Copepoda","Calanoida","Arietellidae","Paramisophria","Calanoid",1,
1668,"Paramisophria ammophila","urn:lsid:marinespecies.org:taxname:104357","Paramisophria ammophila Fosshagen, 1968","Species","Animalia","Arthropoda","Copepoda","Calanoida","Arietellidae","Paramisophria","Calanoid",2,
1669,"Paramisophria bathyalis","urn:lsid:marinespecies.org:taxname:104358","Paramisophria bathyalis Jaume, Cartes & Boxshall, 2000","Species","Animalia","Arthropoda","Copepoda","Calanoida","Arietellidae","Paramisophria","Calanoid",1,
1670,"Paramisophria cluthae","urn:lsid:marinespecies.org:taxname:104359","Paramisophria cluthae Scott T., 1897","Species","Animalia","Arthropoda","Copepoda","Calanoida","Arietellidae","Paramisophria","Calanoid",8,29738
1671,"Paramisophria fosshageni","urn:lsid:marinespecies.org:taxname:354297","Paramisophria fosshageni Othman & Greenwood, 1992","Species","Animalia","Arthropoda","Copepoda","Calanoida","Arietellidae","Paramisophria","Calanoid",2,
1672,"Paramisophria galapagensis","urn:lsid:marinespecies.org:taxname:354298","Paramisophria galapagensis Ohtsuka, Fosshagen & Iliffe, 1993","Species","Animalia","Arthropoda","Copepoda","Calanoida","Arietellidae","Paramisophria","Calanoid",1,
1673,"Paramisophria giselae","urn:lsid:marinespecies.org:taxname:359907","Paramisophria giselae (Campaner, 1977)","Species","Animalia","Arthropoda","Copepoda","Calanoida","Arietellidae","Paramisophria","Calanoid",1,
1674,"Paramisophria intermedia","urn:lsid:marinespecies.org:taxname:104360","Paramisophria intermedia Jaume, Cartes & Boxshall, 2000","Species","Animalia","Arthropoda","Copepoda","Calanoida","Arietellidae","Paramisophria","Calanoid",1,
1675,"Paramisophria itoi","urn:lsid:marinespecies.org:taxname:354299","Paramisophria itoi Ohtsuka, 1985","Species","Animalia","Arthropoda","Copepoda","Calanoida","Arietellidae","Paramisophria","Calanoid",2,
1676,"Paramisophria japonica","urn:lsid:marinespecies.org:taxname:354300","Paramisophria japonica Ohtsuka, Fosshagen & Go, 1991","Species","Animalia","Arthropoda","Copepoda","Calanoida","Arietellidae","Paramisophria","Calanoid",2,
1677,"Paramisophria koreana","urn:lsid:marinespecies.org:taxname:759346","Paramisophria koreana Lim & Min, 2014","Species","Animalia","Arthropoda","Copepoda","Calanoida","Arietellidae","Paramisophria","Calanoid",2,
1678,"Paramisophria mediterranea","urn:lsid:marinespecies.org:taxname:104362","Paramisophria mediterranea Jaume, Cartes & Boxshall, 2000","Species","Animalia","Arthropoda","Copepoda","Calanoida","Arietellidae","Paramisophria","Calanoid",2,
1679,"Paramisophria ovata","urn:lsid:marinespecies.org:taxname:360569","Paramisophria ovata Heinrich, 1996","Species","Animalia","Arthropoda","Copepoda","Calanoida","Arietellidae","Paramisophria","Calanoid",1,
1680,"Paramisophria platysoma","urn:lsid:marinespecies.org:taxname:354301","Paramisophria platysoma Ohtsuka & Mitsuzumi, 1990","Species","Animalia","Arthropoda","Copepoda","Calanoida","Arietellidae","Paramisophria","Calanoid",2,
1681,"Paramisophria reducta","urn:lsid:marinespecies.org:taxname:104363","Paramisophria reducta Ohtsuka, Fosshagen & Iliffe, 1993","Species","Animalia","Arthropoda","Copepoda","Calanoida","Arietellidae","Paramisophria","Calanoid",2,
1682,"Paramisophria rostrata","urn:lsid:marinespecies.org:taxname:360570","Paramisophria rostrata Heinrich, 1996","Species","Animalia","Arthropoda","Copepoda","Calanoida","Arietellidae","Paramisophria","Calanoid",1,
1683,"Paramisophria sinica","urn:lsid:marinespecies.org:taxname:361129","Paramisophria sinica Lian & Qian, 1994","Species","Animalia","Arthropoda","Copepoda","Calanoida","Arietellidae","Paramisophria","Calanoid",1,
1684,"Paramisophria sinjinensis","urn:lsid:marinespecies.org:taxname:759345","Paramisophria sinjinensis Lim & Min, 2014","Species","Animalia","Arthropoda","Copepoda","Calanoida","Arietellidae","Paramisophria","Calanoid",1,
1685,"Paramisophria spooneri","urn:lsid:marinespecies.org:taxname:104364","Paramisophria spooneri Krishnaswamy, 1959","Species","Animalia","Arthropoda","Copepoda","Calanoida","Arietellidae","Paramisophria","Calanoid",4,26730
1686,"Paramisophria variabilis","urn:lsid:marinespecies.org:taxname:354302","Paramisophria variabilis McKinnon & Kimmerer, 1985","Species","Animalia","Arthropoda","Copepoda","Calanoida","Arietellidae","Paramisophria","Calanoid",2,
1688,"Parapontella brevicornis","urn:lsid:marinespecies.org:taxname:104686","Parapontella brevicornis (Lubbock, 1857)","Species","Animalia","Arthropoda","Copepoda","Calanoida","Parapontellidae","Parapontella","Calanoid",15,29805
1689,"Parapontellidae","urn:lsid:marinespecies.org:taxname:104094","Parapontellidae Giesbrecht, 1893","Family","Animalia","Arthropoda","Copepoda","Calanoida","Parapontellidae",,"Calanoid",2,
1691,"Parascaphocalanus zenkevitchi","urn:lsid:marinespecies.org:taxname:354405","Parascaphocalanus zenkevitchi Brodsky, 1955","Species","Animalia","Arthropoda","Copepoda","Calanoida","Scolecitrichidae","Parascaphocalanus","Calanoid",2,
1692,"Parastephos","urn:lsid:marinespecies.org:taxname:104238","Parastephos Sars G.O., 1902","Genus","Animalia","Arthropoda","Copepoda","Calanoida","Stephidae","Parastephos","Calanoid",1,
1693,"Parastephos esterlyi","urn:lsid:marinespecies.org:taxname:354566","Parastephos esterlyi Fleminger, 1988","Species","Animalia","Arthropoda","Copepoda","Calanoida","Stephidae","Parastephos","Calanoid",2,28252
1694,"Parastephos occatum","urn:lsid:marinespecies.org:taxname:354567","Parastephos occatum Damkaer, 1971","Species","Animalia","Arthropoda","Copepoda","Calanoida","Stephidae","Parastephos","Calanoid",3,29482
1695,"Parastephos pallidus","urn:lsid:marinespecies.org:taxname:104861","Parastephos pallidus Sars G.O., 1902","Species","Animalia","Arthropoda","Copepoda","Calanoida","Stephidae","Parastephos","Calanoid",5,25727
1697,"Paraugaptiloides magnus","urn:lsid:marinespecies.org:taxname:354586","Paraugaptiloides magnus (Bradford, 1974)","Species","Animalia","Arthropoda","Copepoda","Calanoida","Arietellidae","Paraugaptiloides","Calanoid",2,
1698,"Paraugaptiloides mirandipes","urn:lsid:marinespecies.org:taxname:362155","Paraugaptiloides mirandipes Ohtsuka, Nishida & Machida, 2005","Species","Animalia","Arthropoda","Copepoda","Calanoida","Arietellidae","Paraugaptiloides","Calanoid",1,
1699,"Paraugaptilus","urn:lsid:marinespecies.org:taxname:104134","Paraugaptilus Wolfenden, 1904","Genus","Animalia","Arthropoda","Copepoda","Calanoida","Arietellidae","Paraugaptilus","Calanoid",1,
1700,"Paraugaptilus archimedi","urn:lsid:marinespecies.org:taxname:104365","Paraugaptilus archimedi Gaudy, 1973","Species","Animalia","Arthropoda","Copepoda","Calanoida","Arietellidae","Paraugaptilus","Calanoid",1,
1701,"Paraugaptilus bermudensis","urn:lsid:marinespecies.org:taxname:354587","Paraugaptilus bermudensis Deevey, 1973","Species","Animalia","Arthropoda","Copepoda","Calanoida","Arietellidae","Paraugaptilus","Calanoid",2,
1702,"Paraugaptilus buchani","urn:lsid:marinespecies.org:taxname:104366","Paraugaptilus buchani Wolfenden, 1904","Species","Animalia","Arthropoda","Copepoda","Calanoida","Arietellidae","Paraugaptilus","Calanoid",4,29735
1703,"Paraugaptilus meridionalis","urn:lsid:marinespecies.org:taxname:104367","Paraugaptilus meridionalis Wolfenden, 1911","Species","Animalia","Arthropoda","Copepoda","Calanoida","Arietellidae","Paraugaptilus","Calanoid",2,
1704,"Paraugaptilus mozambicus","urn:lsid:marinespecies.org:taxname:359390","Paraugaptilus mozambicus Gaudy, 1965","Species","Animalia","Arthropoda","Copepoda","Calanoida","Arietellidae","Paraugaptilus","Calanoid",2,
1705,"Paraugaptilus similis","urn:lsid:marinespecies.org:taxname:354590","Paraugaptilus similis Scott A., 1909","Species","Animalia","Arthropoda","Copepoda","Calanoida","Arietellidae","Paraugaptilus","Calanoid",2,
1707,"Paraxantharus brittae","urn:lsid:marinespecies.org:taxname:345238","Paraxantharus brittae Schulz, 2006","Species","Animalia","Arthropoda","Copepoda","Calanoida","Scolecitrichidae","Paraxantharus","Calanoid",1,
1708,"Paraxantharus victorbergeri","urn:lsid:marinespecies.org:taxname:467534","Paraxantharus victorbergeri Markhaseva, 2010","Species","Animalia","Arthropoda","Copepoda","Calanoida","Scolecitrichidae","Paraxantharus","Calanoid",1,
1709,"Pareucalanus","urn:lsid:marinespecies.org:taxname:237967","Pareucalanus Geletin, 1976","Genus","Animalia","Arthropoda","Copepoda","Calanoida","Eucalanidae","Pareucalanus","Calanoid",11,
1710,"Pareucalanus attenuatus","urn:lsid:marinespecies.org:taxname:237968","Pareucalanus attenuatus (Dana, 1849)","Species","Animalia","Arthropoda","Copepoda","Calanoida","Eucalanidae","Pareucalanus","Calanoid",183,28442
1711,"Pareucalanus langae","urn:lsid:marinespecies.org:taxname:354594","Pareucalanus langae (Fleminger, 1973)","Species","Animalia","Arthropoda","Copepoda","Calanoida","Eucalanidae","Pareucalanus","Calanoid",2,166926
1712,"Pareucalanus parki","urn:lsid:marinespecies.org:taxname:360046","Pareucalanus parki (Fleminger, 1973)","Species","Animalia","Arthropoda","Copepoda","Calanoida","Eucalanidae","Pareucalanus","Calanoid",3,28443
1713,"Pareucalanus peruanus","urn:lsid:marinespecies.org:taxname:588509","Pareucalanus peruanus (Volkov, 1971)","Species","Animalia","Arthropoda","Copepoda","Calanoida","Eucalanidae","Pareucalanus","Calanoid",2,
1714,"Pareucalanus sewelli","urn:lsid:marinespecies.org:taxname:360047","Pareucalanus sewelli (Fleminger, 1973)","Species","Animalia","Arthropoda","Copepoda","Calanoida","Eucalanidae","Pareucalanus","Calanoid",41,28264
1716,"Parkius","urn:lsid:marinespecies.org:taxname:347739","Parkius Ferrari F.D. & Markhaseva, 1996","Genus","Animalia","Arthropoda","Copepoda","Calanoida","Parkiidae","Parkius","Calanoid",1,
1717,"Parkius karenwishnerae","urn:lsid:marinespecies.org:taxname:359665","Parkius karenwishnerae Ferrari F.D. & Markhaseva, 1996","Species","Animalia","Arthropoda","Copepoda","Calanoida","Parkiidae","Parkius","Calanoid",1,
1719,"Parundinella dakini","urn:lsid:marinespecies.org:taxname:360049","Parundinella dakini Bradford, 1973","Species","Animalia","Arthropoda","Copepoda","Calanoida","Tharybidae","Parundinella","Calanoid",2,
1720,"Parundinella emarginata","urn:lsid:marinespecies.org:taxname:354633","Parundinella emarginata Grice & Hulsemann, 1970","Species","Animalia","Arthropoda","Copepoda","Calanoida","Tharybidae","Parundinella","Calanoid",2,28258
1721,"Parundinella manicula","urn:lsid:marinespecies.org:taxname:354634","Parundinella manicula Fleminger, 1957","Species","Animalia","Arthropoda","Copepoda","Calanoida","Tharybidae","Parundinella","Calanoid",1,
1722,"Parundinella spinodenticula","urn:lsid:marinespecies.org:taxname:354635","Parundinella spinodenticula Fleminger, 1957","Species","Animalia","Arthropoda","Copepoda","Calanoida","Tharybidae","Parundinella","Calanoid",2,29489
1723,"Parvocalanus","urn:lsid:marinespecies.org:taxname:347746","Parvocalanus Andronov, 1970","Genus","Animalia","Arthropoda","Copepoda","Calanoida","Paracalanidae","Parvocalanus","Calanoid",1,
1724,"Parvocalanus arabiensis","urn:lsid:marinespecies.org:taxname:1259482","Parvocalanus arabiensis (Kesarkar & Anil, 2010)","Species","Animalia","Arthropoda","Copepoda","Calanoida","Paracalanidae","Parvocalanus","Calanoid",1,
1725,"Parvocalanus crassirostris","urn:lsid:marinespecies.org:taxname:360051","Parvocalanus crassirostris (Dahl F., 1894)","Species","Animalia","Arthropoda","Copepoda","Calanoida","Paracalanidae","Parvocalanus","Calanoid",68,27583
1726,"Parvocalanus dubia","urn:lsid:marinespecies.org:taxname:360052","Parvocalanus dubia (Sewell, 1912)","Species","Animalia","Arthropoda","Copepoda","Calanoida","Paracalanidae","Parvocalanus","Calanoid",1,
1727,"Parvocalanus elegans","urn:lsid:marinespecies.org:taxname:354636","Parvocalanus elegans Andronov, 1972","Species","Animalia","Arthropoda","Copepoda","Calanoida","Paracalanidae","Parvocalanus","Calanoid",7,173056
1728,"Parvocalanus latus","urn:lsid:marinespecies.org:taxname:354637","Parvocalanus latus Andronov, 1972","Species","Animalia","Arthropoda","Copepoda","Calanoida","Paracalanidae","Parvocalanus","Calanoid",4,
1729,"Parvocalanus scotti","urn:lsid:marinespecies.org:taxname:360053","Parvocalanus scotti (Früchtl, 1923)","Species","Animalia","Arthropoda","Copepoda","Calanoida","Paracalanidae","Parvocalanus","Calanoid",2,
1730,"Parvocalanus serratipes","urn:lsid:marinespecies.org:taxname:360054","Parvocalanus serratipes (Sewell, 1912)","Species","Animalia","Arthropoda","Copepoda","Calanoida","Paracalanidae","Parvocalanus","Calanoid",2,
1732,"Peniculoides secundus","urn:lsid:marinespecies.org:taxname:865541","Peniculoides secundus Markhaseva & Renz, 2015","Species","Animalia","Arthropoda","Copepoda","Calanoida","Clausocalanidae","Peniculoides","Calanoid",1,
1734,"Pertsovius fjordicus","urn:lsid:marinespecies.org:taxname:765514","Pertsovius fjordicus (Fosshagen, 1967)","Species","Animalia","Arthropoda","Copepoda","Calanoida","Discoidae","Pertsovius","Calanoid",2,
1735,"Pertsovius heterodentatus","urn:lsid:marinespecies.org:taxname:567901","Pertsovius heterodentatus Andronov & Kosobokova, 2011","Species","Animalia","Arthropoda","Copepoda","Calanoida","Discoidae","Pertsovius","Calanoid",1,
1736,"Pertsovius longus","urn:lsid:marinespecies.org:taxname:765515","Pertsovius longus (Grice & Hulsemann, 1965)","Species","Animalia","Arthropoda","Copepoda","Calanoida","Discoidae","Pertsovius","Calanoid",1,
1737,"Pertsovius oceanicus","urn:lsid:marinespecies.org:taxname:765525","Pertsovius oceanicus (Gordeeva K.T., 1974)","Species","Animalia","Arthropoda","Copepoda","Calanoida","Discoidae","Pertsovius","Calanoid",1,
1738,"Pertsovius oviformis","urn:lsid:marinespecies.org:taxname:765526","Pertsovius oviformis (Park, 1970)","Species","Animalia","Arthropoda","Copepoda","Calanoida","Discoidae","Pertsovius","Calanoid",1,
1739,"Pertsovius serratus","urn:lsid:marinespecies.org:taxname:567902","Pertsovius serratus Andronov & Kosobokova, 2011","Species","Animalia","Arthropoda","Copepoda","Calanoida","Discoidae","Pertsovius","Calanoid",1,
1740,"Pertsovius tridentatus","urn:lsid:marinespecies.org:taxname:567899","Pertsovius tridentatus Andronov & Kosobokova, 2011","Species","Animalia","Arthropoda","Copepoda","Calanoida","Discoidae","Pertsovius","Calanoid",1,
1741,"Phaenna","urn:lsid:marinespecies.org:taxname:104202","Phaenna Claus, 1863","Genus","Animalia","Arthropoda","Copepoda","Calanoida","Phaennidae","Phaenna","Calanoid",2,
1742,"Phaenna gibbosa","urn:lsid:marinespecies.org:taxname:731880","Phaenna gibbosa Andronov, 2013","Species","Animalia","Arthropoda","Copepoda","Calanoida","Phaennidae","Phaenna","Calanoid",1,
1743,"Phaenna spinifera","urn:lsid:marinespecies.org:taxname:104698","Phaenna spinifera Claus, 1863","Species","Animalia","Arthropoda","Copepoda","Calanoida","Phaennidae","Phaenna","Calanoid",16,29398
1744,"Phaenna zetlandica","urn:lsid:marinespecies.org:taxname:354729","Phaenna zetlandica Scott T., 1902","Species","Animalia","Arthropoda","Copepoda","Calanoida","Phaennidae","Phaenna","Calanoid",1,
1745,"Phaennidae","urn:lsid:marinespecies.org:taxname:104095","Phaennidae Sars G.O., 1902","Family","Animalia","Arthropoda","Copepoda","Calanoida","Phaennidae",,"Calanoid",2,
1747,"Phaennocalanus unispinosus","urn:lsid:marinespecies.org:taxname:362050","Phaennocalanus unispinosus Markhaseva, 2002","Species","Animalia","Arthropoda","Copepoda","Calanoida","Phaennidae","Phaennocalanus","Calanoid",1,
1749,"Pilarella longicornis","urn:lsid:marinespecies.org:taxname:354829","Pilarella longicornis Alvarez, 1985","Species","Animalia","Arthropoda","Copepoda","Calanoida","Arietellidae","Pilarella","Calanoid",1,
1751,"Placocalanus brevipes","urn:lsid:marinespecies.org:taxname:356979","Placocalanus brevipes Ohtsuka, Fosshagen & Soh, 1996","Species","Animalia","Arthropoda","Copepoda","Calanoida","Pseudocyclopidae","Placocalanus","Calanoid",1,
1752,"Placocalanus inermis","urn:lsid:marinespecies.org:taxname:356980","Placocalanus inermis Ohtsuka, Fosshagen & Soh, 1996","Species","Animalia","Arthropoda","Copepoda","Calanoida","Pseudocyclopidae","Placocalanus","Calanoid",2,
1753,"Placocalanus insularis","urn:lsid:marinespecies.org:taxname:354833","Placocalanus insularis Fosshagen, 1970","Species","Animalia","Arthropoda","Copepoda","Calanoida","Pseudocyclopidae","Placocalanus","Calanoid",2,
1754,"Placocalanus longicauda","urn:lsid:marinespecies.org:taxname:356981","Placocalanus longicauda Ohtsuka, Fosshagen & Soh, 1996","Species","Animalia","Arthropoda","Copepoda","Calanoida","Pseudocyclopidae","Placocalanus","Calanoid",2,
1755,"Placocalanus nannus","urn:lsid:marinespecies.org:taxname:354834","Placocalanus nannus Fosshagen, 1970","Species","Animalia","Arthropoda","Copepoda","Calanoida","Pseudocyclopidae","Placocalanus","Calanoid",2,
1757,"Plesioscolecithrix juhlae","urn:lsid:marinespecies.org:taxname:345240","Plesioscolecithrix juhlae Markhaseva & Dahms, 2004","Species","Animalia","Arthropoda","Copepoda","Calanoida","Scolecitrichidae","Plesioscolecithrix","Calanoid",2,
1758,"Pleuromamma","urn:lsid:marinespecies.org:taxname:104191","Pleuromamma Giesbrecht in Giesbrecht & Schmeil, 1898","Genus","Animalia","Arthropoda","Copepoda","Calanoida","Metridinidae","Pleuromamma","Calanoid",11,
1759,"Pleuromamma abdominalis abdominalis","urn:lsid:marinespecies.org:taxname:596242","Pleuromamma abdominalis abdominalis (Lubbock, 1856)","Subspecies","Animalia","Arthropoda","Copepoda","Calanoida","Metridinidae","Pleuromamma","Calanoid",95,
1760,"Pleuromamma antarctica","urn:lsid:marinespecies.org:taxname:345241","Pleuromamma antarctica Steuer, 1931","Species","Animalia","Arthropoda","Copepoda","Calanoida","Metridinidae","Pleuromamma","Calanoid",8,
1761,"Pleuromamma borealis","urn:lsid:marinespecies.org:taxname:104638","Pleuromamma borealis Dahl F., 1893","Species","Animalia","Arthropoda","Copepoda","Calanoida","Metridinidae","Pleuromamma","Calanoid",29,29225
1762,"Pleuromamma gracilis gracilis","urn:lsid:marinespecies.org:taxname:1436445","Pleuromamma gracilis gracilis Claus, 1863","Subspecies","Animalia","Arthropoda","Copepoda","Calanoida","Metridinidae","Pleuromamma","Calanoid",56,
1763,"Pleuromamma indica","urn:lsid:marinespecies.org:taxname:220900","Pleuromamma indica Wolfenden, 1905","Species","Animalia","Arthropoda","Copepoda","Calanoida","Metridinidae","Pleuromamma","Calanoid",10,
1764,"Pleuromamma johnsoni","urn:lsid:marinespecies.org:taxname:361277","Pleuromamma johnsoni Ferrari F.D. & Saltzman, 1998","Species","Animalia","Arthropoda","Copepoda","Calanoida","Metridinidae","Pleuromamma","Calanoid",2,
1765,"Pleuromamma piseki","urn:lsid:marinespecies.org:taxname:104640","Pleuromamma piseki Farran, 1929","Species","Animalia","Arthropoda","Copepoda","Calanoida","Metridinidae","Pleuromamma","Calanoid",23,29231
1766,"Pleuromamma quadrungulata quadrungulata","urn:lsid:marinespecies.org:taxname:224185","Pleuromamma quadrungulata quadrungulata (Dahl F., 1893)","Subspecies","Animalia","Arthropoda","Copepoda","Calanoida","Metridinidae","Pleuromamma","Calanoid",31,
1767,"Pleuromamma robusta robusta","urn:lsid:marinespecies.org:taxname:746007","Pleuromamma robusta robusta (Dahl F., 1893)","Subspecies","Animalia","Arthropoda","Copepoda","Calanoida","Metridinidae","Pleuromamma","Calanoid",89,
1768,"Pleuromamma scutullata","urn:lsid:marinespecies.org:taxname:354841","Pleuromamma scutullata Brodsky, 1950","Species","Animalia","Arthropoda","Copepoda","Calanoida","Metridinidae","Pleuromamma","Calanoid",53,29229
1769,"Pleuromamma xiphias","urn:lsid:marinespecies.org:taxname:104643","Pleuromamma xiphias (Giesbrecht, 1889)","Species","Animalia","Arthropoda","Copepoda","Calanoida","Metridinidae","Pleuromamma","Calanoid",187,29230
1770,"Pontella","urn:lsid:marinespecies.org:taxname:104209","Pontella Dana, 1846","Genus","Animalia","Arthropoda","Copepoda","Calanoida","Pontellidae","Pontella","Calanoid",65,
1771,"Pontella agassizii","urn:lsid:marinespecies.org:taxname:354846","Pontella agassizii Giesbrecht, 1895","Species","Animalia","Arthropoda","Copepoda","Calanoida","Pontellidae","Pontella","Calanoid",2,
1772,"Pontella alata","urn:lsid:marinespecies.org:taxname:354847","Pontella alata Scott A., 1909","Species","Animalia","Arthropoda","Copepoda","Calanoida","Pontellidae","Pontella","Calanoid",2,
1773,"Pontella andersoni","urn:lsid:marinespecies.org:taxname:354848","Pontella andersoni Sewell, 1912","Species","Animalia","Arthropoda","Copepoda","Calanoida","Pontellidae","Pontella","Calanoid",2,
1774,"Pontella asymmetrica","urn:lsid:marinespecies.org:taxname:354849","Pontella asymmetrica Heinrich, 1967","Species","Animalia","Arthropoda","Copepoda","Calanoida","Pontellidae","Pontella","Calanoid",2,
1775,"Pontella atlantica","urn:lsid:marinespecies.org:taxname:104737","Pontella atlantica (Milne Edwards, 1840)","Species","Animalia","Arthropoda","Copepoda","Calanoida","Pontellidae","Pontella","Calanoid",23,29772
1776,"Pontella bonei","urn:lsid:marinespecies.org:taxname:362011","Pontella bonei Mulyadi, 2003","Species","Animalia","Arthropoda","Copepoda","Calanoida","Pontellidae","Pontella","Calanoid",2,
1777,"Pontella chierchiae","urn:lsid:marinespecies.org:taxname:354854","Pontella chierchiae Giesbrecht, 1889","Species","Animalia","Arthropoda","Copepoda","Calanoida","Pontellidae","Pontella","Calanoid",2,80286
1778,"Pontella cocoensis","urn:lsid:marinespecies.org:taxname:862895","Pontella cocoensis Garrote, Suárez-Morales & Morales-Ramírez, 2015","Species","Animalia","Arthropoda","Copepoda","Calanoida","Pontellidae","Pontella","Calanoid",2,
1779,"Pontella cristata","urn:lsid:marinespecies.org:taxname:360146","Pontella cristata Krämer, 1896","Species","Animalia","Arthropoda","Copepoda","Calanoida","Pontellidae","Pontella","Calanoid",4,28124
1780,"Pontella danae","urn:lsid:marinespecies.org:taxname:354855","Pontella danae Giesbrecht, 1889","Species","Animalia","Arthropoda","Copepoda","Calanoida","Pontellidae","Pontella","Calanoid",62,
1781,"Pontella diagonalis","urn:lsid:marinespecies.org:taxname:354857","Pontella diagonalis Wilson C.B., 1950","Species","Animalia","Arthropoda","Copepoda","Calanoida","Pontellidae","Pontella","Calanoid",2,
1782,"Pontella fera","urn:lsid:marinespecies.org:taxname:360157","Pontella fera Dana, 1849","Species","Animalia","Arthropoda","Copepoda","Calanoida","Pontellidae","Pontella","Calanoid",37,80287
1783,"Pontella forficula","urn:lsid:marinespecies.org:taxname:354860","Pontella forficula Scott A., 1909","Species","Animalia","Arthropoda","Copepoda","Calanoida","Pontellidae","Pontella","Calanoid",1,
1784,"Pontella gaboonensis","urn:lsid:marinespecies.org:taxname:354861","Pontella gaboonensis Scott T., 1894","Species","Animalia","Arthropoda","Copepoda","Calanoida","Pontellidae","Pontella","Calanoid",2,
1785,"Pontella gracilis","urn:lsid:marinespecies.org:taxname:354862","Pontella gracilis Wilson C.B., 1950","Species","Animalia","Arthropoda","Copepoda","Calanoida","Pontellidae","Pontella","Calanoid",1,
1786,"Pontella hanloni","urn:lsid:marinespecies.org:taxname:354863","Pontella hanloni Greenwood, 1979","Species","Animalia","Arthropoda","Copepoda","Calanoida","Pontellidae","Pontella","Calanoid",2,
1787,"Pontella investigatoris","urn:lsid:marinespecies.org:taxname:354866","Pontella investigatoris Sewell, 1912","Species","Animalia","Arthropoda","Copepoda","Calanoida","Pontellidae","Pontella","Calanoid",2,
1788,"Pontella karachiensis","urn:lsid:marinespecies.org:taxname:354867","Pontella karachiensis Rehman, 1973","Species","Animalia","Arthropoda","Copepoda","Calanoida","Pontellidae","Pontella","Calanoid",2,165653
1789,"Pontella kieferi","urn:lsid:marinespecies.org:taxname:354868","Pontella kieferi Pesta, 1933","Species","Animalia","Arthropoda","Copepoda","Calanoida","Pontellidae","Pontella","Calanoid",2,80322
1790,"Pontella kleini","urn:lsid:marinespecies.org:taxname:362010","Pontella kleini Mulyadi, 2003","Species","Animalia","Arthropoda","Copepoda","Calanoida","Pontellidae","Pontella","Calanoid",2,
1791,"Pontella labuanensis","urn:lsid:marinespecies.org:taxname:361269","Pontella labuanensis Mulyadi, 1997","Species","Animalia","Arthropoda","Copepoda","Calanoida","Pontellidae","Pontella","Calanoid",2,
1792,"Pontella latifurca","urn:lsid:marinespecies.org:taxname:354871","Pontella latifurca Chen & Zhang, 1965","Species","Animalia","Arthropoda","Copepoda","Calanoida","Pontellidae","Pontella","Calanoid",2,80288
1793,"Pontella lobiancoi","urn:lsid:marinespecies.org:taxname:104738","Pontella lobiancoi (Canu, 1888)","Species","Animalia","Arthropoda","Copepoda","Calanoida","Pontellidae","Pontella","Calanoid",6,29774
1794,"Pontella meadii","urn:lsid:marinespecies.org:taxname:157676","Pontella meadii Wheeler, 1900","Species","Animalia","Arthropoda","Copepoda","Calanoida","Pontellidae","Pontella","Calanoid",2,29769
1795,"Pontella mediterranea","urn:lsid:marinespecies.org:taxname:104739","Pontella mediterranea (Claus, 1863)","Species","Animalia","Arthropoda","Copepoda","Calanoida","Pontellidae","Pontella","Calanoid",12,29775
1796,"Pontella mimocerami","urn:lsid:marinespecies.org:taxname:354873","Pontella mimocerami Fleminger, 1957","Species","Animalia","Arthropoda","Copepoda","Calanoida","Pontellidae","Pontella","Calanoid",2,29773
1797,"Pontella natalis","urn:lsid:marinespecies.org:taxname:354874","Pontella natalis Brady, 1915","Species","Animalia","Arthropoda","Copepoda","Calanoida","Pontellidae","Pontella","Calanoid",2,
1798,"Pontella novaezealandiae","urn:lsid:marinespecies.org:taxname:354875","Pontella novaezealandiae Farran, 1929","Species","Animalia","Arthropoda","Copepoda","Calanoida","Pontellidae","Pontella","Calanoid",4,
1799,"Pontella patagoniensis","urn:lsid:marinespecies.org:taxname:359282","Pontella patagoniensis (Lubbock, 1853)","Species","Animalia","Arthropoda","Copepoda","Calanoida","Pontellidae","Pontella","Calanoid",2,
1800,"Pontella polydactyla","urn:lsid:marinespecies.org:taxname:354878","Pontella polydactyla Fleminger, 1957","Species","Animalia","Arthropoda","Copepoda","Calanoida","Pontellidae","Pontella","Calanoid",2,28126
1801,"Pontella princeps","urn:lsid:marinespecies.org:taxname:220927","Pontella princeps Dana, 1849","Species","Animalia","Arthropoda","Copepoda","Calanoida","Pontellidae","Pontella","Calanoid",2,28127
1802,"Pontella rostraticauda","urn:lsid:marinespecies.org:taxname:354881","Pontella rostraticauda Ohtsuka, Fleminger & Onbé, 1987","Species","Animalia","Arthropoda","Copepoda","Calanoida","Pontellidae","Pontella","Calanoid",2,
1803,"Pontella securifer","urn:lsid:marinespecies.org:taxname:104740","Pontella securifer Brady, 1883","Species","Animalia","Arthropoda","Copepoda","Calanoida","Pontellidae","Pontella","Calanoid",8,29770
1804,"Pontella sewelli","urn:lsid:marinespecies.org:taxname:354882","Pontella sewelli Heinrich, 1987","Species","Animalia","Arthropoda","Copepoda","Calanoida","Pontellidae","Pontella","Calanoid",2,
1805,"Pontella sinica","urn:lsid:marinespecies.org:taxname:354883","Pontella sinica Chen & Zhang, 1965","Species","Animalia","Arthropoda","Copepoda","Calanoida","Pontellidae","Pontella","Calanoid",2,80289
1806,"Pontella spinicauda","urn:lsid:marinespecies.org:taxname:360172","Pontella spinicauda Mori, 1937","Species","Animalia","Arthropoda","Copepoda","Calanoida","Pontellidae","Pontella","Calanoid",2,80323
1807,"Pontella spinipedata","urn:lsid:marinespecies.org:taxname:354884","Pontella spinipedata Heinrich, 1989","Species","Animalia","Arthropoda","Copepoda","Calanoida","Pontellidae","Pontella","Calanoid",2,
1808,"Pontella spinipes","urn:lsid:marinespecies.org:taxname:104741","Pontella spinipes Giesbrecht, 1889","Species","Animalia","Arthropoda","Copepoda","Calanoida","Pontellidae","Pontella","Calanoid",2,29771
1809,"Pontella tenuiremis","urn:lsid:marinespecies.org:taxname:354886","Pontella tenuiremis Giesbrecht, 1889","Species","Animalia","Arthropoda","Copepoda","Calanoida","Pontellidae","Pontella","Calanoid",4,28128
1810,"Pontella tridactyla","urn:lsid:marinespecies.org:taxname:354887","Pontella tridactyla Shen & Lee, 1963","Species","Animalia","Arthropoda","Copepoda","Calanoida","Pontellidae","Pontella","Calanoid",1,
1811,"Pontella valida","urn:lsid:marinespecies.org:taxname:360176","Pontella valida Dana, 1852-1853","Species","Animalia","Arthropoda","Copepoda","Calanoida","Pontellidae","Pontella","Calanoid",4,166924
1812,"Pontella whiteleggei","urn:lsid:marinespecies.org:taxname:360177","Pontella whiteleggei Kramer, 1896","Species","Animalia","Arthropoda","Copepoda","Calanoida","Pontellidae","Pontella","Calanoid",4,166925
1813,"Pontellidae","urn:lsid:marinespecies.org:taxname:104097","Pontellidae Dana, 1852-1853","Family","Animalia","Arthropoda","Copepoda","Calanoida","Pontellidae",,"Calanoid",5,
1814,"Pontellina","urn:lsid:marinespecies.org:taxname:104210","Pontellina Dana, 1852-1853","Genus","Animalia","Arthropoda","Copepoda","Calanoida","Pontellidae","Pontellina","Calanoid",1,
1815,"Pontellina morii","urn:lsid:marinespecies.org:taxname:220928","Pontellina morii Fleminger & Hulsemann, 1974","Species","Animalia","Arthropoda","Copepoda","Calanoida","Pontellidae","Pontellina","Calanoid",4,
1816,"Pontellina platychela","urn:lsid:marinespecies.org:taxname:354889","Pontellina platychela Fleminger & Hulsemann, 1974","Species","Animalia","Arthropoda","Copepoda","Calanoida","Pontellidae","Pontellina","Calanoid",2,28129
1817,"Pontellina plumata","urn:lsid:marinespecies.org:taxname:104743","Pontellina plumata (Dana, 1849)","Species","Animalia","Arthropoda","Copepoda","Calanoida","Pontellidae","Pontellina","Calanoid",38,29776
1818,"Pontellina sobrina","urn:lsid:marinespecies.org:taxname:354890","Pontellina sobrina Fleminger & Hulsemann, 1974","Species","Animalia","Arthropoda","Copepoda","Calanoida","Pontellidae","Pontellina","Calanoid",2,
1819,"Pontellopsis","urn:lsid:marinespecies.org:taxname:104211","Pontellopsis Brady, 1883","Genus","Animalia","Arthropoda","Copepoda","Calanoida","Pontellidae","Pontellopsis","Calanoid",2,
1820,"Pontellopsis armata","urn:lsid:marinespecies.org:taxname:360239","Pontellopsis armata (Giesbrecht, 1889)","Species","Animalia","Arthropoda","Copepoda","Calanoida","Pontellidae","Pontellopsis","Calanoid",4,27718
1821,"Pontellopsis bitumida","urn:lsid:marinespecies.org:taxname:360240","Pontellopsis bitumida Wilson C.B., 1950","Species","Animalia","Arthropoda","Copepoda","Calanoida","Pontellidae","Pontellopsis","Calanoid",2,
1822,"Pontellopsis brevis","urn:lsid:marinespecies.org:taxname:104744","Pontellopsis brevis (Giesbrecht, 1889)","Species","Animalia","Arthropoda","Copepoda","Calanoida","Pontellidae","Pontellopsis","Calanoid",2,28130
1823,"Pontellopsis digitata","urn:lsid:marinespecies.org:taxname:361364","Pontellopsis digitata Wilson C.B., 1950","Species","Animalia","Arthropoda","Copepoda","Calanoida","Pontellidae","Pontellopsis","Calanoid",1,
1824,"Pontellopsis globosa","urn:lsid:marinespecies.org:taxname:360245","Pontellopsis globosa Wilson C.B., 1950","Species","Animalia","Arthropoda","Copepoda","Calanoida","Pontellidae","Pontellopsis","Calanoid",1,
1825,"Pontellopsis herdmani","urn:lsid:marinespecies.org:taxname:220930","Pontellopsis herdmani Thompson I.C. & Scott A., 1903","Species","Animalia","Arthropoda","Copepoda","Calanoida","Pontellidae","Pontellopsis","Calanoid",3,165654
1826,"Pontellopsis inflatodigitata","urn:lsid:marinespecies.org:taxname:354892","Pontellopsis inflatodigitata Chen & Shen, 1974","Species","Animalia","Arthropoda","Copepoda","Calanoida","Pontellidae","Pontellopsis","Calanoid",2,80324
1827,"Pontellopsis krameri","urn:lsid:marinespecies.org:taxname:360246","Pontellopsis krameri (Giesbrecht, 1896)","Species","Animalia","Arthropoda","Copepoda","Calanoida","Pontellidae","Pontellopsis","Calanoid",3,80325
1828,"Pontellopsis laminata","urn:lsid:marinespecies.org:taxname:360247","Pontellopsis laminata Wilson C.B., 1950","Species","Animalia","Arthropoda","Copepoda","Calanoida","Pontellidae","Pontellopsis","Calanoid",2,
1829,"Pontellopsis lubbockii","urn:lsid:marinespecies.org:taxname:360248","Pontellopsis lubbockii (Giesbrecht, 1889)","Species","Animalia","Arthropoda","Copepoda","Calanoida","Pontellidae","Pontellopsis","Calanoid",2,
1830,"Pontellopsis macronyx","urn:lsid:marinespecies.org:taxname:354893","Pontellopsis macronyx Scott A., 1909","Species","Animalia","Arthropoda","Copepoda","Calanoida","Pontellidae","Pontellopsis","Calanoid",4,80290
1831,"Pontellopsis occidentalis","urn:lsid:marinespecies.org:taxname:354894","Pontellopsis occidentalis Esterly, 1906","Species","Animalia","Arthropoda","Copepoda","Calanoida","Pontellidae","Pontellopsis","Calanoid",2,28131
1832,"Pontellopsis pacifica","urn:lsid:marinespecies.org:taxname:354895","Pontellopsis pacifica Chiba, 1953","Species","Animalia","Arthropoda","Copepoda","Calanoida","Pontellidae","Pontellopsis","Calanoid",2,
1833,"Pontellopsis perspicax","urn:lsid:marinespecies.org:taxname:360249","Pontellopsis perspicax (Dana, 1849)","Species","Animalia","Arthropoda","Copepoda","Calanoida","Pontellidae","Pontellopsis","Calanoid",2,29784
1834,"Pontellopsis pexa","urn:lsid:marinespecies.org:taxname:354896","Pontellopsis pexa Scott A., 1909","Species","Animalia","Arthropoda","Copepoda","Calanoida","Pontellidae","Pontellopsis","Calanoid",1,
1835,"Pontellopsis regalis","urn:lsid:marinespecies.org:taxname:104745","Pontellopsis regalis (Dana, 1849)","Species","Animalia","Arthropoda","Copepoda","Calanoida","Pontellidae","Pontellopsis","Calanoid",7,29783
1836,"Pontellopsis scotti","urn:lsid:marinespecies.org:taxname:220929","Pontellopsis scotti Sewell, 1932","Species","Animalia","Arthropoda","Copepoda","Calanoida","Pontellidae","Pontellopsis","Calanoid",2,
1837,"Pontellopsis sinuata","urn:lsid:marinespecies.org:taxname:360252","Pontellopsis sinuata Wilson C.B., 1950","Species","Animalia","Arthropoda","Copepoda","Calanoida","Pontellidae","Pontellopsis","Calanoid",2,
1838,"Pontellopsis strenua","urn:lsid:marinespecies.org:taxname:360253","Pontellopsis strenua (Dana, 1849)","Species","Animalia","Arthropoda","Copepoda","Calanoida","Pontellidae","Pontellopsis","Calanoid",2,80291
1839,"Pontellopsis tasmanensis","urn:lsid:marinespecies.org:taxname:354898","Pontellopsis tasmanensis Greenwood, 1978","Species","Animalia","Arthropoda","Copepoda","Calanoida","Pontellidae","Pontellopsis","Calanoid",4,
1840,"Pontellopsis tenuicauda","urn:lsid:marinespecies.org:taxname:220932","Pontellopsis tenuicauda (Giesbrecht, 1889)","Species","Animalia","Arthropoda","Copepoda","Calanoida","Pontellidae","Pontellopsis","Calanoid",14,27734
1841,"Pontellopsis villosa","urn:lsid:marinespecies.org:taxname:104746","Pontellopsis villosa Brady, 1883","Species","Animalia","Arthropoda","Copepoda","Calanoida","Pontellidae","Pontellopsis","Calanoid",8,29782
1842,"Pontellopsis yamadae","urn:lsid:marinespecies.org:taxname:360254","Pontellopsis yamadae Mori, 1937","Species","Animalia","Arthropoda","Copepoda","Calanoida","Pontellidae","Pontellopsis","Calanoid",4,27725
1844,"Pontoptilus lacertosus","urn:lsid:marinespecies.org:taxname:221317","Pontoptilus lacertosus Grice & Hulsemann, 1967","Species","Animalia","Arthropoda","Copepoda","Calanoida","Augaptilidae","Pontoptilus","Calanoid",1,
1845,"Pontoptilus mucronatus","urn:lsid:marinespecies.org:taxname:221315","Pontoptilus mucronatus Sars G.O., 1905","Species","Animalia","Arthropoda","Copepoda","Calanoida","Augaptilidae","Pontoptilus","Calanoid",1,
1846,"Pontoptilus muticus","urn:lsid:marinespecies.org:taxname:345264","Pontoptilus muticus Sars G.O., 1905","Species","Animalia","Arthropoda","Copepoda","Calanoida","Augaptilidae","Pontoptilus","Calanoid",2,29209
1847,"Pontoptilus ovalis","urn:lsid:marinespecies.org:taxname:345242","Pontoptilus ovalis Sars G.O., 1905","Species","Animalia","Arthropoda","Copepoda","Calanoida","Augaptilidae","Pontoptilus","Calanoid",1,
1848,"Pontoptilus pertenuis","urn:lsid:marinespecies.org:taxname:345265","Pontoptilus pertenuis Sars G.O., 1905","Species","Animalia","Arthropoda","Copepoda","Calanoida","Augaptilidae","Pontoptilus","Calanoid",1,
1849,"Pontoptilus robustus","urn:lsid:marinespecies.org:taxname:221316","Pontoptilus robustus Sars G.O., 1905","Species","Animalia","Arthropoda","Copepoda","Calanoida","Augaptilidae","Pontoptilus","Calanoid",2,
1851,"Procenognatha semisensata","urn:lsid:marinespecies.org:taxname:492765","Procenognatha semisensata Markhaseva & Schulz, 2010","Species","Animalia","Arthropoda","Copepoda","Calanoida","Diaixidae","Procenognatha","Calanoid",2,
1853,"Prodisco princeps","urn:lsid:marinespecies.org:taxname:354959","Prodisco princeps Gordeeva K.T., 1975","Species","Animalia","Arthropoda","Copepoda","Calanoida","Discoidae","Prodisco","Calanoid",1,
1854,"Prodisco secundus","urn:lsid:marinespecies.org:taxname:104540","Prodisco secundus Gordeeva K.T., 1975","Species","Animalia","Arthropoda","Copepoda","Calanoida","Discoidae","Prodisco","Calanoid",1,
1856,"Prolutamator hadalis","urn:lsid:marinespecies.org:taxname:395360","Prolutamator hadalis Markhaseva & Schulz, 2008","Species","Animalia","Arthropoda","Copepoda","Calanoida","Aetideidae","Prolutamator","Calanoid",1,
1857,"Prolutamator minor","urn:lsid:marinespecies.org:taxname:395361","Prolutamator minor Markhaseva & Schulz, 2008","Species","Animalia","Arthropoda","Copepoda","Calanoida","Aetideidae","Prolutamator","Calanoid",1,
1859,"Protoparamisophria biforaminis","urn:lsid:marinespecies.org:taxname:362154","Protoparamisophria biforaminis Ohtsuka, Nishida & Machida, 2005","Species","Animalia","Arthropoda","Copepoda","Calanoida","Arietellidae","Protoparamisophria","Calanoid",1,
1861,"Pseudaugaptilus longiremis","urn:lsid:marinespecies.org:taxname:104450","Pseudaugaptilus longiremis Sars G.O., 1907","Species","Animalia","Arthropoda","Copepoda","Calanoida","Augaptilidae","Pseudaugaptilus","Calanoid",3,
1862,"Pseudaugaptilus orientalis","urn:lsid:marinespecies.org:taxname:360322","Pseudaugaptilus orientalis Tanaka, 1964","Species","Animalia","Arthropoda","Copepoda","Calanoida","Augaptilidae","Pseudaugaptilus","Calanoid",1,
1863,"Pseudaugaptilus polaris","urn:lsid:marinespecies.org:taxname:254608","Pseudaugaptilus polaris Brodsky, 1950","Species","Animalia","Arthropoda","Copepoda","Calanoida","Augaptilidae","Pseudaugaptilus","Calanoid",1,29727
1865,"Pseudeuchaeta acuticornis","urn:lsid:marinespecies.org:taxname:345243","Pseudeuchaeta acuticornis Markhaseva & Schulz, 2006","Species","Animalia","Arthropoda","Copepoda","Calanoida","Aetideidae","Pseudeuchaeta","Calanoid",1,
1866,"Pseudeuchaeta arctica","urn:lsid:marinespecies.org:taxname:355057","Pseudeuchaeta arctica Markhaseva, 1986","Species","Animalia","Arthropoda","Copepoda","Calanoida","Aetideidae","Pseudeuchaeta","Calanoid",1,
1867,"Pseudeuchaeta brevicauda","urn:lsid:marinespecies.org:taxname:104324","Pseudeuchaeta brevicauda Sars G.O., 1905","Species","Animalia","Arthropoda","Copepoda","Calanoida","Aetideidae","Pseudeuchaeta","Calanoid",4,29365
1868,"Pseudeuchaeta flexuosa","urn:lsid:marinespecies.org:taxname:355058","Pseudeuchaeta flexuosa Bradford, 1969","Species","Animalia","Arthropoda","Copepoda","Calanoida","Aetideidae","Pseudeuchaeta","Calanoid",1,
1869,"Pseudeuchaeta magna","urn:lsid:marinespecies.org:taxname:355059","Pseudeuchaeta magna Bradford, 1969","Species","Animalia","Arthropoda","Copepoda","Calanoida","Aetideidae","Pseudeuchaeta","Calanoid",1,
1870,"Pseudeuchaeta major","urn:lsid:marinespecies.org:taxname:360323","Pseudeuchaeta major (Wolfenden, 1906)","Species","Animalia","Arthropoda","Copepoda","Calanoida","Aetideidae","Pseudeuchaeta","Calanoid",1,
1871,"Pseudeuchaeta spinata","urn:lsid:marinespecies.org:taxname:355060","Pseudeuchaeta spinata Markhaseva, 1986","Species","Animalia","Arthropoda","Copepoda","Calanoida","Aetideidae","Pseudeuchaeta","Calanoid",1,
1872,"Pseudhaloptilus","urn:lsid:marinespecies.org:taxname:104145","Pseudhaloptilus Wolfenden, 1911","Genus","Animalia","Arthropoda","Copepoda","Calanoida","Augaptilidae","Pseudhaloptilus","Calanoid",1,
1873,"Pseudhaloptilus abbreviatus","urn:lsid:marinespecies.org:taxname:567102","Pseudhaloptilus abbreviatus (Sars G.O., 1905)","Species","Animalia","Arthropoda","Copepoda","Calanoida","Augaptilidae","Pseudhaloptilus","Calanoid",2,28422
1874,"Pseudhaloptilus eurygnathus","urn:lsid:marinespecies.org:taxname:345244","Pseudhaloptilus eurygnathus (Sars G.O., 1920)","Species","Animalia","Arthropoda","Copepoda","Calanoida","Augaptilidae","Pseudhaloptilus","Calanoid",3,28445
1875,"Pseudhaloptilus longimanus","urn:lsid:marinespecies.org:taxname:104451","Pseudhaloptilus longimanus (Wolfenden, 1906)","Species","Animalia","Arthropoda","Copepoda","Calanoida","Augaptilidae","Pseudhaloptilus","Calanoid",1,
1876,"Pseudhaloptilus pacificus","urn:lsid:marinespecies.org:taxname:567103","Pseudhaloptilus pacificus (Johnson, M.W., 1936)","Species","Animalia","Arthropoda","Copepoda","Calanoida","Augaptilidae","Pseudhaloptilus","Calanoid",8,28423
1877,"Pseudoamallothrix","urn:lsid:marinespecies.org:taxname:345245","Pseudoamallothrix Vyshkvartzeva, 2000","Genus","Animalia","Arthropoda","Copepoda","Calanoida","Scolecitrichidae","Pseudoamallothrix","Calanoid",1,
1878,"Pseudoamallothrix birshteini","urn:lsid:marinespecies.org:taxname:361584","Pseudoamallothrix birshteini (Brodsky, 1955)","Species","Animalia","Arthropoda","Copepoda","Calanoida","Scolecitrichidae","Pseudoamallothrix","Calanoid",1,
1879,"Pseudoamallothrix canariensis","urn:lsid:marinespecies.org:taxname:361585","Pseudoamallothrix canariensis (Roe, 1975)","Species","Animalia","Arthropoda","Copepoda","Calanoida","Scolecitrichidae","Pseudoamallothrix","Calanoid",1,
1880,"Pseudoamallothrix cenotelis","urn:lsid:marinespecies.org:taxname:345246","Pseudoamallothrix cenotelis (Park, 1980)","Species","Animalia","Arthropoda","Copepoda","Calanoida","Scolecitrichidae","Pseudoamallothrix","Calanoid",5,
1881,"Pseudoamallothrix emarginata","urn:lsid:marinespecies.org:taxname:345247","Pseudoamallothrix emarginata (Farran, 1905)","Species","Animalia","Arthropoda","Copepoda","Calanoida","Scolecitrichidae","Pseudoamallothrix","Calanoid",4,28415
1882,"Pseudoamallothrix hadrosoma","urn:lsid:marinespecies.org:taxname:345248","Pseudoamallothrix hadrosoma (Park, 1980)","Species","Animalia","Arthropoda","Copepoda","Calanoida","Scolecitrichidae","Pseudoamallothrix","Calanoid",1,
1883,"Pseudoamallothrix incisa","urn:lsid:marinespecies.org:taxname:345249","Pseudoamallothrix incisa (Farran, 1929)","Species","Animalia","Arthropoda","Copepoda","Calanoida","Scolecitrichidae","Pseudoamallothrix","Calanoid",1,
1884,"Pseudoamallothrix indica","urn:lsid:marinespecies.org:taxname:361586","Pseudoamallothrix indica (Sewell, 1929)","Species","Animalia","Arthropoda","Copepoda","Calanoida","Scolecitrichidae","Pseudoamallothrix","Calanoid",2,
1885,"Pseudoamallothrix inornata","urn:lsid:marinespecies.org:taxname:361587","Pseudoamallothrix inornata (Esterly, 1906)","Species","Animalia","Arthropoda","Copepoda","Calanoida","Scolecitrichidae","Pseudoamallothrix","Calanoid",5,28416
1886,"Pseudoamallothrix laminata","urn:lsid:marinespecies.org:taxname:361588","Pseudoamallothrix laminata (Farran, 1926)","Species","Animalia","Arthropoda","Copepoda","Calanoida","Scolecitrichidae","Pseudoamallothrix","Calanoid",3,28419
1887,"Pseudoamallothrix longispina","urn:lsid:marinespecies.org:taxname:361589","Pseudoamallothrix longispina (Schulz, 1991)","Species","Animalia","Arthropoda","Copepoda","Calanoida","Scolecitrichidae","Pseudoamallothrix","Calanoid",2,
1888,"Pseudoamallothrix obtusifrons","urn:lsid:marinespecies.org:taxname:345250","Pseudoamallothrix obtusifrons (Sars G.O., 1905)","Species","Animalia","Arthropoda","Copepoda","Calanoida","Scolecitrichidae","Pseudoamallothrix","Calanoid",3,28420
1889,"Pseudoamallothrix ovata","urn:lsid:marinespecies.org:taxname:345251","Pseudoamallothrix ovata (Farran, 1905)","Species","Animalia","Arthropoda","Copepoda","Calanoida","Scolecitrichidae","Pseudoamallothrix","Calanoid",16,28417
1890,"Pseudoamallothrix paralaminata","urn:lsid:marinespecies.org:taxname:362095","Pseudoamallothrix paralaminata Vyshkvartzeva, 2003","Species","Animalia","Arthropoda","Copepoda","Calanoida","Scolecitrichidae","Pseudoamallothrix","Calanoid",2,
1891,"Pseudoamallothrix profunda","urn:lsid:marinespecies.org:taxname:361590","Pseudoamallothrix profunda (Brodsky, 1950)","Species","Animalia","Arthropoda","Copepoda","Calanoida","Scolecitrichidae","Pseudoamallothrix","Calanoid",4,28418
1892,"Pseudoamallothrix soaresmoreirai","urn:lsid:marinespecies.org:taxname:362096","Pseudoamallothrix soaresmoreirai (Björnberg T.K.S., 1975)","Species","Animalia","Arthropoda","Copepoda","Calanoida","Scolecitrichidae","Pseudoamallothrix","Calanoid",1,
1893,"Pseudocalanus","urn:lsid:marinespecies.org:taxname:104165","Pseudocalanus Boeck, 1872","Genus","Animalia","Arthropoda","Copepoda","Calanoida","Clausocalanidae","Pseudocalanus","Calanoid",281,
1894,"Pseudocalanus acuspes","urn:lsid:marinespecies.org:taxname:104514","Pseudocalanus acuspes (Giesbrecht, 1881)","Species","Animalia","Arthropoda","Copepoda","Calanoida","Clausocalanidae","Pseudocalanus","Calanoid",17,28161
1895,"Pseudocalanus elongatus","urn:lsid:marinespecies.org:taxname:104515","Pseudocalanus elongatus (Brady, 1865)","Species","Animalia","Arthropoda","Copepoda","Calanoida","Clausocalanidae","Pseudocalanus","Calanoid",370,28472
1896,"Pseudocalanus mimus","urn:lsid:marinespecies.org:taxname:355067","Pseudocalanus mimus Frost, 1989","Species","Animalia","Arthropoda","Copepoda","Calanoida","Clausocalanidae","Pseudocalanus","Calanoid",15,28162
1897,"Pseudocalanus minutus","urn:lsid:marinespecies.org:taxname:104517","Pseudocalanus minutus (Krøyer, 1845)","Species","Animalia","Arthropoda","Copepoda","Calanoida","Clausocalanidae","Pseudocalanus","Calanoid",79,28473
1898,"Pseudocalanus moultoni","urn:lsid:marinespecies.org:taxname:157678","Pseudocalanus moultoni Frost, 1989","Species","Animalia","Arthropoda","Copepoda","Calanoida","Clausocalanidae","Pseudocalanus","Calanoid",16,28163
1899,"Pseudocalanus newmani","urn:lsid:marinespecies.org:taxname:157679","Pseudocalanus newmani Frost, 1989","Species","Animalia","Arthropoda","Copepoda","Calanoida","Clausocalanidae","Pseudocalanus","Calanoid",102,27384
1900,"Pseudochirella","urn:lsid:marinespecies.org:taxname:104126","Pseudochirella Sars G.O., 1920","Genus","Animalia","Arthropoda","Copepoda","Calanoida","Aetideidae","Pseudochirella","Calanoid",10,
1901,"Pseudochirella accepta","urn:lsid:marinespecies.org:taxname:355081","Pseudochirella accepta Zvereva, 1976","Species","Animalia","Arthropoda","Copepoda","Calanoida","Aetideidae","Pseudochirella","Calanoid",1,
1902,"Pseudochirella batillipa","urn:lsid:marinespecies.org:taxname:104325","Pseudochirella batillipa Park, 1978","Species","Animalia","Arthropoda","Copepoda","Calanoida","Aetideidae","Pseudochirella","Calanoid",2,170710
1903,"Pseudochirella bilobata","urn:lsid:marinespecies.org:taxname:355082","Pseudochirella bilobata Vervoort, 1949","Species","Animalia","Arthropoda","Copepoda","Calanoida","Aetideidae","Pseudochirella","Calanoid",1,
1904,"Pseudochirella bowmani","urn:lsid:marinespecies.org:taxname:355083","Pseudochirella bowmani Markhaseva, 1986","Species","Animalia","Arthropoda","Copepoda","Calanoida","Aetideidae","Pseudochirella","Calanoid",1,
1905,"Pseudochirella calcarata","urn:lsid:marinespecies.org:taxname:104326","Pseudochirella calcarata Sars G.O., 1920","Species","Animalia","Arthropoda","Copepoda","Calanoida","Aetideidae","Pseudochirella","Calanoid",1,
1906,"Pseudochirella cryptospina","urn:lsid:marinespecies.org:taxname:104327","Pseudochirella cryptospina (Sars G.O., 1905)","Species","Animalia","Arthropoda","Copepoda","Calanoida","Aetideidae","Pseudochirella","Calanoid",3,29357
1907,"Pseudochirella dentata","urn:lsid:marinespecies.org:taxname:360340","Pseudochirella dentata (Scott A., 1909)","Species","Animalia","Arthropoda","Copepoda","Calanoida","Aetideidae","Pseudochirella","Calanoid",1,
1908,"Pseudochirella divaricata","urn:lsid:marinespecies.org:taxname:104328","Pseudochirella divaricata (Sars G.O., 1905)","Species","Animalia","Arthropoda","Copepoda","Calanoida","Aetideidae","Pseudochirella","Calanoid",2,29358
1909,"Pseudochirella dubia","urn:lsid:marinespecies.org:taxname:104329","Pseudochirella dubia (Sars G.O., 1905)","Species","Animalia","Arthropoda","Copepoda","Calanoida","Aetideidae","Pseudochirella","Calanoid",2,
1910,"Pseudochirella formosa","urn:lsid:marinespecies.org:taxname:345266","Pseudochirella formosa Markhaseva, 1989","Species","Animalia","Arthropoda","Copepoda","Calanoida","Aetideidae","Pseudochirella","Calanoid",1,
1911,"Pseudochirella gibbera","urn:lsid:marinespecies.org:taxname:221291","Pseudochirella gibbera Vervoort, 1949","Species","Animalia","Arthropoda","Copepoda","Calanoida","Aetideidae","Pseudochirella","Calanoid",1,
1912,"Pseudochirella hirsuta","urn:lsid:marinespecies.org:taxname:221297","Pseudochirella hirsuta (Wolfenden, 1905)","Species","Animalia","Arthropoda","Copepoda","Calanoida","Aetideidae","Pseudochirella","Calanoid",2,170711
1913,"Pseudochirella limata","urn:lsid:marinespecies.org:taxname:355085","Pseudochirella limata Grice & Hulsemann, 1968","Species","Animalia","Arthropoda","Copepoda","Calanoida","Aetideidae","Pseudochirella","Calanoid",1,
1914,"Pseudochirella lobata","urn:lsid:marinespecies.org:taxname:104331","Pseudochirella lobata (Sars G.O., 1907)","Species","Animalia","Arthropoda","Copepoda","Calanoida","Aetideidae","Pseudochirella","Calanoid",1,
1915,"Pseudochirella major","urn:lsid:marinespecies.org:taxname:104332","Pseudochirella major (Sars G.O., 1907)","Species","Animalia","Arthropoda","Copepoda","Calanoida","Aetideidae","Pseudochirella","Calanoid",2,
1916,"Pseudochirella mariana","urn:lsid:marinespecies.org:taxname:355086","Pseudochirella mariana Markhaseva, 1989","Species","Animalia","Arthropoda","Copepoda","Calanoida","Aetideidae","Pseudochirella","Calanoid",1,
1917,"Pseudochirella mawsoni","urn:lsid:marinespecies.org:taxname:345267","Pseudochirella mawsoni Vervoort, 1957","Species","Animalia","Arthropoda","Copepoda","Calanoida","Aetideidae","Pseudochirella","Calanoid",2,27795
1918,"Pseudochirella notacantha","urn:lsid:marinespecies.org:taxname:104333","Pseudochirella notacantha (Sars G.O., 1905)","Species","Animalia","Arthropoda","Copepoda","Calanoida","Aetideidae","Pseudochirella","Calanoid",3,29356
1919,"Pseudochirella obesa","urn:lsid:marinespecies.org:taxname:104334","Pseudochirella obesa Sars G.O., 1920","Species","Animalia","Arthropoda","Copepoda","Calanoida","Aetideidae","Pseudochirella","Calanoid",2,29352
1920,"Pseudochirella obtusa","urn:lsid:marinespecies.org:taxname:104335","Pseudochirella obtusa (Sars G.O., 1905)","Species","Animalia","Arthropoda","Copepoda","Calanoida","Aetideidae","Pseudochirella","Calanoid",9,29355
1921,"Pseudochirella pacifica","urn:lsid:marinespecies.org:taxname:355087","Pseudochirella pacifica (Brodsky, 1950)","Species","Animalia","Arthropoda","Copepoda","Calanoida","Aetideidae","Pseudochirella","Calanoid",26,29348
1922,"Pseudochirella palliata","urn:lsid:marinespecies.org:taxname:104336","Pseudochirella palliata (Sars G.O., 1907)","Species","Animalia","Arthropoda","Copepoda","Calanoida","Aetideidae","Pseudochirella","Calanoid",1,
1923,"Pseudochirella pustulifera","urn:lsid:marinespecies.org:taxname:104337","Pseudochirella pustulifera (Sars G.O., 1905)","Species","Animalia","Arthropoda","Copepoda","Calanoida","Aetideidae","Pseudochirella","Calanoid",4,29354
1924,"Pseudochirella scopularis","urn:lsid:marinespecies.org:taxname:104338","Pseudochirella scopularis (Sars G.O., 1905)","Species","Animalia","Arthropoda","Copepoda","Calanoida","Aetideidae","Pseudochirella","Calanoid",2,29353
1925,"Pseudochirella semispina","urn:lsid:marinespecies.org:taxname:221293","Pseudochirella semispina Vervoort, 1949","Species","Animalia","Arthropoda","Copepoda","Calanoida","Aetideidae","Pseudochirella","Calanoid",1,
1926,"Pseudochirella spectabilis","urn:lsid:marinespecies.org:taxname:104339","Pseudochirella spectabilis (Sars G.O., 1900)","Species","Animalia","Arthropoda","Copepoda","Calanoida","Aetideidae","Pseudochirella","Calanoid",9,29350
1927,"Pseudochirella spinosa","urn:lsid:marinespecies.org:taxname:345880","Pseudochirella spinosa (Wolfenden, 1905)","Species","Animalia","Arthropoda","Copepoda","Calanoida","Aetideidae","Pseudochirella","Calanoid",1,
1928,"Pseudochirella tanakai","urn:lsid:marinespecies.org:taxname:355089","Pseudochirella tanakai Markhaseva, 1989","Species","Animalia","Arthropoda","Copepoda","Calanoida","Aetideidae","Pseudochirella","Calanoid",2,
1929,"Pseudochirella vervoorti","urn:lsid:marinespecies.org:taxname:355090","Pseudochirella vervoorti Tanaka & Omori, 1969","Species","Animalia","Arthropoda","Copepoda","Calanoida","Aetideidae","Pseudochirella","Calanoid",1,
1930,"Pseudochirella vulgaris","urn:lsid:marinespecies.org:taxname:361295","Pseudochirella vulgaris Markhaseva, 1997","Species","Animalia","Arthropoda","Copepoda","Calanoida","Aetideidae","Pseudochirella","Calanoid",1,
1932,"Pseudocyclopia caudata","urn:lsid:marinespecies.org:taxname:104753","Pseudocyclopia caudata Scott T., 1894","Species","Animalia","Arthropoda","Copepoda","Calanoida","Pseudocyclopiidae","Pseudocyclopia","Calanoid",3,26731
1933,"Pseudocyclopia crassicornis","urn:lsid:marinespecies.org:taxname:104754","Pseudocyclopia crassicornis Scott T., 1892","Species","Animalia","Arthropoda","Copepoda","Calanoida","Pseudocyclopiidae","Pseudocyclopia","Calanoid",5,29739
1934,"Pseudocyclopia giesbrechti","urn:lsid:marinespecies.org:taxname:104755","Pseudocyclopia giesbrechti Wolfenden, 1902","Species","Animalia","Arthropoda","Copepoda","Calanoida","Pseudocyclopiidae","Pseudocyclopia","Calanoid",5,29742
1935,"Pseudocyclopia insignis","urn:lsid:marinespecies.org:taxname:104756","Pseudocyclopia insignis Andronov, 1986","Species","Animalia","Arthropoda","Copepoda","Calanoida","Pseudocyclopiidae","Pseudocyclopia","Calanoid",2,
1936,"Pseudocyclopia minor","urn:lsid:marinespecies.org:taxname:104757","Pseudocyclopia minor Scott T., 1892","Species","Animalia","Arthropoda","Copepoda","Calanoida","Pseudocyclopiidae","Pseudocyclopia","Calanoid",5,29740
1937,"Pseudocyclopidae","urn:lsid:marinespecies.org:taxname:104098","Pseudocyclopidae Giesbrecht, 1893","Family","Animalia","Arthropoda","Copepoda","Calanoida","Pseudocyclopidae",,"Calanoid",2,
1938,"Pseudocyclopiidae","urn:lsid:marinespecies.org:taxname:104099","Pseudocyclopiidae Sars G.O., 1902","Family","Animalia","Arthropoda","Copepoda","Calanoida","Pseudocyclopiidae",,"Calanoid",2,
1939,"Pseudocyclops","urn:lsid:marinespecies.org:taxname:104212","Pseudocyclops Brady, 1872","Genus","Animalia","Arthropoda","Copepoda","Calanoida","Pseudocyclopidae","Pseudocyclops","Calanoid",2,
1940,"Pseudocyclops arguinensis","urn:lsid:marinespecies.org:taxname:104747","Pseudocyclops arguinensis Andronov, 1986","Species","Animalia","Arthropoda","Copepoda","Calanoida","Pseudocyclopidae","Pseudocyclops","Calanoid",2,
1941,"Pseudocyclops australis","urn:lsid:marinespecies.org:taxname:355104","Pseudocyclops australis Nicholls, 1944","Species","Animalia","Arthropoda","Copepoda","Calanoida","Pseudocyclopidae","Pseudocyclops","Calanoid",2,
1942,"Pseudocyclops bahamensis","urn:lsid:marinespecies.org:taxname:355105","Pseudocyclops bahamensis Fosshagen, 1968","Species","Animalia","Arthropoda","Copepoda","Calanoida","Pseudocyclopidae","Pseudocyclops","Calanoid",2,
1943,"Pseudocyclops bilobatus","urn:lsid:marinespecies.org:taxname:355106","Pseudocyclops bilobatus Dawson, 1977","Species","Animalia","Arthropoda","Copepoda","Calanoida","Pseudocyclopidae","Pseudocyclops","Calanoid",2,28277
1944,"Pseudocyclops cokeri","urn:lsid:marinespecies.org:taxname:355107","Pseudocyclops cokeri Bowman & González, 1961","Species","Animalia","Arthropoda","Copepoda","Calanoida","Pseudocyclopidae","Pseudocyclops","Calanoid",2,28278
1945,"Pseudocyclops costanzoi","urn:lsid:marinespecies.org:taxname:362460","Pseudocyclops costanzoi Baviera, Crescenti & Zagami, 2007","Species","Animalia","Arthropoda","Copepoda","Calanoida","Pseudocyclopidae","Pseudocyclops","Calanoid",1,
1946,"Pseudocyclops crassiremis","urn:lsid:marinespecies.org:taxname:104748","Pseudocyclops crassiremis Brady, 1872","Species","Animalia","Arthropoda","Copepoda","Calanoida","Pseudocyclopidae","Pseudocyclops","Calanoid",5,29491
1947,"Pseudocyclops ensiger","urn:lsid:marinespecies.org:taxname:361465","Pseudocyclops ensiger Ohtsuka, Fosshagen & Putchakarn, 1999","Species","Animalia","Arthropoda","Copepoda","Calanoida","Pseudocyclopidae","Pseudocyclops","Calanoid",2,
1948,"Pseudocyclops faroensis","urn:lsid:marinespecies.org:taxname:547487","Pseudocyclops faroensis Brugnano, Celona & Zagami, 2010","Species","Animalia","Arthropoda","Copepoda","Calanoida","Pseudocyclopidae","Pseudocyclops","Calanoid",1,
1949,"Pseudocyclops giussanii","urn:lsid:marinespecies.org:taxname:378322","Pseudocyclops giussanii Zagami, Brugnano & Costanzo, 2008","Species","Animalia","Arthropoda","Copepoda","Calanoida","Pseudocyclopidae","Pseudocyclops","Calanoid",1,
1950,"Pseudocyclops gohari","urn:lsid:marinespecies.org:taxname:359025","Pseudocyclops gohari Noodt, 1958","Species","Animalia","Arthropoda","Copepoda","Calanoida","Pseudocyclopidae","Pseudocyclops","Calanoid",2,
1951,"Pseudocyclops juanibali","urn:lsid:marinespecies.org:taxname:590078","Pseudocyclops juanibali Figueroa, 2011","Species","Animalia","Arthropoda","Copepoda","Calanoida","Pseudocyclopidae","Pseudocyclops","Calanoid",2,
1952,"Pseudocyclops kulai","urn:lsid:marinespecies.org:taxname:355109","Pseudocyclops kulai Othman & Greenwood, 1989","Species","Animalia","Arthropoda","Copepoda","Calanoida","Pseudocyclopidae","Pseudocyclops","Calanoid",2,
1953,"Pseudocyclops lakshmi","urn:lsid:marinespecies.org:taxname:355110","Pseudocyclops lakshmi Haridas, Madhupratap & Ohtsuka, 1994","Species","Animalia","Arthropoda","Copepoda","Calanoida","Pseudocyclopidae","Pseudocyclops","Calanoid",2,
1954,"Pseudocyclops latens","urn:lsid:marinespecies.org:taxname:355111","Pseudocyclops latens Gurney, 1927","Species","Animalia","Arthropoda","Copepoda","Calanoida","Pseudocyclopidae","Pseudocyclops","Calanoid",1,
1955,"Pseudocyclops latisetosus","urn:lsid:marinespecies.org:taxname:359026","Pseudocyclops latisetosus Sewell, 1932","Species","Animalia","Arthropoda","Copepoda","Calanoida","Pseudocyclopidae","Pseudocyclops","Calanoid",1,
1956,"Pseudocyclops lepidotus","urn:lsid:marinespecies.org:taxname:355112","Pseudocyclops lepidotus Barr & Ohtsuka, 1989","Species","Animalia","Arthropoda","Copepoda","Calanoida","Pseudocyclopidae","Pseudocyclops","Calanoid",2,
1957,"Pseudocyclops lerneri","urn:lsid:marinespecies.org:taxname:355113","Pseudocyclops lerneri Fosshagen, 1968","Species","Animalia","Arthropoda","Copepoda","Calanoida","Pseudocyclopidae","Pseudocyclops","Calanoid",2,
1958,"Pseudocyclops magnus","urn:lsid:marinespecies.org:taxname:355114","Pseudocyclops magnus Esterly, 1911","Species","Animalia","Arthropoda","Copepoda","Calanoida","Pseudocyclopidae","Pseudocyclops","Calanoid",2,
1959,"Pseudocyclops mathewsoni","urn:lsid:marinespecies.org:taxname:355115","Pseudocyclops mathewsoni Fosshagen, 1968","Species","Animalia","Arthropoda","Copepoda","Calanoida","Pseudocyclopidae","Pseudocyclops","Calanoid",2,
1960,"Pseudocyclops minutus","urn:lsid:marinespecies.org:taxname:361466","Pseudocyclops minutus Ohtsuka, Fosshagen & Putchakarn, 1999","Species","Animalia","Arthropoda","Copepoda","Calanoida","Pseudocyclopidae","Pseudocyclops","Calanoid",2,
1961,"Pseudocyclops minya","urn:lsid:marinespecies.org:taxname:355116","Pseudocyclops minya Othman & Greenwood, 1989","Species","Animalia","Arthropoda","Copepoda","Calanoida","Pseudocyclopidae","Pseudocyclops","Calanoid",1,
1962,"Pseudocyclops mirus","urn:lsid:marinespecies.org:taxname:104749","Pseudocyclops mirus Andronov, 1986","Species","Animalia","Arthropoda","Copepoda","Calanoida","Pseudocyclopidae","Pseudocyclops","Calanoid",2,
1963,"Pseudocyclops obtusatus obtusatus","urn:lsid:marinespecies.org:taxname:746021","Pseudocyclops obtusatus obtusatus Brady & Robertson, 1873","Species","Animalia","Arthropoda","Copepoda","Calanoida","Pseudocyclopidae","Pseudocyclops","Calanoid",8,
1964,"Pseudocyclops oliveri","urn:lsid:marinespecies.org:taxname:355117","Pseudocyclops oliveri Fosshagen, 1968","Species","Animalia","Arthropoda","Copepoda","Calanoida","Pseudocyclopidae","Pseudocyclops","Calanoid",1,
1965,"Pseudocyclops ornaticaudata","urn:lsid:marinespecies.org:taxname:361464","Pseudocyclops ornaticaudata Ohtsuka, Fosshagen & Putchakarn, 1999","Species","Animalia","Arthropoda","Copepoda","Calanoida","Pseudocyclopidae","Pseudocyclops","Calanoid",2,
1966,"Pseudocyclops pacificus","urn:lsid:marinespecies.org:taxname:355118","Pseudocyclops pacificus Vervoort, 1964","Species","Animalia","Arthropoda","Copepoda","Calanoida","Pseudocyclopidae","Pseudocyclops","Calanoid",1,
1967,"Pseudocyclops paulus","urn:lsid:marinespecies.org:taxname:355119","Pseudocyclops paulus Bowman & González, 1961","Species","Animalia","Arthropoda","Copepoda","Calanoida","Pseudocyclopidae","Pseudocyclops","Calanoid",2,
1968,"Pseudocyclops pumilis","urn:lsid:marinespecies.org:taxname:104751","Pseudocyclops pumilis Andronov, 1986","Species","Animalia","Arthropoda","Copepoda","Calanoida","Pseudocyclopidae","Pseudocyclops","Calanoid",2,
1969,"Pseudocyclops reductus","urn:lsid:marinespecies.org:taxname:220652","Pseudocyclops reductus Nicholls, 1944","Species","Animalia","Arthropoda","Copepoda","Calanoida","Pseudocyclopidae","Pseudocyclops","Calanoid",1,
1970,"Pseudocyclops rostratus","urn:lsid:marinespecies.org:taxname:355120","Pseudocyclops rostratus Bowman & González, 1961","Species","Animalia","Arthropoda","Copepoda","Calanoida","Pseudocyclopidae","Pseudocyclops","Calanoid",2,28279
1971,"Pseudocyclops rubrocinctus","urn:lsid:marinespecies.org:taxname:355121","Pseudocyclops rubrocinctus Bowman & González, 1961","Species","Animalia","Arthropoda","Copepoda","Calanoida","Pseudocyclopidae","Pseudocyclops","Calanoid",2,28280
1972,"Pseudocyclops saenzi","urn:lsid:marinespecies.org:taxname:590079","Pseudocyclops saenzi Figueroa, 2011","Species","Animalia","Arthropoda","Copepoda","Calanoida","Pseudocyclopidae","Pseudocyclops","Calanoid",2,
1973,"Pseudocyclops schminkei","urn:lsid:marinespecies.org:taxname:417012","Pseudocyclops schminkei Chullasorn, Ferrari & Dahms, 2009","Species","Animalia","Arthropoda","Copepoda","Calanoida","Pseudocyclopidae","Pseudocyclops","Calanoid",2,
1974,"Pseudocyclops simplex","urn:lsid:marinespecies.org:taxname:355122","Pseudocyclops simplex Sewell, 1932","Species","Animalia","Arthropoda","Copepoda","Calanoida","Pseudocyclopidae","Pseudocyclops","Calanoid",2,
1975,"Pseudocyclops spinulosus","urn:lsid:marinespecies.org:taxname:355123","Pseudocyclops spinulosus Fosshagen, 1968","Species","Animalia","Arthropoda","Copepoda","Calanoida","Pseudocyclopidae","Pseudocyclops","Calanoid",1,
1976,"Pseudocyclops steinitzi","urn:lsid:marinespecies.org:taxname:355124","Pseudocyclops steinitzi Por, 1968","Species","Animalia","Arthropoda","Copepoda","Calanoida","Pseudocyclopidae","Pseudocyclops","Calanoid",2,
1977,"Pseudocyclops umbraticus","urn:lsid:marinespecies.org:taxname:104752","Pseudocyclops umbraticus Giesbrecht, 1893","Species","Animalia","Arthropoda","Copepoda","Calanoida","Pseudocyclopidae","Pseudocyclops","Calanoid",2,
1978,"Pseudocyclops xiphophorus","urn:lsid:marinespecies.org:taxname:220651","Pseudocyclops xiphophorus Wells, 1967","Species","Animalia","Arthropoda","Copepoda","Calanoida","Pseudocyclopidae","Pseudocyclops","Calanoid",2,
1979,"Pseudodiaptomidae","urn:lsid:marinespecies.org:taxname:104100","Pseudodiaptomidae Sars G.O., 1902","Family","Animalia","Arthropoda","Copepoda","Calanoida","Pseudodiaptomidae",,"Calanoid",2,
1980,"Pseudodiaptomus","urn:lsid:marinespecies.org:taxname:157680","Pseudodiaptomus Herrick, 1884","Genus","Animalia","Arthropoda","Copepoda","Calanoida","Pseudodiaptomidae","Pseudodiaptomus","Calanoid",3,
1981,"Pseudodiaptomus acutus","urn:lsid:marinespecies.org:taxname:355129","Pseudodiaptomus acutus (Dahl F., 1894)","Species","Animalia","Arthropoda","Copepoda","Calanoida","Pseudodiaptomidae","Pseudodiaptomus","Calanoid",6,
1982,"Pseudodiaptomus andamanensis","urn:lsid:marinespecies.org:taxname:355130","Pseudodiaptomus andamanensis Pillai P.P., 1980","Species","Animalia","Arthropoda","Copepoda","Calanoida","Pseudodiaptomidae","Pseudodiaptomus","Calanoid",2,
1983,"Pseudodiaptomus annandalei","urn:lsid:marinespecies.org:taxname:355131","Pseudodiaptomus annandalei Sewell, 1919","Species","Animalia","Arthropoda","Copepoda","Calanoida","Pseudodiaptomidae","Pseudodiaptomus","Calanoid",2,141777
1984,"Pseudodiaptomus arabicus","urn:lsid:marinespecies.org:taxname:361222","Pseudodiaptomus arabicus Walter, 1998","Species","Animalia","Arthropoda","Copepoda","Calanoida","Pseudodiaptomidae","Pseudodiaptomus","Calanoid",2,173861
1985,"Pseudodiaptomus ardjuna","urn:lsid:marinespecies.org:taxname:355132","Pseudodiaptomus ardjuna Brehm, 1953","Species","Animalia","Arthropoda","Copepoda","Calanoida","Pseudodiaptomidae","Pseudodiaptomus","Calanoid",2,166726
1986,"Pseudodiaptomus aurivillii","urn:lsid:marinespecies.org:taxname:220947","Pseudodiaptomus aurivillii Cleve, 1901","Species","Animalia","Arthropoda","Copepoda","Calanoida","Pseudodiaptomidae","Pseudodiaptomus","Calanoid",2,
1987,"Pseudodiaptomus australiensis","urn:lsid:marinespecies.org:taxname:355133","Pseudodiaptomus australiensis Walter, 1987","Species","Animalia","Arthropoda","Copepoda","Calanoida","Pseudodiaptomidae","Pseudodiaptomus","Calanoid",2,
1988,"Pseudodiaptomus baylyi","urn:lsid:marinespecies.org:taxname:355135","Pseudodiaptomus baylyi Walter, 1984","Species","Animalia","Arthropoda","Copepoda","Calanoida","Pseudodiaptomidae","Pseudodiaptomus","Calanoid",4,
1989,"Pseudodiaptomus binghami","urn:lsid:marinespecies.org:taxname:355136","Pseudodiaptomus binghami Sewell, 1912","Species","Animalia","Arthropoda","Copepoda","Calanoida","Pseudodiaptomidae","Pseudodiaptomus","Calanoid",2,
1990,"Pseudodiaptomus bispinosus","urn:lsid:marinespecies.org:taxname:355137","Pseudodiaptomus bispinosus Walter, 1984","Species","Animalia","Arthropoda","Copepoda","Calanoida","Pseudodiaptomidae","Pseudodiaptomus","Calanoid",2,141773
1991,"Pseudodiaptomus bowmani","urn:lsid:marinespecies.org:taxname:355138","Pseudodiaptomus bowmani Walter, 1984","Species","Animalia","Arthropoda","Copepoda","Calanoida","Pseudodiaptomidae","Pseudodiaptomus","Calanoid",2,
1992,"Pseudodiaptomus bulbiferus","urn:lsid:marinespecies.org:taxname:355140","Pseudodiaptomus bulbiferus (Rose, 1957)","Species","Animalia","Arthropoda","Copepoda","Calanoida","Pseudodiaptomidae","Pseudodiaptomus","Calanoid",1,
1993,"Pseudodiaptomus burckhardti","urn:lsid:marinespecies.org:taxname:355142","Pseudodiaptomus burckhardti Sewell, 1932","Species","Animalia","Arthropoda","Copepoda","Calanoida","Pseudodiaptomidae","Pseudodiaptomus","Calanoid",2,
1994,"Pseudodiaptomus caritus","urn:lsid:marinespecies.org:taxname:355143","Pseudodiaptomus caritus Walter, 1986","Species","Animalia","Arthropoda","Copepoda","Calanoida","Pseudodiaptomidae","Pseudodiaptomus","Calanoid",2,
1995,"Pseudodiaptomus clevei","urn:lsid:marinespecies.org:taxname:355144","Pseudodiaptomus clevei Scott A., 1909","Species","Animalia","Arthropoda","Copepoda","Calanoida","Pseudodiaptomidae","Pseudodiaptomus","Calanoid",2,141779
1996,"Pseudodiaptomus cokeri","urn:lsid:marinespecies.org:taxname:355145","Pseudodiaptomus cokeri González & Bowman, 1965","Species","Animalia","Arthropoda","Copepoda","Calanoida","Pseudodiaptomidae","Pseudodiaptomus","Calanoid",2,
1997,"Pseudodiaptomus colefaxi","urn:lsid:marinespecies.org:taxname:355146","Pseudodiaptomus colefaxi Bayly, 1966","Species","Animalia","Arthropoda","Copepoda","Calanoida","Pseudodiaptomidae","Pseudodiaptomus","Calanoid",4,
1998,"Pseudodiaptomus compactus","urn:lsid:marinespecies.org:taxname:355147","Pseudodiaptomus compactus Walter, 1984","Species","Animalia","Arthropoda","Copepoda","Calanoida","Pseudodiaptomidae","Pseudodiaptomus","Calanoid",1,
1999,"Pseudodiaptomus cornutus","urn:lsid:marinespecies.org:taxname:355148","Pseudodiaptomus cornutus Nicholls, 1944","Species","Animalia","Arthropoda","Copepoda","Calanoida","Pseudodiaptomidae","Pseudodiaptomus","Calanoid",4,
2000,"Pseudodiaptomus cristobalensis","urn:lsid:marinespecies.org:taxname:355149","Pseudodiaptomus cristobalensis Marsh, 1913","Species","Animalia","Arthropoda","Copepoda","Calanoida","Pseudodiaptomidae","Pseudodiaptomus","Calanoid",1,
2001,"Pseudodiaptomus culebrensis","urn:lsid:marinespecies.org:taxname:355150","Pseudodiaptomus culebrensis Marsh, 1913","Species","Animalia","Arthropoda","Copepoda","Calanoida","Pseudodiaptomidae","Pseudodiaptomus","Calanoid",2,
2002,"Pseudodiaptomus dauglishi","urn:lsid:marinespecies.org:taxname:355151","Pseudodiaptomus dauglishi Sewell, 1932","Species","Animalia","Arthropoda","Copepoda","Calanoida","Pseudodiaptomidae","Pseudodiaptomus","Calanoid",2,
2003,"Pseudodiaptomus diadelus","urn:lsid:marinespecies.org:taxname:360351","Pseudodiaptomus diadelus Walter, 1986","Species","Animalia","Arthropoda","Copepoda","Calanoida","Pseudodiaptomidae","Pseudodiaptomus","Calanoid",2,
2004,"Pseudodiaptomus euryhalinus","urn:lsid:marinespecies.org:taxname:355152","Pseudodiaptomus euryhalinus Johnson M.W., 1939","Species","Animalia","Arthropoda","Copepoda","Calanoida","Pseudodiaptomidae","Pseudodiaptomus","Calanoid",2,28963
2005,"Pseudodiaptomus forbesi","urn:lsid:marinespecies.org:taxname:355153","Pseudodiaptomus forbesi (Poppe & Richard, 1890)","Species","Animalia","Arthropoda","Copepoda","Calanoida","Pseudodiaptomidae","Pseudodiaptomus","Calanoid",2,28132
2006,"Pseudodiaptomus galapagensis","urn:lsid:marinespecies.org:taxname:355154","Pseudodiaptomus galapagensis Grice, 1964","Species","Animalia","Arthropoda","Copepoda","Calanoida","Pseudodiaptomidae","Pseudodiaptomus","Calanoid",2,
2007,"Pseudodiaptomus galleti","urn:lsid:marinespecies.org:taxname:355155","Pseudodiaptomus galleti (Rose, 1957)","Species","Animalia","Arthropoda","Copepoda","Calanoida","Pseudodiaptomidae","Pseudodiaptomus","Calanoid",2,
2008,"Pseudodiaptomus gracilis","urn:lsid:marinespecies.org:taxname:355156","Pseudodiaptomus gracilis (Dahl F., 1894)","Species","Animalia","Arthropoda","Copepoda","Calanoida","Pseudodiaptomidae","Pseudodiaptomus","Calanoid",2,
2009,"Pseudodiaptomus griggae","urn:lsid:marinespecies.org:taxname:355157","Pseudodiaptomus griggae Walter, 1987","Species","Animalia","Arthropoda","Copepoda","Calanoida","Pseudodiaptomidae","Pseudodiaptomus","Calanoid",2,
2010,"Pseudodiaptomus hessei","urn:lsid:marinespecies.org:taxname:355158","Pseudodiaptomus hessei (Mrázek, 1894)","Species","Animalia","Arthropoda","Copepoda","Calanoida","Pseudodiaptomidae","Pseudodiaptomus","Calanoid",19,
2011,"Pseudodiaptomus hickmani","urn:lsid:marinespecies.org:taxname:355160","Pseudodiaptomus hickmani Sewell, 1912","Species","Animalia","Arthropoda","Copepoda","Calanoida","Pseudodiaptomidae","Pseudodiaptomus","Calanoid",2,
2012,"Pseudodiaptomus hypersalinus","urn:lsid:marinespecies.org:taxname:355161","Pseudodiaptomus hypersalinus Walter, 1987","Species","Animalia","Arthropoda","Copepoda","Calanoida","Pseudodiaptomidae","Pseudodiaptomus","Calanoid",2,
2013,"Pseudodiaptomus incisus","urn:lsid:marinespecies.org:taxname:355162","Pseudodiaptomus incisus Shen & Lee, 1963","Species","Animalia","Arthropoda","Copepoda","Calanoida","Pseudodiaptomidae","Pseudodiaptomus","Calanoid",2,
2014,"Pseudodiaptomus inflexus","urn:lsid:marinespecies.org:taxname:355164","Pseudodiaptomus inflexus Walter, 1987","Species","Animalia","Arthropoda","Copepoda","Calanoida","Pseudodiaptomidae","Pseudodiaptomus","Calanoid",2,
2015,"Pseudodiaptomus inopinus","urn:lsid:marinespecies.org:taxname:361260","Pseudodiaptomus inopinus Burckhardt, 1913","Species","Animalia","Arthropoda","Copepoda","Calanoida","Pseudodiaptomidae","Pseudodiaptomus","Calanoid",2,27708
2016,"Pseudodiaptomus ishigakiensis","urn:lsid:marinespecies.org:taxname:355165","Pseudodiaptomus ishigakiensis Nishida, 1985","Species","Animalia","Arthropoda","Copepoda","Calanoida","Pseudodiaptomidae","Pseudodiaptomus","Calanoid",2,
2017,"Pseudodiaptomus japonicus","urn:lsid:marinespecies.org:taxname:365235","Pseudodiaptomus japonicus Kikuchi K., 1928","Species","Animalia","Arthropoda","Copepoda","Calanoida","Pseudodiaptomidae","Pseudodiaptomus","Calanoid",2,
2018,"Pseudodiaptomus jonesi","urn:lsid:marinespecies.org:taxname:355166","Pseudodiaptomus jonesi Pillai P.P., 1970","Species","Animalia","Arthropoda","Copepoda","Calanoida","Pseudodiaptomidae","Pseudodiaptomus","Calanoid",2,
2019,"Pseudodiaptomus lobipes","urn:lsid:marinespecies.org:taxname:355167","Pseudodiaptomus lobipes Gurney, 1907","Species","Animalia","Arthropoda","Copepoda","Calanoida","Pseudodiaptomidae","Pseudodiaptomus","Calanoid",2,
2020,"Pseudodiaptomus longispinosus","urn:lsid:marinespecies.org:taxname:355168","Pseudodiaptomus longispinosus Walter, 1989","Species","Animalia","Arthropoda","Copepoda","Calanoida","Pseudodiaptomidae","Pseudodiaptomus","Calanoid",2,
2021,"Pseudodiaptomus malayalus","urn:lsid:marinespecies.org:taxname:355169","Pseudodiaptomus malayalus Wellershaus, 1969","Species","Animalia","Arthropoda","Copepoda","Calanoida","Pseudodiaptomidae","Pseudodiaptomus","Calanoid",2,
2022,"Pseudodiaptomus marinus","urn:lsid:marinespecies.org:taxname:360352","Pseudodiaptomus marinus Sato, 1913","Species","Animalia","Arthropoda","Copepoda","Calanoida","Pseudodiaptomidae","Pseudodiaptomus","Calanoid",156,27729
2023,"Pseudodiaptomus marshi","urn:lsid:marinespecies.org:taxname:355170","Pseudodiaptomus marshi Wright S., 1936","Species","Animalia","Arthropoda","Copepoda","Calanoida","Pseudodiaptomidae","Pseudodiaptomus","Calanoid",2,
2024,"Pseudodiaptomus masoni","urn:lsid:marinespecies.org:taxname:355171","Pseudodiaptomus masoni Sewell, 1932","Species","Animalia","Arthropoda","Copepoda","Calanoida","Pseudodiaptomidae","Pseudodiaptomus","Calanoid",1,
2025,"Pseudodiaptomus mertoni","urn:lsid:marinespecies.org:taxname:355172","Pseudodiaptomus mertoni Früchtl, 1924","Species","Animalia","Arthropoda","Copepoda","Calanoida","Pseudodiaptomidae","Pseudodiaptomus","Calanoid",4,
2026,"Pseudodiaptomus mixtus","urn:lsid:marinespecies.org:taxname:355173","Pseudodiaptomus mixtus Walter, 1994","Species","Animalia","Arthropoda","Copepoda","Calanoida","Pseudodiaptomidae","Pseudodiaptomus","Calanoid",2,
2027,"Pseudodiaptomus nankauriensis","urn:lsid:marinespecies.org:taxname:355174","Pseudodiaptomus nankauriensis Roy, 1977","Species","Animalia","Arthropoda","Copepoda","Calanoida","Pseudodiaptomidae","Pseudodiaptomus","Calanoid",1,
2028,"Pseudodiaptomus nansei","urn:lsid:marinespecies.org:taxname:528690","Pseudodiaptomus nansei Sakaguchi & Ueda, 2010","Species","Animalia","Arthropoda","Copepoda","Calanoida","Pseudodiaptomidae","Pseudodiaptomus","Calanoid",2,
2029,"Pseudodiaptomus nihonkaiensis","urn:lsid:marinespecies.org:taxname:355175","Pseudodiaptomus nihonkaiensis Hirakawa, 1983","Species","Animalia","Arthropoda","Copepoda","Calanoida","Pseudodiaptomidae","Pseudodiaptomus","Calanoid",2,
2030,"Pseudodiaptomus occidentalus","urn:lsid:marinespecies.org:taxname:355176","Pseudodiaptomus occidentalus Walter, 1987","Species","Animalia","Arthropoda","Copepoda","Calanoida","Pseudodiaptomidae","Pseudodiaptomus","Calanoid",2,
2031,"Pseudodiaptomus ornatus","urn:lsid:marinespecies.org:taxname:355177","Pseudodiaptomus ornatus (Rose, 1957)","Species","Animalia","Arthropoda","Copepoda","Calanoida","Pseudodiaptomidae","Pseudodiaptomus","Calanoid",2,
2032,"Pseudodiaptomus pacificus","urn:lsid:marinespecies.org:taxname:355178","Pseudodiaptomus pacificus Walter, 1986","Species","Animalia","Arthropoda","Copepoda","Calanoida","Pseudodiaptomidae","Pseudodiaptomus","Calanoid",2,
2033,"Pseudodiaptomus panamensis","urn:lsid:marinespecies.org:taxname:355179","Pseudodiaptomus panamensis Walter, 1989","Species","Animalia","Arthropoda","Copepoda","Calanoida","Pseudodiaptomidae","Pseudodiaptomus","Calanoid",2,
2034,"Pseudodiaptomus pankajus","urn:lsid:marinespecies.org:taxname:355180","Pseudodiaptomus pankajus Madhupratap & Haridas, 1992","Species","Animalia","Arthropoda","Copepoda","Calanoida","Pseudodiaptomidae","Pseudodiaptomus","Calanoid",2,
2035,"Pseudodiaptomus pelagicus","urn:lsid:marinespecies.org:taxname:355182","Pseudodiaptomus pelagicus Herrick, 1884","Species","Animalia","Arthropoda","Copepoda","Calanoida","Pseudodiaptomidae","Pseudodiaptomus","Calanoid",3,28964
2036,"Pseudodiaptomus philippinensis","urn:lsid:marinespecies.org:taxname:355183","Pseudodiaptomus philippinensis Walter, 1986","Species","Animalia","Arthropoda","Copepoda","Calanoida","Pseudodiaptomidae","Pseudodiaptomus","Calanoid",2,
2037,"Pseudodiaptomus poplesia","urn:lsid:marinespecies.org:taxname:355184","Pseudodiaptomus poplesia (Shen, 1955)","Species","Animalia","Arthropoda","Copepoda","Calanoida","Pseudodiaptomidae","Pseudodiaptomus","Calanoid",2,80280
2038,"Pseudodiaptomus richardi","urn:lsid:marinespecies.org:taxname:355186","Pseudodiaptomus richardi (Dahl F., 1894)","Species","Animalia","Arthropoda","Copepoda","Calanoida","Pseudodiaptomidae","Pseudodiaptomus","Calanoid",2,
2039,"Pseudodiaptomus salinus","urn:lsid:marinespecies.org:taxname:232031","Pseudodiaptomus salinus (Giesbrecht, 1896)","Species","Animalia","Arthropoda","Copepoda","Calanoida","Pseudodiaptomidae","Pseudodiaptomus","Calanoid",2,
2040,"Pseudodiaptomus serricaudatus","urn:lsid:marinespecies.org:taxname:355187","Pseudodiaptomus serricaudatus (Scott T., 1894)","Species","Animalia","Arthropoda","Copepoda","Calanoida","Pseudodiaptomidae","Pseudodiaptomus","Calanoid",2,173862
2041,"Pseudodiaptomus sewelli","urn:lsid:marinespecies.org:taxname:355188","Pseudodiaptomus sewelli Walter, 1984","Species","Animalia","Arthropoda","Copepoda","Calanoida","Pseudodiaptomidae","Pseudodiaptomus","Calanoid",2,
2042,"Pseudodiaptomus siamensis","urn:lsid:marinespecies.org:taxname:742697","Pseudodiaptomus siamensis Srinui, Nishida & Ohtsuka, 2013","Species","Animalia","Arthropoda","Copepoda","Calanoida","Pseudodiaptomidae","Pseudodiaptomus","Calanoid",2,
2043,"Pseudodiaptomus stuhlmanni","urn:lsid:marinespecies.org:taxname:355191","Pseudodiaptomus stuhlmanni (Poppe & Mrázek, 1895)","Species","Animalia","Arthropoda","Copepoda","Calanoida","Pseudodiaptomidae","Pseudodiaptomus","Calanoid",2,
2044,"Pseudodiaptomus sulawesiensis","urn:lsid:marinespecies.org:taxname:362153","Pseudodiaptomus sulawesiensis Nishida & Rumengan, 2005","Species","Animalia","Arthropoda","Copepoda","Calanoida","Pseudodiaptomidae","Pseudodiaptomus","Calanoid",2,
2045,"Pseudodiaptomus terazakii","urn:lsid:marinespecies.org:taxname:362333","Pseudodiaptomus terazakii Walter, Ohtsuka & Castillo, 2006","Species","Animalia","Arthropoda","Copepoda","Calanoida","Pseudodiaptomidae","Pseudodiaptomus","Calanoid",2,141783
2046,"Pseudodiaptomus tollingerae","urn:lsid:marinespecies.org:taxname:355192","Pseudodiaptomus tollingerae Sewell, 1919","Species","Animalia","Arthropoda","Copepoda","Calanoida","Pseudodiaptomidae","Pseudodiaptomus","Calanoid",2,
2047,"Pseudodiaptomus trihamatus","urn:lsid:marinespecies.org:taxname:355193","Pseudodiaptomus trihamatus Wright S., 1937","Species","Animalia","Arthropoda","Copepoda","Calanoida","Pseudodiaptomidae","Pseudodiaptomus","Calanoid",2,141781
2048,"Pseudodiaptomus trispinosus","urn:lsid:marinespecies.org:taxname:355194","Pseudodiaptomus trispinosus Walter, 1986","Species","Animalia","Arthropoda","Copepoda","Calanoida","Pseudodiaptomidae","Pseudodiaptomus","Calanoid",1,
2049,"Pseudodiaptomus wrighti","urn:lsid:marinespecies.org:taxname:355195","Pseudodiaptomus wrighti Johnson M.W., 1964","Species","Animalia","Arthropoda","Copepoda","Calanoida","Pseudodiaptomidae","Pseudodiaptomus","Calanoid",2,28961
2051,"Pseudophaenna typica","urn:lsid:marinespecies.org:taxname:104887","Pseudophaenna typica Sars G.O., 1902","Species","Animalia","Arthropoda","Copepoda","Calanoida","Scolecitrichidae","Pseudophaenna","Calanoid",6,29419
2053,"Pseudotharybis brevispinus","urn:lsid:marinespecies.org:taxname:360365","Pseudotharybis brevispinus (Bradford, 1969)","Species","Animalia","Arthropoda","Copepoda","Calanoida","Aetideidae","Pseudotharybis","Calanoid",1,
2054,"Pseudotharybis dentatus","urn:lsid:marinespecies.org:taxname:360366","Pseudotharybis dentatus (Bradford, 1969)","Species","Animalia","Arthropoda","Copepoda","Calanoida","Aetideidae","Pseudotharybis","Calanoid",1,
2055,"Pseudotharybis magnus","urn:lsid:marinespecies.org:taxname:826493","Pseudotharybis magnus (Grice & Hulsemann, 1970)","Species","Animalia","Arthropoda","Copepoda","Calanoida","Aetideidae","Pseudotharybis","Calanoid",1,
2056,"Pseudotharybis polaris","urn:lsid:marinespecies.org:taxname:395362","Pseudotharybis polaris Markhaseva & Schulz, 2008","Species","Animalia","Arthropoda","Copepoda","Calanoida","Aetideidae","Pseudotharybis","Calanoid",1,
2057,"Pseudotharybis robustus","urn:lsid:marinespecies.org:taxname:360367","Pseudotharybis robustus (Bradford, 1969)","Species","Animalia","Arthropoda","Copepoda","Calanoida","Aetideidae","Pseudotharybis","Calanoid",2,
2058,"Pseudotharybis zetlandicus","urn:lsid:marinespecies.org:taxname:104340","Pseudotharybis zetlandicus Scott T., 1909","Species","Animalia","Arthropoda","Copepoda","Calanoida","Aetideidae","Pseudotharybis","Calanoid",1,
2060,"Pteriacartia josephinae","urn:lsid:marinespecies.org:taxname:104266","Pteriacartia josephinae (Crisafi, 1974)","Species","Animalia","Arthropoda","Copepoda","Calanoida","Acartiidae","Pteriacartia","Calanoid",2,
2062,"Pterochirella tuerkayi","urn:lsid:marinespecies.org:taxname:355257","Pterochirella tuerkayi Schulz, 1990","Species","Animalia","Arthropoda","Copepoda","Calanoida","Aetideidae","Pterochirella","Calanoid",1,
2064,"Puchinia obtusa","urn:lsid:marinespecies.org:taxname:355267","Puchinia obtusa Vyshkvartzeva, 1989","Species","Animalia","Arthropoda","Copepoda","Calanoida","Scolecitrichidae","Puchinia","Calanoid",1,
2065,"Racovitzanus","urn:lsid:marinespecies.org:taxname:104227","Racovitzanus Giesbrecht, 1902","Genus","Animalia","Arthropoda","Copepoda","Calanoida","Scolecitrichidae","Racovitzanus","Calanoid",1,
2066,"Racovitzanus antarcticus","urn:lsid:marinespecies.org:taxname:104784","Racovitzanus antarcticus Giesbrecht, 1902","Species","Animalia","Arthropoda","Copepoda","Calanoida","Scolecitrichidae","Racovitzanus","Calanoid",15,29439
2067,"Racovitzanus levis","urn:lsid:marinespecies.org:taxname:104785","Racovitzanus levis Tanaka, 1961","Species","Animalia","Arthropoda","Copepoda","Calanoida","Scolecitrichidae","Racovitzanus","Calanoid",2,29443
2068,"Racovitzanus pacificus","urn:lsid:marinespecies.org:taxname:360391","Racovitzanus pacificus (Esterly, 1905)","Species","Animalia","Arthropoda","Copepoda","Calanoida","Scolecitrichidae","Racovitzanus","Calanoid",1,29441
2069,"Racovitzanus porrectus","urn:lsid:marinespecies.org:taxname:220869","Racovitzanus porrectus (Giesbrecht, 1888)","Species","Animalia","Arthropoda","Copepoda","Calanoida","Scolecitrichidae","Racovitzanus","Calanoid",1,
2071,"Ranthaxus vermifiormis","urn:lsid:marinespecies.org:taxname:492768","Ranthaxus vermifiormis Markhaseva & Schulz, 2010","Species","Animalia","Arthropoda","Copepoda","Calanoida","Diaixidae","Ranthaxus","Calanoid",1,
2073,"Rhapidophorus wilsoni","urn:lsid:marinespecies.org:taxname:361261","Rhapidophorus wilsoni Edwards, 1891","Species","Animalia","Arthropoda","Copepoda","Calanoida","Arietellidae","Rhapidophorus","Calanoid",1,
2074,"Rhincalanidae","urn:lsid:marinespecies.org:taxname:345271","Rhincalanidae Geletin, 1976","Family","Animalia","Arthropoda","Copepoda","Calanoida","Rhincalanidae",,"Calanoid",2,
2075,"Rhincalanus","urn:lsid:marinespecies.org:taxname:104172","Rhincalanus Dana, 1852-1853","Genus","Animalia","Arthropoda","Copepoda","Calanoida","Rhincalanidae","Rhincalanus","Calanoid",2,
2076,"Rhincalanus cornutus cornutus","urn:lsid:marinespecies.org:taxname:1488083","Rhincalanus cornutus cornutus (Dana, 1849)","Subspecies","Animalia","Arthropoda","Copepoda","Calanoida","Rhincalanidae","Rhincalanus","Calanoid",84,
2077,"Rhincalanus gigas","urn:lsid:marinespecies.org:taxname:220837","Rhincalanus gigas Brady, 1883","Species","Animalia","Arthropoda","Copepoda","Calanoida","Rhincalanidae","Rhincalanus","Calanoid",154,27810
2078,"Rhincalanus nasutus","urn:lsid:marinespecies.org:taxname:104543","Rhincalanus nasutus Giesbrecht, 1888","Species","Animalia","Arthropoda","Copepoda","Calanoida","Rhincalanidae","Rhincalanus","Calanoid",84,28461
2079,"Rhincalanus rostrifrons","urn:lsid:marinespecies.org:taxname:356829","Rhincalanus rostrifrons (Dana, 1849)","Species","Animalia","Arthropoda","Copepoda","Calanoida","Rhincalanidae","Rhincalanus","Calanoid",6,80326
2081,"Rhinomaxillaris bathybia","urn:lsid:marinespecies.org:taxname:214452","Rhinomaxillaris bathybia Grice & Hulsemann, 1967","Species","Animalia","Arthropoda","Copepoda","Calanoida","Spinocalanidae","Rhinomaxillaris","Calanoid",1,
2082,"Ridgewayia","urn:lsid:marinespecies.org:taxname:104218","Ridgewayia Thompson I.C. & Scott A., 1903","Genus","Animalia","Arthropoda","Copepoda","Calanoida","Pseudocyclopidae","Ridgewayia","Calanoid",2,
2083,"Ridgewayia boxshalli","urn:lsid:marinespecies.org:taxname:361237","Ridgewayia boxshalli Barthélémy, Ohtsuka & Cuoc, 1998","Species","Animalia","Arthropoda","Copepoda","Calanoida","Pseudocyclopidae","Ridgewayia","Calanoid",2,
2084,"Ridgewayia delfine","urn:lsid:marinespecies.org:taxname:362453","Ridgewayia delfine Figueroa & Hoefel, 2008","Species","Animalia","Arthropoda","Copepoda","Calanoida","Pseudocyclopidae","Ridgewayia","Calanoid",2,
2085,"Ridgewayia flemingeri","urn:lsid:marinespecies.org:taxname:355326","Ridgewayia flemingeri Othman & Greenwood, 1988","Species","Animalia","Arthropoda","Copepoda","Calanoida","Pseudocyclopidae","Ridgewayia","Calanoid",1,
2086,"Ridgewayia fosshageni","urn:lsid:marinespecies.org:taxname:355327","Ridgewayia fosshageni Humes & Smith W.L., 1974","Species","Animalia","Arthropoda","Copepoda","Calanoida","Pseudocyclopidae","Ridgewayia","Calanoid",2,
2087,"Ridgewayia gracilis","urn:lsid:marinespecies.org:taxname:355328","Ridgewayia gracilis Wilson M.S., 1958","Species","Animalia","Arthropoda","Copepoda","Calanoida","Pseudocyclopidae","Ridgewayia","Calanoid",2,28281
2088,"Ridgewayia klausruetzleri","urn:lsid:marinespecies.org:taxname:359666","Ridgewayia klausruetzleri Ferrari F.D., 1995","Species","Animalia","Arthropoda","Copepoda","Calanoida","Pseudocyclopidae","Ridgewayia","Calanoid",2,141804
2089,"Ridgewayia krishnaswamyi","urn:lsid:marinespecies.org:taxname:355329","Ridgewayia krishnaswamyi Ummerkutty, 1963","Species","Animalia","Arthropoda","Copepoda","Calanoida","Pseudocyclopidae","Ridgewayia","Calanoid",1,
2090,"Ridgewayia marki","urn:lsid:marinespecies.org:taxname:237962","Ridgewayia marki (Esterly, 1911)","Species","Animalia","Arthropoda","Copepoda","Calanoida","Pseudocyclopidae","Ridgewayia","Calanoid",2,
2091,"Ridgewayia shoemakeri","urn:lsid:marinespecies.org:taxname:355330","Ridgewayia shoemakeri Wilson M.S., 1958","Species","Animalia","Arthropoda","Copepoda","Calanoida","Pseudocyclopidae","Ridgewayia","Calanoid",2,28282
2092,"Ridgewayia stygia","urn:lsid:marinespecies.org:taxname:361713","Ridgewayia stygia Ohtsuka, Kase & Boxshall, 2000","Species","Animalia","Arthropoda","Copepoda","Calanoida","Pseudocyclopidae","Ridgewayia","Calanoid",2,
2093,"Ridgewayia tortuga","urn:lsid:marinespecies.org:taxname:559476","Ridgewayia tortuga Figueroa, 2011","Species","Animalia","Arthropoda","Copepoda","Calanoida","Pseudocyclopidae","Ridgewayia","Calanoid",2,
2094,"Ridgewayia tunela","urn:lsid:marinespecies.org:taxname:362454","Ridgewayia tunela Figueroa & Hoefel, 2008","Species","Animalia","Arthropoda","Copepoda","Calanoida","Pseudocyclopidae","Ridgewayia","Calanoid",2,
2095,"Ridgewayia typica","urn:lsid:marinespecies.org:taxname:355331","Ridgewayia typica Thompson I.C. & Scott A., 1903","Species","Animalia","Arthropoda","Copepoda","Calanoida","Pseudocyclopidae","Ridgewayia","Calanoid",3,
2096,"Ridgewayia wilsonae","urn:lsid:marinespecies.org:taxname:355332","Ridgewayia wilsonae Fosshagen, 1970","Species","Animalia","Arthropoda","Copepoda","Calanoida","Pseudocyclopidae","Ridgewayia","Calanoid",2,
2098,"Robpalmeria asymmetrica","urn:lsid:marinespecies.org:taxname:361974","Robpalmeria asymmetrica Fosshagen & Iliffe, 2003","Species","Animalia","Arthropoda","Copepoda","Calanoida","Pseudocyclopidae","Robpalmeria","Calanoid",2,
2101,"Rostrocalanus cognatus","urn:lsid:marinespecies.org:taxname:451654","Rostrocalanus cognatus Markhaseva, Schulz & Martínez Arbizu, 2008","Species","Animalia","Arthropoda","Copepoda","Calanoida","Rostrocalanidae","Rostrocalanus","Calanoid",1,
2102,"Rostrocalanus peracutus","urn:lsid:marinespecies.org:taxname:451653","Rostrocalanus peracutus Markhaseva, Schulz & Martínez Arbizu, 2008","Species","Animalia","Arthropoda","Copepoda","Calanoida","Rostrocalanidae","Rostrocalanus","Calanoid",1,
2103,"Ryocalanidae","urn:lsid:marinespecies.org:taxname:104102","Ryocalanidae Andronov, 1974","Family","Animalia","Arthropoda","Copepoda","Calanoida","Ryocalanidae",,"Calanoid",1,
2105,"Ryocalanus bowmani","urn:lsid:marinespecies.org:taxname:361132","Ryocalanus bowmani Markhaseva & Ferrari, 1995","Species","Animalia","Arthropoda","Copepoda","Calanoida","Ryocalanidae","Ryocalanus","Calanoid",1,
2106,"Ryocalanus brasilianus","urn:lsid:marinespecies.org:taxname:743921","Ryocalanus brasilianus Renz, Markhaseva & Schulz, 2013","Species","Animalia","Arthropoda","Copepoda","Calanoida","Ryocalanidae","Ryocalanus","Calanoid",2,
2107,"Ryocalanus infelix","urn:lsid:marinespecies.org:taxname:355353","Ryocalanus infelix Tanaka, 1956","Species","Animalia","Arthropoda","Copepoda","Calanoida","Ryocalanidae","Ryocalanus","Calanoid",1,
2108,"Ryocalanus spinifrons","urn:lsid:marinespecies.org:taxname:361740","Ryocalanus spinifrons Shimode, Toda & Kikuchi T., 2000","Species","Animalia","Arthropoda","Copepoda","Calanoida","Ryocalanidae","Ryocalanus","Calanoid",1,
2110,"Rythabis asymmetrica","urn:lsid:marinespecies.org:taxname:345273","Rythabis asymmetrica Markhaseva & Schulz, 2007","Species","Animalia","Arthropoda","Copepoda","Calanoida","Tharybidae","Rythabis","Calanoid",1,
2111,"Rythabis atlantica","urn:lsid:marinespecies.org:taxname:104888","Rythabis atlantica Schulz & Beckmann, 1995","Species","Animalia","Arthropoda","Copepoda","Calanoida","Tharybidae","Rythabis","Calanoid",1,
2112,"Rythabis heptneri","urn:lsid:marinespecies.org:taxname:362335","Rythabis heptneri Markhaseva & Ferrari, 2005","Species","Animalia","Arthropoda","Copepoda","Calanoida","Tharybidae","Rythabis","Calanoid",1,
2113,"Rythabis schulzi","urn:lsid:marinespecies.org:taxname:362336","Rythabis schulzi Markhaseva & Ferrari, 2005","Species","Animalia","Arthropoda","Copepoda","Calanoida","Tharybidae","Rythabis","Calanoid",1,
2115,"Sarsarietellus abyssalis","urn:lsid:marinespecies.org:taxname:104368","Sarsarietellus abyssalis (Sars G.O., 1905)","Species","Animalia","Arthropoda","Copepoda","Calanoida","Arietellidae","Sarsarietellus","Calanoid",3,
2116,"Sarsarietellus natalis","urn:lsid:marinespecies.org:taxname:355398","Sarsarietellus natalis Heinrich, 1993","Species","Animalia","Arthropoda","Copepoda","Calanoida","Arietellidae","Sarsarietellus","Calanoid",1,
2117,"Sarsarietellus orientalis","urn:lsid:marinespecies.org:taxname:744494","Sarsarietellus orientalis Soh, Moon, Ohtsuka, Pae & Jeong, 2013","Species","Animalia","Arthropoda","Copepoda","Calanoida","Arietellidae","Sarsarietellus","Calanoid",2,
2118,"Sarsarietellus suluensis","urn:lsid:marinespecies.org:taxname:362119","Sarsarietellus suluensis Ohtsuka, Nishida & Machida, 2005","Species","Animalia","Arthropoda","Copepoda","Calanoida","Arietellidae","Sarsarietellus","Calanoid",1,
2119,"Scaphocalanus","urn:lsid:marinespecies.org:taxname:104228","Scaphocalanus Sars G.O., 1900","Genus","Animalia","Arthropoda","Copepoda","Calanoida","Scolecitrichidae","Scaphocalanus","Calanoid",7,
2120,"Scaphocalanus acuminatus","urn:lsid:marinespecies.org:taxname:360494","Scaphocalanus acuminatus Park, 1970","Species","Animalia","Arthropoda","Copepoda","Calanoida","Scolecitrichidae","Scaphocalanus","Calanoid",1,
2121,"Scaphocalanus acutocornis","urn:lsid:marinespecies.org:taxname:355419","Scaphocalanus acutocornis Vyshkvartzeva, 1987","Species","Animalia","Arthropoda","Copepoda","Calanoida","Scolecitrichidae","Scaphocalanus","Calanoid",1,
2122,"Scaphocalanus affinis","urn:lsid:marinespecies.org:taxname:104786","Scaphocalanus affinis (Sars G.O., 1905)","Species","Animalia","Arthropoda","Copepoda","Calanoida","Scolecitrichidae","Scaphocalanus","Calanoid",6,29444
2123,"Scaphocalanus amplius","urn:lsid:marinespecies.org:taxname:104787","Scaphocalanus amplius Park, 1970","Species","Animalia","Arthropoda","Copepoda","Calanoida","Scolecitrichidae","Scaphocalanus","Calanoid",2,
2124,"Scaphocalanus antarcticus","urn:lsid:marinespecies.org:taxname:345284","Scaphocalanus antarcticus Park, 1982","Species","Animalia","Arthropoda","Copepoda","Calanoida","Scolecitrichidae","Scaphocalanus","Calanoid",2,
2125,"Scaphocalanus australis","urn:lsid:marinespecies.org:taxname:355420","Scaphocalanus australis Park, 1982","Species","Animalia","Arthropoda","Copepoda","Calanoida","Scolecitrichidae","Scaphocalanus","Calanoid",2,
2126,"Scaphocalanus brevicornis","urn:lsid:marinespecies.org:taxname:104790","Scaphocalanus brevicornis (Sars G.O., 1900)","Species","Animalia","Arthropoda","Copepoda","Calanoida","Scolecitrichidae","Scaphocalanus","Calanoid",26,29445
2127,"Scaphocalanus brevirostris","urn:lsid:marinespecies.org:taxname:104791","Scaphocalanus brevirostris Park, 1970","Species","Animalia","Arthropoda","Copepoda","Calanoida","Scolecitrichidae","Scaphocalanus","Calanoid",8,29457
2128,"Scaphocalanus californicus","urn:lsid:marinespecies.org:taxname:355421","Scaphocalanus californicus Davis, 1949","Species","Animalia","Arthropoda","Copepoda","Calanoida","Scolecitrichidae","Scaphocalanus","Calanoid",1,28246
2129,"Scaphocalanus cristatus","urn:lsid:marinespecies.org:taxname:360495","Scaphocalanus cristatus (Giesbrecht, 1895)","Species","Animalia","Arthropoda","Copepoda","Calanoida","Scolecitrichidae","Scaphocalanus","Calanoid",2,
2130,"Scaphocalanus curtus","urn:lsid:marinespecies.org:taxname:104792","Scaphocalanus curtus (Farran, 1926)","Species","Animalia","Arthropoda","Copepoda","Calanoida","Scolecitrichidae","Scaphocalanus","Calanoid",16,29462
2131,"Scaphocalanus difficilis","urn:lsid:marinespecies.org:taxname:355422","Scaphocalanus difficilis Roe, 1975","Species","Animalia","Arthropoda","Copepoda","Calanoida","Scolecitrichidae","Scaphocalanus","Calanoid",1,
2132,"Scaphocalanus echinatus","urn:lsid:marinespecies.org:taxname:104793","Scaphocalanus echinatus (Farran, 1905)","Species","Animalia","Arthropoda","Copepoda","Calanoida","Scolecitrichidae","Scaphocalanus","Calanoid",16,29446
2133,"Scaphocalanus elegans","urn:lsid:marinespecies.org:taxname:360496","Scaphocalanus elegans (Wolfenden, 1911)","Species","Animalia","Arthropoda","Copepoda","Calanoida","Scolecitrichidae","Scaphocalanus","Calanoid",1,
2134,"Scaphocalanus elongatus","urn:lsid:marinespecies.org:taxname:104794","Scaphocalanus elongatus Scott A., 1909","Species","Animalia","Arthropoda","Copepoda","Calanoida","Scolecitrichidae","Scaphocalanus","Calanoid",2,
2135,"Scaphocalanus emine","urn:lsid:marinespecies.org:taxname:361940","Scaphocalanus emine Uysal & Shmeleva, 2002","Species","Animalia","Arthropoda","Copepoda","Calanoida","Scolecitrichidae","Scaphocalanus","Calanoid",1,
2136,"Scaphocalanus farrani","urn:lsid:marinespecies.org:taxname:345286","Scaphocalanus farrani Park, 1982","Species","Animalia","Arthropoda","Copepoda","Calanoida","Scolecitrichidae","Scaphocalanus","Calanoid",8,
2137,"Scaphocalanus impar","urn:lsid:marinespecies.org:taxname:345288","Scaphocalanus impar (Wolfenden, 1911)","Species","Animalia","Arthropoda","Copepoda","Calanoida","Scolecitrichidae","Scaphocalanus","Calanoid",1,
2138,"Scaphocalanus insignis","urn:lsid:marinespecies.org:taxname:104795","Scaphocalanus insignis Brodsky, 1950","Species","Animalia","Arthropoda","Copepoda","Calanoida","Scolecitrichidae","Scaphocalanus","Calanoid",3,29448
2139,"Scaphocalanus insolitus","urn:lsid:marinespecies.org:taxname:355424","Scaphocalanus insolitus Wilson C.B., 1950","Species","Animalia","Arthropoda","Copepoda","Calanoida","Scolecitrichidae","Scaphocalanus","Calanoid",1,
2140,"Scaphocalanus invalidus","urn:lsid:marinespecies.org:taxname:104796","Scaphocalanus invalidus Hure & Scotto di Carlo, 1968","Species","Animalia","Arthropoda","Copepoda","Calanoida","Scolecitrichidae","Scaphocalanus","Calanoid",8,
2141,"Scaphocalanus magnus","urn:lsid:marinespecies.org:taxname:104798","Scaphocalanus magnus (Scott T., 1894)","Species","Animalia","Arthropoda","Copepoda","Calanoida","Scolecitrichidae","Scaphocalanus","Calanoid",41,29449
2142,"Scaphocalanus major","urn:lsid:marinespecies.org:taxname:220879","Scaphocalanus major (Scott T., 1894)","Species","Animalia","Arthropoda","Copepoda","Calanoida","Scolecitrichidae","Scaphocalanus","Calanoid",4,29450
2143,"Scaphocalanus medius","urn:lsid:marinespecies.org:taxname:104799","Scaphocalanus medius (Sars G.O., 1907)","Species","Animalia","Arthropoda","Copepoda","Calanoida","Scolecitrichidae","Scaphocalanus","Calanoid",9,29451
2144,"Scaphocalanus parantarcticus","urn:lsid:marinespecies.org:taxname:345289","Scaphocalanus parantarcticus Park, 1982","Species","Animalia","Arthropoda","Copepoda","Calanoida","Scolecitrichidae","Scaphocalanus","Calanoid",2,
2145,"Scaphocalanus paraustralis","urn:lsid:marinespecies.org:taxname:355427","Scaphocalanus paraustralis Schulz, 1987","Species","Animalia","Arthropoda","Copepoda","Calanoida","Scolecitrichidae","Scaphocalanus","Calanoid",1,
2146,"Scaphocalanus pseudobrevirostris","urn:lsid:marinespecies.org:taxname:104800","Scaphocalanus pseudobrevirostris Schulz, 1987","Species","Animalia","Arthropoda","Copepoda","Calanoida","Scolecitrichidae","Scaphocalanus","Calanoid",1,
2147,"Scaphocalanus somaliensis","urn:lsid:marinespecies.org:taxname:360997","Scaphocalanus somaliensis Vyshkvartzeva & Prusova, 1997","Species","Animalia","Arthropoda","Copepoda","Calanoida","Scolecitrichidae","Scaphocalanus","Calanoid",1,
2148,"Scaphocalanus subbrevicornis","urn:lsid:marinespecies.org:taxname:104802","Scaphocalanus subbrevicornis (Wolfenden, 1911)","Species","Animalia","Arthropoda","Copepoda","Calanoida","Scolecitrichidae","Scaphocalanus","Calanoid",6,29455
2149,"Scaphocalanus subelongatus","urn:lsid:marinespecies.org:taxname:355428","Scaphocalanus subelongatus Brodsky, 1950","Species","Animalia","Arthropoda","Copepoda","Calanoida","Scolecitrichidae","Scaphocalanus","Calanoid",1,29456
2150,"Scaphocalanus vervoorti","urn:lsid:marinespecies.org:taxname:345290","Scaphocalanus vervoorti Park, 1982","Species","Animalia","Arthropoda","Copepoda","Calanoida","Scolecitrichidae","Scaphocalanus","Calanoid",8,
2151,"Scolecithricella","urn:lsid:marinespecies.org:taxname:104229","Scolecithricella Sars G.O., 1902","Genus","Animalia","Arthropoda","Copepoda","Calanoida","Scolecitrichidae","Scolecithricella","Calanoid",9,
2152,"Scolecithricella abyssalis","urn:lsid:marinespecies.org:taxname:104804","Scolecithricella abyssalis (Giesbrecht, 1888)","Species","Animalia","Arthropoda","Copepoda","Calanoida","Scolecitrichidae","Scolecithricella","Calanoid",16,29464
2153,"Scolecithricella avia","urn:lsid:marinespecies.org:taxname:355501","Scolecithricella avia Tanaka, 1962","Species","Animalia","Arthropoda","Copepoda","Calanoida","Scolecitrichidae","Scolecithricella","Calanoid",1,
2154,"Scolecithricella dentata","urn:lsid:marinespecies.org:taxname:104807","Scolecithricella dentata (Giesbrecht, 1893)","Species","Animalia","Arthropoda","Copepoda","Calanoida","Scolecitrichidae","Scolecithricella","Calanoid",17,29467
2155,"Scolecithricella globulosa","urn:lsid:marinespecies.org:taxname:355505","Scolecithricella globulosa Brodsky, 1950","Species","Animalia","Arthropoda","Copepoda","Calanoida","Scolecitrichidae","Scolecithricella","Calanoid",6,29465
2156,"Scolecithricella longifurca","urn:lsid:marinespecies.org:taxname:360542","Scolecithricella longifurca (Giesbrecht, 1888)","Species","Animalia","Arthropoda","Copepoda","Calanoida","Scolecitrichidae","Scolecithricella","Calanoid",2,
2157,"Scolecithricella longipes","urn:lsid:marinespecies.org:taxname:360543","Scolecithricella longipes (Giesbrecht, 1893)","Species","Animalia","Arthropoda","Copepoda","Calanoida","Scolecitrichidae","Scolecithricella","Calanoid",1,
2158,"Scolecithricella longispinosa","urn:lsid:marinespecies.org:taxname:355510","Scolecithricella longispinosa Chen & Zhang, 1965","Species","Animalia","Arthropoda","Copepoda","Calanoida","Scolecitrichidae","Scolecithricella","Calanoid",1,81030
2159,"Scolecithricella marginata","urn:lsid:marinespecies.org:taxname:355511","Scolecithricella marginata (Giesbrecht, 1888)","Species","Animalia","Arthropoda","Copepoda","Calanoida","Scolecitrichidae","Scolecithricella","Calanoid",1,
2160,"Scolecithricella maritima","urn:lsid:marinespecies.org:taxname:220888","Scolecithricella maritima Grice & Hulsemann, 1967","Species","Animalia","Arthropoda","Copepoda","Calanoida","Scolecitrichidae","Scolecithricella","Calanoid",1,
2161,"Scolecithricella minor minor","urn:lsid:marinespecies.org:taxname:1509944","Scolecithricella minor minor (Brady, 1883)","Subspecies","Animalia","Arthropoda","Copepoda","Calanoida","Scolecitrichidae","Scolecithricella","Calanoid",35,
2162,"Scolecithricella nicobarica","urn:lsid:marinespecies.org:taxname:360544","Scolecithricella nicobarica (Sewell, 1929)","Species","Animalia","Arthropoda","Copepoda","Calanoida","Scolecitrichidae","Scolecithricella","Calanoid",8,28248
2163,"Scolecithricella orientalis","urn:lsid:marinespecies.org:taxname:104813","Scolecithricella orientalis Mori, 1937","Species","Animalia","Arthropoda","Copepoda","Calanoida","Scolecitrichidae","Scolecithricella","Calanoid",5,
2164,"Scolecithricella pacifica","urn:lsid:marinespecies.org:taxname:355516","Scolecithricella pacifica Chiba, 1956","Species","Animalia","Arthropoda","Copepoda","Calanoida","Scolecitrichidae","Scolecithricella","Calanoid",1,
2165,"Scolecithricella paramarginata","urn:lsid:marinespecies.org:taxname:355518","Scolecithricella paramarginata Schulz, 1991","Species","Animalia","Arthropoda","Copepoda","Calanoida","Scolecitrichidae","Scolecithricella","Calanoid",2,173863
2166,"Scolecithricella pearsoni","urn:lsid:marinespecies.org:taxname:355519","Scolecithricella pearsoni Sewell, 1914","Species","Animalia","Arthropoda","Copepoda","Calanoida","Scolecitrichidae","Scolecithricella","Calanoid",1,
2167,"Scolecithricella spinacantha","urn:lsid:marinespecies.org:taxname:355524","Scolecithricella spinacantha Wilson C.B., 1942","Species","Animalia","Arthropoda","Copepoda","Calanoida","Scolecitrichidae","Scolecithricella","Calanoid",1,
2168,"Scolecithricella unispinosa","urn:lsid:marinespecies.org:taxname:104818","Scolecithricella unispinosa Grice & Hulsemann, 1965","Species","Animalia","Arthropoda","Copepoda","Calanoida","Scolecitrichidae","Scolecithricella","Calanoid",1,
2169,"Scolecithricella vespertina","urn:lsid:marinespecies.org:taxname:355528","Scolecithricella vespertina Tanaka, 1955","Species","Animalia","Arthropoda","Copepoda","Calanoida","Scolecitrichidae","Scolecithricella","Calanoid",1,
2170,"Scolecithricella vittata","urn:lsid:marinespecies.org:taxname:104819","Scolecithricella vittata (Giesbrecht, 1893)","Species","Animalia","Arthropoda","Copepoda","Calanoida","Scolecitrichidae","Scolecithricella","Calanoid",16,29468
2171,"Scolecithrix","urn:lsid:marinespecies.org:taxname:104230","Scolecithrix Brady, 1883","Genus","Animalia","Arthropoda","Copepoda","Calanoida","Scolecitrichidae","Scolecithrix","Calanoid",4,
2172,"Scolecithrix aequalis","urn:lsid:marinespecies.org:taxname:355532","Scolecithrix aequalis Wolfenden, 1911","Species","Animalia","Arthropoda","Copepoda","Calanoida","Scolecitrichidae","Scolecithrix","Calanoid",1,
2173,"Scolecithrix bradyi","urn:lsid:marinespecies.org:taxname:104820","Scolecithrix bradyi Giesbrecht, 1888","Species","Animalia","Arthropoda","Copepoda","Calanoida","Scolecitrichidae","Scolecithrix","Calanoid",54,29473
2174,"Scolecithrix danae","urn:lsid:marinespecies.org:taxname:104821","Scolecithrix danae (Lubbock, 1856)","Species","Animalia","Arthropoda","Copepoda","Calanoida","Scolecitrichidae","Scolecithrix","Calanoid",94,29471
2175,"Scolecithrix grata","urn:lsid:marinespecies.org:taxname:360557","Scolecithrix grata (Grice & Hulsemann, 1967)","Species","Animalia","Arthropoda","Copepoda","Calanoida","Scolecitrichidae","Scolecithrix","Calanoid",1,
2176,"Scolecithrix magnus","urn:lsid:marinespecies.org:taxname:355559","Scolecithrix magnus Wolfenden, 1911","Species","Animalia","Arthropoda","Copepoda","Calanoida","Scolecitrichidae","Scolecithrix","Calanoid",1,
2177,"Scolecithrix medius","urn:lsid:marinespecies.org:taxname:355561","Scolecithrix medius Wolfenden, 1911","Species","Animalia","Arthropoda","Copepoda","Calanoida","Scolecitrichidae","Scolecithrix","Calanoid",1,
2178,"Scolecithrix obscura","urn:lsid:marinespecies.org:taxname:355563","Scolecithrix obscura Esterly, 1913","Species","Animalia","Arthropoda","Copepoda","Calanoida","Scolecitrichidae","Scolecithrix","Calanoid",1,
2179,"Scolecithrix romeri","urn:lsid:marinespecies.org:taxname:355571","Scolecithrix romeri Mrázek, 1902","Species","Animalia","Arthropoda","Copepoda","Calanoida","Scolecitrichidae","Scolecithrix","Calanoid",2,
2180,"Scolecitrichidae","urn:lsid:marinespecies.org:taxname:104103","Scolecitrichidae Giesbrecht, 1893","Family","Animalia","Arthropoda","Copepoda","Calanoida","Scolecitrichidae",,"Calanoid",3,
2182,"Scolecitrichopsis ctenopus","urn:lsid:marinespecies.org:taxname:361576","Scolecitrichopsis ctenopus (Giesbrecht, 1888)","Species","Animalia","Arthropoda","Copepoda","Calanoida","Scolecitrichidae","Scolecitrichopsis","Calanoid",7,28412
2183,"Scolecitrichopsis difficilis","urn:lsid:marinespecies.org:taxname:361583","Scolecitrichopsis difficilis (Grice & Hulsemann, 1965)","Species","Animalia","Arthropoda","Copepoda","Calanoida","Scolecitrichidae","Scolecitrichopsis","Calanoid",1,
2184,"Scolecitrichopsis distinctus","urn:lsid:marinespecies.org:taxname:361578","Scolecitrichopsis distinctus (Grice & Hulsemann, 1970)","Species","Animalia","Arthropoda","Copepoda","Calanoida","Scolecitrichidae","Scolecitrichopsis","Calanoid",1,28413
2185,"Scolecitrichopsis elenae","urn:lsid:marinespecies.org:taxname:345360","Scolecitrichopsis elenae Schulz, 2005","Species","Animalia","Arthropoda","Copepoda","Calanoida","Scolecitrichidae","Scolecitrichopsis","Calanoid",2,
2186,"Scolecitrichopsis elongatus","urn:lsid:marinespecies.org:taxname:361579","Scolecitrichopsis elongatus (Grice & Hulsemann, 1970)","Species","Animalia","Arthropoda","Copepoda","Calanoida","Scolecitrichidae","Scolecitrichopsis","Calanoid",2,28414
2187,"Scolecitrichopsis polaris","urn:lsid:marinespecies.org:taxname:720272","Scolecitrichopsis polaris (Brodsky, 1950)","Species","Animalia","Arthropoda","Copepoda","Calanoida","Scolecitrichidae","Scolecitrichopsis","Calanoid",2,
2188,"Scolecitrichopsis pseudoculata","urn:lsid:marinespecies.org:taxname:361580","Scolecitrichopsis pseudoculata (Campaner, 1979)","Species","Animalia","Arthropoda","Copepoda","Calanoida","Scolecitrichidae","Scolecitrichopsis","Calanoid",1,
2189,"Scolecitrichopsis tenuipes","urn:lsid:marinespecies.org:taxname:361581","Scolecitrichopsis tenuipes (Scott T., 1894)","Species","Animalia","Arthropoda","Copepoda","Calanoida","Scolecitrichidae","Scolecitrichopsis","Calanoid",2,
2191,"Scolecocalanus galeatus","urn:lsid:marinespecies.org:taxname:355579","Scolecocalanus galeatus Farran, 1936","Species","Animalia","Arthropoda","Copepoda","Calanoida","Scolecitrichidae","Scolecocalanus","Calanoid",1,
2192,"Scolecocalanus infrequens","urn:lsid:marinespecies.org:taxname:826914","Scolecocalanus infrequens (Tanaka, 1969)","Species","Animalia","Arthropoda","Copepoda","Calanoida","Scolecitrichidae","Scolecocalanus","Calanoid",1,
2193,"Scolecocalanus lobatus","urn:lsid:marinespecies.org:taxname:355580","Scolecocalanus lobatus Farran, 1936","Species","Animalia","Arthropoda","Copepoda","Calanoida","Scolecitrichidae","Scolecocalanus","Calanoid",1,
2194,"Scolecocalanus spinifer","urn:lsid:marinespecies.org:taxname:355581","Scolecocalanus spinifer Wilson C.B., 1950","Species","Animalia","Arthropoda","Copepoda","Calanoida","Scolecitrichidae","Scolecocalanus","Calanoid",2,
2195,"Scolecocalanus stocki","urn:lsid:marinespecies.org:taxname:355582","Scolecocalanus stocki Vervoort, 1990","Species","Animalia","Arthropoda","Copepoda","Calanoida","Scolecitrichidae","Scolecocalanus","Calanoid",2,
2196,"Scopalatum","urn:lsid:marinespecies.org:taxname:104231","Scopalatum Roe, 1975","Genus","Animalia","Arthropoda","Copepoda","Calanoida","Scolecitrichidae","Scopalatum","Calanoid",1,
2197,"Scopalatum dubia","urn:lsid:marinespecies.org:taxname:104827","Scopalatum dubia (Scott T., 1894)","Species","Animalia","Arthropoda","Copepoda","Calanoida","Scolecitrichidae","Scopalatum","Calanoid",3,
2198,"Scopalatum farrani","urn:lsid:marinespecies.org:taxname:104828","Scopalatum farrani Roe, 1975","Species","Animalia","Arthropoda","Copepoda","Calanoida","Scolecitrichidae","Scopalatum","Calanoid",1,
2199,"Scopalatum gibbera","urn:lsid:marinespecies.org:taxname:104829","Scopalatum gibbera Roe, 1975","Species","Animalia","Arthropoda","Copepoda","Calanoida","Scolecitrichidae","Scopalatum","Calanoid",1,
2200,"Scopalatum smithae","urn:lsid:marinespecies.org:taxname:360350","Scopalatum smithae (Grice, 1962)","Species","Animalia","Arthropoda","Copepoda","Calanoida","Scolecitrichidae","Scopalatum","Calanoid",1,
2201,"Scopalatum vorax","urn:lsid:marinespecies.org:taxname:355585","Scopalatum vorax (Esterly, 1911)","Species","Animalia","Arthropoda","Copepoda","Calanoida","Scolecitrichidae","Scopalatum","Calanoid",1,28250
2202,"Scottocalanus","urn:lsid:marinespecies.org:taxname:104232","Scottocalanus Sars G.O., 1905","Genus","Animalia","Arthropoda","Copepoda","Calanoida","Scolecitrichidae","Scottocalanus","Calanoid",2,
2203,"Scottocalanus backusi","urn:lsid:marinespecies.org:taxname:355589","Scottocalanus backusi Grice, 1969","Species","Animalia","Arthropoda","Copepoda","Calanoida","Scolecitrichidae","Scottocalanus","Calanoid",1,
2204,"Scottocalanus corystes","urn:lsid:marinespecies.org:taxname:104830","Scottocalanus corystes Owre & Foyo, 1967","Species","Animalia","Arthropoda","Copepoda","Calanoida","Scolecitrichidae","Scottocalanus","Calanoid",2,29479
2205,"Scottocalanus dauglishi","urn:lsid:marinespecies.org:taxname:220896","Scottocalanus dauglishi Sewell, 1929","Species","Animalia","Arthropoda","Copepoda","Calanoida","Scolecitrichidae","Scottocalanus","Calanoid",2,
2206,"Scottocalanus farrani","urn:lsid:marinespecies.org:taxname:355590","Scottocalanus farrani Scott A., 1909","Species","Animalia","Arthropoda","Copepoda","Calanoida","Scolecitrichidae","Scottocalanus","Calanoid",2,
2207,"Scottocalanus helenae","urn:lsid:marinespecies.org:taxname:104831","Scottocalanus helenae (Lubbock, 1856)","Species","Animalia","Arthropoda","Copepoda","Calanoida","Scolecitrichidae","Scottocalanus","Calanoid",2,29477
2208,"Scottocalanus investigatoris","urn:lsid:marinespecies.org:taxname:355592","Scottocalanus investigatoris Sewell, 1929","Species","Animalia","Arthropoda","Copepoda","Calanoida","Scolecitrichidae","Scottocalanus","Calanoid",1,
2209,"Scottocalanus longispinus","urn:lsid:marinespecies.org:taxname:355593","Scottocalanus longispinus Scott A., 1909","Species","Animalia","Arthropoda","Copepoda","Calanoida","Scolecitrichidae","Scottocalanus","Calanoid",2,
2210,"Scottocalanus persecans","urn:lsid:marinespecies.org:taxname:104832","Scottocalanus persecans (Giesbrecht, 1895)","Species","Animalia","Arthropoda","Copepoda","Calanoida","Scolecitrichidae","Scottocalanus","Calanoid",7,29474
2211,"Scottocalanus rotundatus","urn:lsid:marinespecies.org:taxname:355594","Scottocalanus rotundatus Tanaka, 1961","Species","Animalia","Arthropoda","Copepoda","Calanoida","Scolecitrichidae","Scottocalanus","Calanoid",2,
2212,"Scottocalanus securifrons","urn:lsid:marinespecies.org:taxname:104833","Scottocalanus securifrons (Scott T., 1894)","Species","Animalia","Arthropoda","Copepoda","Calanoida","Scolecitrichidae","Scottocalanus","Calanoid",44,29475
2213,"Scottocalanus sedatus","urn:lsid:marinespecies.org:taxname:355595","Scottocalanus sedatus Farran, 1936","Species","Animalia","Arthropoda","Copepoda","Calanoida","Scolecitrichidae","Scottocalanus","Calanoid",1,28251
2214,"Scottocalanus setosus","urn:lsid:marinespecies.org:taxname:355596","Scottocalanus setosus Scott A., 1909","Species","Animalia","Arthropoda","Copepoda","Calanoida","Scolecitrichidae","Scottocalanus","Calanoid",1,
2215,"Scottocalanus terranovae","urn:lsid:marinespecies.org:taxname:355597","Scottocalanus terranovae Farran, 1929","Species","Animalia","Arthropoda","Copepoda","Calanoida","Scolecitrichidae","Scottocalanus","Calanoid",2,
2216,"Scottocalanus thomasi","urn:lsid:marinespecies.org:taxname:104834","Scottocalanus thomasi Scott A., 1909","Species","Animalia","Arthropoda","Copepoda","Calanoida","Scolecitrichidae","Scottocalanus","Calanoid",2,29478
2217,"Scottocalanus thori","urn:lsid:marinespecies.org:taxname:104835","Scottocalanus thori With, 1915","Species","Animalia","Arthropoda","Copepoda","Calanoida","Scolecitrichidae","Scottocalanus","Calanoid",2,
2219,"Scutogerulus boettgerschnackae","urn:lsid:marinespecies.org:taxname:362186","Scutogerulus boettgerschnackae Ohtsuka & Boxshall, 2004","Species","Animalia","Arthropoda","Copepoda","Calanoida","Arietellidae","Scutogerulus","Calanoid",1,
2220,"Scutogerulus pelophilus","urn:lsid:marinespecies.org:taxname:355624","Scutogerulus pelophilus Bradford, 1969","Species","Animalia","Arthropoda","Copepoda","Calanoida","Arietellidae","Scutogerulus","Calanoid",2,
2221,"Sensiava","urn:lsid:marinespecies.org:taxname:345361","Sensiava Markhaseva & Schulz, 2006","Genus","Animalia","Arthropoda","Copepoda","Calanoida","Diaixidae","Sensiava","Calanoid",1,
2222,"Sensiava longiseta","urn:lsid:marinespecies.org:taxname:345362","Sensiava longiseta Markhaseva & Schulz, 2006","Species","Animalia","Arthropoda","Copepoda","Calanoida","Diaixidae","Sensiava","Calanoid",2,
2223,"Sensiava peculiaris","urn:lsid:marinespecies.org:taxname:766436","Sensiava peculiaris Markhaseva, 2014","Species","Animalia","Arthropoda","Copepoda","Calanoida","Diaixidae","Sensiava","Calanoid",1,
2224,"Sensiava secunda","urn:lsid:marinespecies.org:taxname:766435","Sensiava secunda Markhaseva, 2014","Species","Animalia","Arthropoda","Copepoda","Calanoida","Diaixidae","Sensiava","Calanoid",2,
2226,"Sinocalanus tenellus tenellus","urn:lsid:marinespecies.org:taxname:1458694","Sinocalanus tenellus tenellus (Kikuchi K., 1928)","Species","Animalia","Arthropoda","Copepoda","Calanoida","Centropagidae","Sinocalanus","Calanoid",229,
2228,"Sognocalanus confertus","urn:lsid:marinespecies.org:taxname:104458","Sognocalanus confertus Fosshagen, 1967","Species","Animalia","Arthropoda","Copepoda","Calanoida","Spinocalanidae","Sognocalanus","Calanoid",2,
2230,"Speleohvarella gamulini","urn:lsid:marinespecies.org:taxname:345977","Speleohvarella gamulini Kršinic, 2005","Species","Animalia","Arthropoda","Copepoda","Calanoida","Stephidae","Speleohvarella","Calanoid",2,
2232,"Spicipes nanseni","urn:lsid:marinespecies.org:taxname:104518","Spicipes nanseni Grice & Hulsemann, 1965","Species","Animalia","Arthropoda","Copepoda","Calanoida","Clausocalanidae","Spicipes","Calanoid",1,
2233,"Spinocalanidae","urn:lsid:marinespecies.org:taxname:104104","Spinocalanidae Vervoort, 1951","Family","Animalia","Arthropoda","Copepoda","Calanoida","Spinocalanidae",,"Calanoid",2,
2234,"Spinocalanus","urn:lsid:marinespecies.org:taxname:104236","Spinocalanus Giesbrecht, 1888","Genus","Animalia","Arthropoda","Copepoda","Calanoida","Spinocalanidae","Spinocalanus","Calanoid",6,
2235,"Spinocalanus abruptus","urn:lsid:marinespecies.org:taxname:104845","Spinocalanus abruptus Grice & Hulsemann, 1965","Species","Animalia","Arthropoda","Copepoda","Calanoida","Spinocalanidae","Spinocalanus","Calanoid",1,28488
2236,"Spinocalanus abyssalis","urn:lsid:marinespecies.org:taxname:104846","Spinocalanus abyssalis Giesbrecht, 1888","Species","Animalia","Arthropoda","Copepoda","Calanoida","Spinocalanidae","Spinocalanus","Calanoid",17,28489
2237,"Spinocalanus angusticeps","urn:lsid:marinespecies.org:taxname:104847","Spinocalanus angusticeps Sars G.O., 1920","Species","Animalia","Arthropoda","Copepoda","Calanoida","Spinocalanidae","Spinocalanus","Calanoid",2,28490
2238,"Spinocalanus antarcticus","urn:lsid:marinespecies.org:taxname:254612","Spinocalanus antarcticus Wolfenden, 1906","Species","Animalia","Arthropoda","Copepoda","Calanoida","Spinocalanidae","Spinocalanus","Calanoid",9,29274
2239,"Spinocalanus aspinosus","urn:lsid:marinespecies.org:taxname:355756","Spinocalanus aspinosus Park, 1970","Species","Animalia","Arthropoda","Copepoda","Calanoida","Spinocalanidae","Spinocalanus","Calanoid",1,29275
2240,"Spinocalanus brevicaudatus","urn:lsid:marinespecies.org:taxname:104848","Spinocalanus brevicaudatus Brodsky, 1950","Species","Animalia","Arthropoda","Copepoda","Calanoida","Spinocalanidae","Spinocalanus","Calanoid",14,29276
2241,"Spinocalanus caudatus","urn:lsid:marinespecies.org:taxname:104849","Spinocalanus caudatus Sars G.O., 1920","Species","Animalia","Arthropoda","Copepoda","Calanoida","Spinocalanidae","Spinocalanus","Calanoid",2,29290
2242,"Spinocalanus dispar","urn:lsid:marinespecies.org:taxname:360620","Spinocalanus dispar Schulz, 1989","Species","Animalia","Arthropoda","Copepoda","Calanoida","Spinocalanidae","Spinocalanus","Calanoid",1,
2243,"Spinocalanus elongatus","urn:lsid:marinespecies.org:taxname:254613","Spinocalanus elongatus Brodsky, 1950","Species","Animalia","Arthropoda","Copepoda","Calanoida","Spinocalanidae","Spinocalanus","Calanoid",8,29277
2244,"Spinocalanus hirtus","urn:lsid:marinespecies.org:taxname:104850","Spinocalanus hirtus Sars G.O., 1907","Species","Animalia","Arthropoda","Copepoda","Calanoida","Spinocalanidae","Spinocalanus","Calanoid",1,29278
2245,"Spinocalanus hoplites","urn:lsid:marinespecies.org:taxname:355760","Spinocalanus hoplites Park, 1970","Species","Animalia","Arthropoda","Copepoda","Calanoida","Spinocalanidae","Spinocalanus","Calanoid",1,29279
2246,"Spinocalanus horridus","urn:lsid:marinespecies.org:taxname:104851","Spinocalanus horridus Wolfenden, 1911","Species","Animalia","Arthropoda","Copepoda","Calanoida","Spinocalanidae","Spinocalanus","Calanoid",23,29280
2247,"Spinocalanus longicornis","urn:lsid:marinespecies.org:taxname:104852","Spinocalanus longicornis Sars G.O., 1900","Species","Animalia","Arthropoda","Copepoda","Calanoida","Spinocalanidae","Spinocalanus","Calanoid",14,29281
2248,"Spinocalanus macrocephalon","urn:lsid:marinespecies.org:taxname:355762","Spinocalanus macrocephalon Brodsky, Vyshkvartseva, Kos & Markhaseva, 1983","Species","Animalia","Arthropoda","Copepoda","Calanoida","Spinocalanidae","Spinocalanus","Calanoid",1,
2249,"Spinocalanus magnus","urn:lsid:marinespecies.org:taxname:104853","Spinocalanus magnus Wolfenden, 1904","Species","Animalia","Arthropoda","Copepoda","Calanoida","Spinocalanidae","Spinocalanus","Calanoid",14,29282
2250,"Spinocalanus oligospinosus","urn:lsid:marinespecies.org:taxname:104854","Spinocalanus oligospinosus Park, 1970","Species","Animalia","Arthropoda","Copepoda","Calanoida","Spinocalanidae","Spinocalanus","Calanoid",1,29283
2251,"Spinocalanus polaris","urn:lsid:marinespecies.org:taxname:104855","Spinocalanus polaris Brodsky, 1950","Species","Animalia","Arthropoda","Copepoda","Calanoida","Spinocalanidae","Spinocalanus","Calanoid",9,29284
2252,"Spinocalanus similis","urn:lsid:marinespecies.org:taxname:355769","Spinocalanus similis Brodsky, 1950","Species","Animalia","Arthropoda","Copepoda","Calanoida","Spinocalanidae","Spinocalanus","Calanoid",4,29285
2253,"Spinocalanus spinosus","urn:lsid:marinespecies.org:taxname:104856","Spinocalanus spinosus Farran, 1908","Species","Animalia","Arthropoda","Copepoda","Calanoida","Spinocalanidae","Spinocalanus","Calanoid",3,29286
2254,"Spinocalanus terranovae","urn:lsid:marinespecies.org:taxname:345363","Spinocalanus terranovae Damkaer, 1975","Species","Animalia","Arthropoda","Copepoda","Calanoida","Spinocalanidae","Spinocalanus","Calanoid",8,29287
2255,"Spinocalanus usitatus","urn:lsid:marinespecies.org:taxname:355772","Spinocalanus usitatus Park, 1970","Species","Animalia","Arthropoda","Copepoda","Calanoida","Spinocalanidae","Spinocalanus","Calanoid",1,29288
2256,"Spinocalanus validus","urn:lsid:marinespecies.org:taxname:104857","Spinocalanus validus Sars G.O., 1920","Species","Animalia","Arthropoda","Copepoda","Calanoida","Spinocalanidae","Spinocalanus","Calanoid",2,29289
2258,"Stargatia palmeri","urn:lsid:marinespecies.org:taxname:361975","Stargatia palmeri Fosshagen & Iliffe, 2003","Species","Animalia","Arthropoda","Copepoda","Calanoida","Pseudocyclopidae","Stargatia","Calanoid",1,
2259,"Stephidae","urn:lsid:marinespecies.org:taxname:104105","Stephidae Sars G.O., 1902","Family","Animalia","Arthropoda","Copepoda","Calanoida","Stephidae",,"Calanoid",2,
2260,"Stephos","urn:lsid:marinespecies.org:taxname:104239","Stephos Scott T., 1892","Genus","Animalia","Arthropoda","Copepoda","Calanoida","Stephidae","Stephos","Calanoid",1,
2261,"Stephos angulatus","urn:lsid:marinespecies.org:taxname:361410","Stephos angulatus Bradford-Grieve, 1999","Species","Animalia","Arthropoda","Copepoda","Calanoida","Stephidae","Stephos","Calanoid",2,
2262,"Stephos antarcticum","urn:lsid:marinespecies.org:taxname:355896","Stephos antarcticum Wolfenden, 1908","Species","Animalia","Arthropoda","Copepoda","Calanoida","Stephidae","Stephos","Calanoid",2,
2263,"Stephos arcticus","urn:lsid:marinespecies.org:taxname:355897","Stephos arcticus Sars G.O., 1909","Species","Animalia","Arthropoda","Copepoda","Calanoida","Stephidae","Stephos","Calanoid",2,28253
2264,"Stephos boettgerschnackae","urn:lsid:marinespecies.org:taxname:714304","Stephos boettgerschnackae Krsinic, 2012","Species","Animalia","Arthropoda","Copepoda","Calanoida","Stephidae","Stephos","Calanoid",2,
2265,"Stephos canariensis","urn:lsid:marinespecies.org:taxname:104863","Stephos canariensis Boxshall, Stock & Sanchez, 1990","Species","Animalia","Arthropoda","Copepoda","Calanoida","Stephidae","Stephos","Calanoid",2,
2266,"Stephos cryptospinosus","urn:lsid:marinespecies.org:taxname:104864","Stephos cryptospinosus Zagami, Campolmi & Costanzo, 2000","Species","Animalia","Arthropoda","Copepoda","Calanoida","Stephidae","Stephos","Calanoid",2,
2267,"Stephos deichmannae","urn:lsid:marinespecies.org:taxname:355898","Stephos deichmannae Fleminger, 1957","Species","Animalia","Arthropoda","Copepoda","Calanoida","Stephidae","Stephos","Calanoid",2,29483
2268,"Stephos exumensis","urn:lsid:marinespecies.org:taxname:355899","Stephos exumensis Fosshagen, 1970","Species","Animalia","Arthropoda","Copepoda","Calanoida","Stephidae","Stephos","Calanoid",1,
2269,"Stephos fultoni","urn:lsid:marinespecies.org:taxname:104865","Stephos fultoni Scott T. & Scott A., 1898","Species","Animalia","Arthropoda","Copepoda","Calanoida","Stephidae","Stephos","Calanoid",3,25728
2270,"Stephos geojinensis","urn:lsid:marinespecies.org:taxname:846024","Stephos geojinensis Moon, Youn & Venmathi Maran, 2015","Species","Animalia","Arthropoda","Copepoda","Calanoida","Stephidae","Stephos","Calanoid",2,
2271,"Stephos gyrans","urn:lsid:marinespecies.org:taxname:104866","Stephos gyrans (Giesbrecht, 1893)","Species","Animalia","Arthropoda","Copepoda","Calanoida","Stephidae","Stephos","Calanoid",1,
2272,"Stephos hastatus","urn:lsid:marinespecies.org:taxname:361411","Stephos hastatus Bradford-Grieve, 1999","Species","Animalia","Arthropoda","Copepoda","Calanoida","Stephidae","Stephos","Calanoid",2,
2273,"Stephos kurilensis","urn:lsid:marinespecies.org:taxname:355900","Stephos kurilensis Kos, 1973","Species","Animalia","Arthropoda","Copepoda","Calanoida","Stephidae","Stephos","Calanoid",2,
2274,"Stephos lamellatus","urn:lsid:marinespecies.org:taxname:104867","Stephos lamellatus Sars G.O., 1902","Species","Animalia","Arthropoda","Copepoda","Calanoida","Stephidae","Stephos","Calanoid",6,25729
2275,"Stephos longipes","urn:lsid:marinespecies.org:taxname:345365","Stephos longipes Giesbrecht, 1902","Species","Animalia","Arthropoda","Copepoda","Calanoida","Stephidae","Stephos","Calanoid",11,27815
2276,"Stephos lucayensis","urn:lsid:marinespecies.org:taxname:355901","Stephos lucayensis Fosshagen, 1970","Species","Animalia","Arthropoda","Copepoda","Calanoida","Stephidae","Stephos","Calanoid",2,
2277,"Stephos maculosus","urn:lsid:marinespecies.org:taxname:355902","Stephos maculosus Andronov, 1974","Species","Animalia","Arthropoda","Copepoda","Calanoida","Stephidae","Stephos","Calanoid",2,
2278,"Stephos margalefi","urn:lsid:marinespecies.org:taxname:104868","Stephos margalefi Riera, Vives & Gili, 1991","Species","Animalia","Arthropoda","Copepoda","Calanoida","Stephidae","Stephos","Calanoid",5,
2279,"Stephos marsalensis","urn:lsid:marinespecies.org:taxname:237964","Stephos marsalensis Costanzo, Campolmi & Zagami, 2000","Species","Animalia","Arthropoda","Copepoda","Calanoida","Stephidae","Stephos","Calanoid",2,
2280,"Stephos minor","urn:lsid:marinespecies.org:taxname:104869","Stephos minor Scott T., 1892","Species","Animalia","Arthropoda","Copepoda","Calanoida","Stephidae","Stephos","Calanoid",7,25730
2281,"Stephos morii","urn:lsid:marinespecies.org:taxname:360650","Stephos morii Greenwood, 1978","Species","Animalia","Arthropoda","Copepoda","Calanoida","Stephidae","Stephos","Calanoid",1,
2282,"Stephos pacificus","urn:lsid:marinespecies.org:taxname:355903","Stephos pacificus Ohtsuka & Hiromi, 1987","Species","Animalia","Arthropoda","Copepoda","Calanoida","Stephidae","Stephos","Calanoid",2,28254
2283,"Stephos pentacanthos","urn:lsid:marinespecies.org:taxname:355904","Stephos pentacanthos Chen & Zhang, 1965","Species","Animalia","Arthropoda","Copepoda","Calanoida","Stephidae","Stephos","Calanoid",1,
2284,"Stephos projectus","urn:lsid:marinespecies.org:taxname:846025","Stephos projectus Moon, Youn & Venmathi Maran, 2015","Species","Animalia","Arthropoda","Copepoda","Calanoida","Stephidae","Stephos","Calanoid",2,
2285,"Stephos robustus","urn:lsid:marinespecies.org:taxname:355906","Stephos robustus Ohtsuka & Hiromi, 1987","Species","Animalia","Arthropoda","Copepoda","Calanoida","Stephidae","Stephos","Calanoid",2,
2286,"Stephos rustadi","urn:lsid:marinespecies.org:taxname:104870","Stephos rustadi Strömgren, 1969","Species","Animalia","Arthropoda","Copepoda","Calanoida","Stephidae","Stephos","Calanoid",2,25731
2287,"Stephos scotti","urn:lsid:marinespecies.org:taxname:104871","Stephos scotti Sars G.O., 1902","Species","Animalia","Arthropoda","Copepoda","Calanoida","Stephidae","Stephos","Calanoid",8,25732
2288,"Stephos tropicus","urn:lsid:marinespecies.org:taxname:355909","Stephos tropicus Mori, 1942","Species","Animalia","Arthropoda","Copepoda","Calanoida","Stephidae","Stephos","Calanoid",2,
2289,"Stephos tsuyazakiensis","urn:lsid:marinespecies.org:taxname:355910","Stephos tsuyazakiensis Tanaka, 1967","Species","Animalia","Arthropoda","Copepoda","Calanoida","Stephidae","Stephos","Calanoid",2,
2291,"Stygocyclopia australis","urn:lsid:marinespecies.org:taxname:361851","Stygocyclopia australis Jaume, Boxshall & Humphreys, 2001","Species","Animalia","Arthropoda","Copepoda","Calanoida","Pseudocyclopiidae","Stygocyclopia","Calanoid",2,
2292,"Stygocyclopia balearica","urn:lsid:marinespecies.org:taxname:104758","Stygocyclopia balearica Jaume & Boxshall, 1995","Species","Animalia","Arthropoda","Copepoda","Calanoida","Pseudocyclopiidae","Stygocyclopia","Calanoid",2,
2293,"Stygocyclopia philippensis","urn:lsid:marinespecies.org:taxname:361561","Stygocyclopia philippensis Jaume, Fosshagen & Iliffe, 1999","Species","Animalia","Arthropoda","Copepoda","Calanoida","Pseudocyclopiidae","Stygocyclopia","Calanoid",2,141770
2294,"Subeucalanidae","urn:lsid:marinespecies.org:taxname:345954","Subeucalanidae Giesbrecht, 1893","Family","Animalia","Arthropoda","Copepoda","Calanoida","Subeucalanidae",,"Calanoid",1,
2296,"Subeucalanus crassus","urn:lsid:marinespecies.org:taxname:104544","Subeucalanus crassus (Giesbrecht, 1888)","Species","Animalia","Arthropoda","Copepoda","Calanoida","Subeucalanidae","Subeucalanus","Calanoid",65,28265
2297,"Subeucalanus dentatus","urn:lsid:marinespecies.org:taxname:360662","Subeucalanus dentatus (Scott A., 1909)","Species","Animalia","Arthropoda","Copepoda","Calanoida","Subeucalanidae","Subeucalanus","Calanoid",2,
2298,"Subeucalanus flemingeri","urn:lsid:marinespecies.org:taxname:361906","Subeucalanus flemingeri Prusova, Al Yamani & Al Mutairi, 2001","Species","Animalia","Arthropoda","Copepoda","Calanoida","Subeucalanidae","Subeucalanus","Calanoid",2,
2299,"Subeucalanus longiceps","urn:lsid:marinespecies.org:taxname:345366","Subeucalanus longiceps (Matthews, 1925)","Species","Animalia","Arthropoda","Copepoda","Calanoida","Subeucalanidae","Subeucalanus","Calanoid",7,27812
2300,"Subeucalanus monachus","urn:lsid:marinespecies.org:taxname:104545","Subeucalanus monachus (Giesbrecht, 1888)","Species","Animalia","Arthropoda","Copepoda","Calanoida","Subeucalanidae","Subeucalanus","Calanoid",35,28266
2301,"Subeucalanus mucronatus","urn:lsid:marinespecies.org:taxname:104546","Subeucalanus mucronatus (Giesbrecht, 1888)","Species","Animalia","Arthropoda","Copepoda","Calanoida","Subeucalanidae","Subeucalanus","Calanoid",19,28593
2302,"Subeucalanus pileatus","urn:lsid:marinespecies.org:taxname:104547","Subeucalanus pileatus (Giesbrecht, 1888)","Species","Animalia","Arthropoda","Copepoda","Calanoida","Subeucalanidae","Subeucalanus","Calanoid",245,26736
2303,"Subeucalanus subcrassus","urn:lsid:marinespecies.org:taxname:104548","Subeucalanus subcrassus (Giesbrecht, 1888)","Species","Animalia","Arthropoda","Copepoda","Calanoida","Subeucalanidae","Subeucalanus","Calanoid",1356,28267
2304,"Subeucalanus subtenuis","urn:lsid:marinespecies.org:taxname:104549","Subeucalanus subtenuis (Giesbrecht, 1888)","Species","Animalia","Arthropoda","Copepoda","Calanoida","Subeucalanidae","Subeucalanus","Calanoid",102,28268
2305,"Sulcanidae","urn:lsid:marinespecies.org:taxname:345956","Sulcanidae Nicholls, 1945","Family","Animalia","Arthropoda","Copepoda","Calanoida","Sulcanidae",,"Calanoid",2,
2307,"Sulcanus conflictus","urn:lsid:marinespecies.org:taxname:355934","Sulcanus conflictus Nicholls, 1945","Species","Animalia","Arthropoda","Copepoda","Calanoida","Sulcanidae","Sulcanus","Calanoid",12,
2309,"Sursamucro spinatus","urn:lsid:marinespecies.org:taxname:355943","Sursamucro spinatus Bradford, 1969","Species","Animalia","Arthropoda","Copepoda","Calanoida","Aetideidae","Sursamucro","Calanoid",1,
2310,"Talacalanus","urn:lsid:marinespecies.org:taxname:104203","Talacalanus Wolfenden, 1911","Genus","Animalia","Arthropoda","Copepoda","Calanoida","Phaennidae","Talacalanus","Calanoid",1,
2311,"Talacalanus greenii","urn:lsid:marinespecies.org:taxname:360302","Talacalanus greenii (Farran, 1905)","Species","Animalia","Arthropoda","Copepoda","Calanoida","Phaennidae","Talacalanus","Calanoid",4,
2312,"Talacalanus maximus","urn:lsid:marinespecies.org:taxname:360301","Talacalanus maximus (Brodsky, 1950)","Species","Animalia","Arthropoda","Copepoda","Calanoida","Phaennidae","Talacalanus","Calanoid",1,
2313,"Temora","urn:lsid:marinespecies.org:taxname:104241","Temora Baird, 1850","Genus","Animalia","Arthropoda","Copepoda","Calanoida","Temoridae","Temora","Calanoid",1,
2314,"Temora discaudata","urn:lsid:marinespecies.org:taxname:220898","Temora discaudata Giesbrecht, 1889","Species","Animalia","Arthropoda","Copepoda","Calanoida","Temoridae","Temora","Calanoid",59,29092
2315,"Temora kerguelensis","urn:lsid:marinespecies.org:taxname:345887","Temora kerguelensis Wolfenden, 1911","Species","Animalia","Arthropoda","Copepoda","Calanoida","Temoridae","Temora","Calanoid",1,
2316,"Temora longicornis","urn:lsid:marinespecies.org:taxname:104878","Temora longicornis (Müller O.F., 1785)","Species","Animalia","Arthropoda","Copepoda","Calanoida","Temoridae","Temora","Calanoid",231,29093
2317,"Temora stylifera","urn:lsid:marinespecies.org:taxname:104879","Temora stylifera (Dana, 1849)","Species","Animalia","Arthropoda","Copepoda","Calanoida","Temoridae","Temora","Calanoid",60,29091
2318,"Temora turbinata","urn:lsid:marinespecies.org:taxname:104880","Temora turbinata (Dana, 1849)","Species","Animalia","Arthropoda","Copepoda","Calanoida","Temoridae","Temora","Calanoid",686,29094
2319,"Temoridae","urn:lsid:marinespecies.org:taxname:104106","Temoridae Giesbrecht, 1893","Family","Animalia","Arthropoda","Copepoda","Calanoida","Temoridae",,"Calanoid",1,
2320,"Temorites","urn:lsid:marinespecies.org:taxname:104149","Temorites Sars G.O., 1900","Genus","Animalia","Arthropoda","Copepoda","Calanoida","Bathypontiidae","Temorites","Calanoid",1,
2321,"Temorites brevis","urn:lsid:marinespecies.org:taxname:104459","Temorites brevis Sars G.O., 1900","Species","Animalia","Arthropoda","Copepoda","Calanoida","Bathypontiidae","Temorites","Calanoid",14,29787
2322,"Temorites discoveryae","urn:lsid:marinespecies.org:taxname:104460","Temorites discoveryae Grice & Hulsemann, 1965","Species","Animalia","Arthropoda","Copepoda","Calanoida","Bathypontiidae","Temorites","Calanoid",1,
2323,"Temorites elegans","urn:lsid:marinespecies.org:taxname:732593","Temorites elegans (Sars G.O., 1920)","Species","Animalia","Arthropoda","Copepoda","Calanoida","Bathypontiidae","Temorites","Calanoid",2,
2324,"Temorites elongata","urn:lsid:marinespecies.org:taxname:414053","Temorites elongata (Sars G.O., 1905)","Species","Animalia","Arthropoda","Copepoda","Calanoida","Bathypontiidae","Temorites","Calanoid",4,28434
2325,"Temorites intermedia","urn:lsid:marinespecies.org:taxname:732594","Temorites intermedia (Deevey, 1973)","Species","Animalia","Arthropoda","Copepoda","Calanoida","Bathypontiidae","Temorites","Calanoid",1,
2326,"Temorites kanaevae","urn:lsid:marinespecies.org:taxname:732595","Temorites kanaevae (Björnberg T.K.S., 1976)","Species","Animalia","Arthropoda","Copepoda","Calanoida","Bathypontiidae","Temorites","Calanoid",1,
2327,"Temorites longicornis","urn:lsid:marinespecies.org:taxname:732596","Temorites longicornis (Tanaka, 1965)","Species","Animalia","Arthropoda","Copepoda","Calanoida","Bathypontiidae","Temorites","Calanoid",1,
2328,"Temorites longiseta","urn:lsid:marinespecies.org:taxname:732597","Temorites longiseta (Brodsky, 1950)","Species","Animalia","Arthropoda","Copepoda","Calanoida","Bathypontiidae","Temorites","Calanoid",1,
2329,"Temorites michelae","urn:lsid:marinespecies.org:taxname:732598","Temorites michelae (Deevey, 1979)","Species","Animalia","Arthropoda","Copepoda","Calanoida","Bathypontiidae","Temorites","Calanoid",1,28195
2330,"Temorites regalis","urn:lsid:marinespecies.org:taxname:732599","Temorites regalis (Grice & Hulsemann, 1967)","Species","Animalia","Arthropoda","Copepoda","Calanoida","Bathypontiidae","Temorites","Calanoid",1,
2331,"Temorites sarsi","urn:lsid:marinespecies.org:taxname:732600","Temorites sarsi (Grice & Hulsemann, 1967)","Species","Animalia","Arthropoda","Copepoda","Calanoida","Bathypontiidae","Temorites","Calanoid",2,28196
2332,"Temorites similis","urn:lsid:marinespecies.org:taxname:732601","Temorites similis (Tanaka, 1965)","Species","Animalia","Arthropoda","Copepoda","Calanoida","Bathypontiidae","Temorites","Calanoid",1,28197
2333,"Temorites spinifera","urn:lsid:marinespecies.org:taxname:732602","Temorites spinifera (Scott A., 1909)","Species","Animalia","Arthropoda","Copepoda","Calanoida","Bathypontiidae","Temorites","Calanoid",2,27533
2334,"Temorites unispina","urn:lsid:marinespecies.org:taxname:732603","Temorites unispina (Deevey, 1979)","Species","Animalia","Arthropoda","Copepoda","Calanoida","Bathypontiidae","Temorites","Calanoid",1,
2336,"Temoropia mayumbaensis","urn:lsid:marinespecies.org:taxname:104881","Temoropia mayumbaensis Scott T., 1894","Species","Animalia","Arthropoda","Copepoda","Calanoida","Fosshageniidae","Temoropia","Calanoid",6,29095
2337,"Temoropia minor","urn:lsid:marinespecies.org:taxname:104882","Temoropia minor Deevey, 1972","Species","Animalia","Arthropoda","Copepoda","Calanoida","Fosshageniidae","Temoropia","Calanoid",4,27816
2338,"Temoropia setosa","urn:lsid:marinespecies.org:taxname:104883","Temoropia setosa Schulz, 1986","Species","Animalia","Arthropoda","Copepoda","Calanoida","Fosshageniidae","Temoropia","Calanoid",2,
2340,"Teneriforma meteorae","urn:lsid:marinespecies.org:taxname:104858","Teneriforma meteorae Schulz, 1989","Species","Animalia","Arthropoda","Copepoda","Calanoida","Spinocalanidae","Teneriforma","Calanoid",1,
2341,"Teneriforma naso","urn:lsid:marinespecies.org:taxname:104859","Teneriforma naso (Farran, 1936)","Species","Animalia","Arthropoda","Copepoda","Calanoida","Spinocalanidae","Teneriforma","Calanoid",2,29291
2342,"Teneriforma pakae","urn:lsid:marinespecies.org:taxname:742750","Teneriforma pakae Andronov, 2013","Species","Animalia","Arthropoda","Copepoda","Calanoida","Spinocalanidae","Teneriforma","Calanoid",2,
2343,"Teneriforma pentatrichodes","urn:lsid:marinespecies.org:taxname:104860","Teneriforma pentatrichodes Schulz, 1989","Species","Animalia","Arthropoda","Copepoda","Calanoida","Spinocalanidae","Teneriforma","Calanoid",1,
2344,"Tharybidae","urn:lsid:marinespecies.org:taxname:104107","Tharybidae Sars G.O., 1902","Family","Animalia","Arthropoda","Copepoda","Calanoida","Tharybidae",,"Calanoid",1,
2345,"Tharybis","urn:lsid:marinespecies.org:taxname:104246","Tharybis Sars G.O., 1902","Genus","Animalia","Arthropoda","Copepoda","Calanoida","Tharybidae","Tharybis","Calanoid",1,
2346,"Tharybis altera","urn:lsid:marinespecies.org:taxname:356528","Tharybis altera (Grice & Hulsemann, 1970)","Species","Animalia","Arthropoda","Copepoda","Calanoida","Tharybidae","Tharybis","Calanoid",1,
2347,"Tharybis angularis","urn:lsid:marinespecies.org:taxname:104889","Tharybis angularis Schulz, 1995","Species","Animalia","Arthropoda","Copepoda","Calanoida","Tharybidae","Tharybis","Calanoid",1,
2348,"Tharybis asymmetrica","urn:lsid:marinespecies.org:taxname:356526","Tharybis asymmetrica Andronov, 1976","Species","Animalia","Arthropoda","Copepoda","Calanoida","Tharybidae","Tharybis","Calanoid",2,
2349,"Tharybis compacta","urn:lsid:marinespecies.org:taxname:356529","Tharybis compacta (Grice & Hulsemann, 1970)","Species","Animalia","Arthropoda","Copepoda","Calanoida","Tharybidae","Tharybis","Calanoid",2,
2350,"Tharybis fultoni","urn:lsid:marinespecies.org:taxname:356103","Tharybis fultoni Park, 1967","Species","Animalia","Arthropoda","Copepoda","Calanoida","Tharybidae","Tharybis","Calanoid",6,29484
2351,"Tharybis groenlandica","urn:lsid:marinespecies.org:taxname:362051","Tharybis groenlandica (Tupitzky, 1982)","Species","Animalia","Arthropoda","Copepoda","Calanoida","Tharybidae","Tharybis","Calanoid",6,165540
2352,"Tharybis inaequalis","urn:lsid:marinespecies.org:taxname:361810","Tharybis inaequalis Bradford-Grieve, 2001","Species","Animalia","Arthropoda","Copepoda","Calanoida","Tharybidae","Tharybis","Calanoid",2,
2353,"Tharybis inflata","urn:lsid:marinespecies.org:taxname:361990","Tharybis inflata Andronov, 2003","Species","Animalia","Arthropoda","Copepoda","Calanoida","Tharybidae","Tharybis","Calanoid",2,
2354,"Tharybis juhlae","urn:lsid:marinespecies.org:taxname:348316","Tharybis juhlae Ferrari F.D. & Markhaseva, 2005","Species","Animalia","Arthropoda","Copepoda","Calanoida","Tharybidae","Tharybis","Calanoid",2,
2355,"Tharybis lauta","urn:lsid:marinespecies.org:taxname:361991","Tharybis lauta Andronov, 2003","Species","Animalia","Arthropoda","Copepoda","Calanoida","Tharybidae","Tharybis","Calanoid",2,
2356,"Tharybis macrophthalma","urn:lsid:marinespecies.org:taxname:104892","Tharybis macrophthalma Sars G.O., 1902","Species","Animalia","Arthropoda","Copepoda","Calanoida","Tharybidae","Tharybis","Calanoid",6,25733
2357,"Tharybis macrophthalmoida","urn:lsid:marinespecies.org:taxname:361992","Tharybis macrophthalmoida Andronov, 2003","Species","Animalia","Arthropoda","Copepoda","Calanoida","Tharybidae","Tharybis","Calanoid",2,
2358,"Tharybis magna","urn:lsid:marinespecies.org:taxname:345367","Tharybis magna Bradford & Wells, 1983","Species","Animalia","Arthropoda","Copepoda","Calanoida","Tharybidae","Tharybis","Calanoid",2,
2359,"Tharybis megalodactyla","urn:lsid:marinespecies.org:taxname:356525","Tharybis megalodactyla Andronov, 1976","Species","Animalia","Arthropoda","Copepoda","Calanoida","Tharybidae","Tharybis","Calanoid",2,
2360,"Tharybis neptuni","urn:lsid:marinespecies.org:taxname:356527","Tharybis neptuni (Cleve, 1904)","Species","Animalia","Arthropoda","Copepoda","Calanoida","Tharybidae","Tharybis","Calanoid",2,
2361,"Tharybis pseudomegalodactyla","urn:lsid:marinespecies.org:taxname:348315","Tharybis pseudomegalodactyla Ferrari F.D. & Markhaseva, 2005","Species","Animalia","Arthropoda","Copepoda","Calanoida","Tharybidae","Tharybis","Calanoid",2,
2362,"Tharybis sagamiensis","urn:lsid:marinespecies.org:taxname:356104","Tharybis sagamiensis Tanaka, 1960","Species","Animalia","Arthropoda","Copepoda","Calanoida","Tharybidae","Tharybis","Calanoid",1,
2363,"Tharybis scaura","urn:lsid:marinespecies.org:taxname:361994","Tharybis scaura Andronov, 2003","Species","Animalia","Arthropoda","Copepoda","Calanoida","Tharybidae","Tharybis","Calanoid",2,
2364,"Tharybis shuheiella","urn:lsid:marinespecies.org:taxname:348314","Tharybis shuheiella Ferrari F.D. & Markhaseva, 2005","Species","Animalia","Arthropoda","Copepoda","Calanoida","Tharybidae","Tharybis","Calanoid",1,
2365,"Tharybis tuberosa","urn:lsid:marinespecies.org:taxname:361993","Tharybis tuberosa Andronov, 2003","Species","Animalia","Arthropoda","Copepoda","Calanoida","Tharybidae","Tharybis","Calanoid",2,
2366,"Tharybis tumidula","urn:lsid:marinespecies.org:taxname:361995","Tharybis tumidula Andronov, 2003","Species","Animalia","Arthropoda","Copepoda","Calanoida","Tharybidae","Tharybis","Calanoid",1,
2368,"Thompsonopia mediterranea","urn:lsid:marinespecies.org:taxname:104759","Thompsonopia mediterranea Jaume, Fosshagen & Iliffe, 1999","Species","Animalia","Arthropoda","Copepoda","Calanoida","Pseudocyclopiidae","Thompsonopia","Calanoid",2,
2369,"Thompsonopia muranoi","urn:lsid:marinespecies.org:taxname:361250","Thompsonopia muranoi (Ohtsuka, 1992)","Species","Animalia","Arthropoda","Copepoda","Calanoida","Pseudocyclopiidae","Thompsonopia","Calanoid",2,
2370,"Thompsonopia stephoides","urn:lsid:marinespecies.org:taxname:104760","Thompsonopia stephoides (Thompson I.C., 1895)","Species","Animalia","Arthropoda","Copepoda","Calanoida","Pseudocyclopiidae","Thompsonopia","Calanoid",5,
2372,"Thoxancalanus spinatus","urn:lsid:marinespecies.org:taxname:743920","Thoxancalanus spinatus Markhaseva, Laakmann & Renz, 2014","Species","Animalia","Arthropoda","Copepoda","Calanoida","Diaixidae","Thoxancalanus","Calanoid",1,
2373,"Tortanidae","urn:lsid:marinespecies.org:taxname:157682","Tortanidae Sars G.O., 1902","Family","Animalia","Arthropoda","Copepoda","Calanoida","Tortanidae",,"Calanoid",2,
2374,"Tortanus","urn:lsid:marinespecies.org:taxname:157683","Tortanus Giesbrecht in Giesbrecht & Schmeil, 1898","Genus","Animalia","Arthropoda","Copepoda","Calanoida","Tortanidae","Tortanus","Calanoid",75,
2375,"Tortanus (Acutanus) angularis","urn:lsid:marinespecies.org:taxname:720412","Tortanus (Acutanus) angularis Ohtsuka, 1992","Species","Animalia","Arthropoda","Copepoda","Calanoida","Tortanidae","Tortanus","Calanoid",2,
2376,"Tortanus (Acutanus) compernis","urn:lsid:marinespecies.org:taxname:720417","Tortanus (Acutanus) compernis Gonzalez & Bowman, 1965","Species","Animalia","Arthropoda","Copepoda","Calanoida","Tortanidae","Tortanus","Calanoid",2,
2377,"Tortanus (Acutanus) ecornatus","urn:lsid:marinespecies.org:taxname:720590","Tortanus (Acutanus) ecornatus Ohtsuka & Reid, 1998","Species","Animalia","Arthropoda","Copepoda","Calanoida","Tortanidae","Tortanus","Calanoid",2,
2378,"Tortanus (Acutanus) setacaudatus","urn:lsid:marinespecies.org:taxname:720430","Tortanus (Acutanus) setacaudatus Williams, 1906","Species","Animalia","Arthropoda","Copepoda","Calanoida","Tortanidae","Tortanus","Calanoid",2,
2380,"Tortanus (Atortus) ampliramus","urn:lsid:marinespecies.org:taxname:720600","Tortanus (Atortus) ampliramus Ohtsuka, El-Sherbiny & Ueda, 2000","Species","Animalia","Arthropoda","Copepoda","Calanoida","Tortanidae","Tortanus","Calanoid",2,
2381,"Tortanus (Atortus) andamanensis","urn:lsid:marinespecies.org:taxname:843632","Tortanus (Atortus) andamanensis Nishida, Anandavelu & Padmavati, 2015","Species","Animalia","Arthropoda","Copepoda","Calanoida","Tortanidae","Tortanus","Calanoid",2,
2382,"Tortanus (Atortus) bonjoi","urn:lsid:marinespecies.org:taxname:720413","Tortanus (Atortus) bonjoi Othman, 1987","Species","Animalia","Arthropoda","Copepoda","Calanoida","Tortanidae","Tortanus","Calanoid",2,
2383,"Tortanus (Atortus) bowmani","urn:lsid:marinespecies.org:taxname:720414","Tortanus (Atortus) bowmani Othman, 1987","Species","Animalia","Arthropoda","Copepoda","Calanoida","Tortanidae","Tortanus","Calanoid",2,
2384,"Tortanus (Atortus) brevipes","urn:lsid:marinespecies.org:taxname:720415","Tortanus (Atortus) brevipes Scott A., 1909","Species","Animalia","Arthropoda","Copepoda","Calanoida","Tortanidae","Tortanus","Calanoid",1,
2385,"Tortanus (Atortus) capensis","urn:lsid:marinespecies.org:taxname:720416","Tortanus (Atortus) capensis Grindley, 1978","Species","Animalia","Arthropoda","Copepoda","Calanoida","Tortanidae","Tortanus","Calanoid",2,
2386,"Tortanus (Atortus) digitalis","urn:lsid:marinespecies.org:taxname:720419","Tortanus (Atortus) digitalis Ohtsuka & Kimoto, 1989","Species","Animalia","Arthropoda","Copepoda","Calanoida","Tortanidae","Tortanus","Calanoid",2,
2387,"Tortanus (Atortus) erabuensis","urn:lsid:marinespecies.org:taxname:720420","Tortanus (Atortus) erabuensis Ohtsuka, Fukuura & Go, 1987","Species","Animalia","Arthropoda","Copepoda","Calanoida","Tortanidae","Tortanus","Calanoid",2,
2388,"Tortanus (Atortus) giesbrechti","urn:lsid:marinespecies.org:taxname:720422","Tortanus (Atortus) giesbrechti Jones E.C. & Park, 1968","Species","Animalia","Arthropoda","Copepoda","Calanoida","Tortanidae","Tortanus","Calanoid",2,
2389,"Tortanus (Atortus) insularis","urn:lsid:marinespecies.org:taxname:720584","Tortanus (Atortus) insularis Ohtsuka & Conway, 2003","Species","Animalia","Arthropoda","Copepoda","Calanoida","Tortanidae","Tortanus","Calanoid",4,
2390,"Tortanus (Atortus) longipes","urn:lsid:marinespecies.org:taxname:720423","Tortanus (Atortus) longipes Brodsky, 1948","Species","Animalia","Arthropoda","Copepoda","Calanoida","Tortanidae","Tortanus","Calanoid",2,
2391,"Tortanus (Atortus) lophus","urn:lsid:marinespecies.org:taxname:720424","Tortanus (Atortus) lophus Bowman, 1971","Species","Animalia","Arthropoda","Copepoda","Calanoida","Tortanidae","Tortanus","Calanoid",2,
2392,"Tortanus (Atortus) magnonyx","urn:lsid:marinespecies.org:taxname:720585","Tortanus (Atortus) magnonyx Ohtsuka & Conway, 2005","Species","Animalia","Arthropoda","Copepoda","Calanoida","Tortanidae","Tortanus","Calanoid",2,
2393,"Tortanus (Atortus) murrayi","urn:lsid:marinespecies.org:taxname:720425","Tortanus (Atortus) murrayi Scott A., 1909","Species","Animalia","Arthropoda","Copepoda","Calanoida","Tortanidae","Tortanus","Calanoid",2,
2394,"Tortanus (Atortus) nishidai","urn:lsid:marinespecies.org:taxname:720603","Tortanus (Atortus) nishidai Ohtsuka, El-Sherbiny & Ueda, 2000","Species","Animalia","Arthropoda","Copepoda","Calanoida","Tortanidae","Tortanus","Calanoid",1,
2395,"Tortanus (Atortus) recticaudus","urn:lsid:marinespecies.org:taxname:720426","Tortanus (Atortus) recticaudus (Giesbrecht, 1889)","Species","Animalia","Arthropoda","Copepoda","Calanoida","Tortanidae","Tortanus","Calanoid",2,
2396,"Tortanus (Atortus) rubidus","urn:lsid:marinespecies.org:taxname:720427","Tortanus (Atortus) rubidus Tanaka, 1965","Species","Animalia","Arthropoda","Copepoda","Calanoida","Tortanidae","Tortanus","Calanoid",2,
2397,"Tortanus (Atortus) ryukyuensis","urn:lsid:marinespecies.org:taxname:720428","Tortanus (Atortus) ryukyuensis Ohtsuka & Kimoto, 1989","Species","Animalia","Arthropoda","Copepoda","Calanoida","Tortanidae","Tortanus","Calanoid",2,
2398,"Tortanus (Atortus) scaphus","urn:lsid:marinespecies.org:taxname:720429","Tortanus (Atortus) scaphus Bowman, 1971","Species","Animalia","Arthropoda","Copepoda","Calanoida","Tortanidae","Tortanus","Calanoid",2,
2399,"Tortanus (Atortus) sigmoides","urn:lsid:marinespecies.org:taxname:843633","Tortanus (Atortus) sigmoides Nishida, Anandavelu & Padmavati, 2015","Species","Animalia","Arthropoda","Copepoda","Calanoida","Tortanidae","Tortanus","Calanoid",1,
2400,"Tortanus (Atortus) sinicus","urn:lsid:marinespecies.org:taxname:720431","Tortanus (Atortus) sinicus Chen, 1983","Species","Animalia","Arthropoda","Copepoda","Calanoida","Tortanidae","Tortanus","Calanoid",2,
2401,"Tortanus (Atortus) taiwanicus","urn:lsid:marinespecies.org:taxname:720604","Tortanus (Atortus) taiwanicus Chen Q.C. & Hwang J.S., 1999","Species","Animalia","Arthropoda","Copepoda","Calanoida","Tortanidae","Tortanus","Calanoid",2,
2402,"Tortanus (Atortus) tropicus","urn:lsid:marinespecies.org:taxname:720432","Tortanus (Atortus) tropicus Sewell, 1932","Species","Animalia","Arthropoda","Copepoda","Calanoida","Tortanidae","Tortanus","Calanoid",2,
2403,"Tortanus (Atortus) tumidus","urn:lsid:marinespecies.org:taxname:720605","Tortanus (Atortus) tumidus Chen, Hwang & Yin, 2004","Species","Animalia","Arthropoda","Copepoda","Calanoida","Tortanidae","Tortanus","Calanoid",2,
2404,"Tortanus (Atortus) vietnamicus","urn:lsid:marinespecies.org:taxname:720606","Tortanus (Atortus) vietnamicus Nishida & Cho, 2005","Species","Animalia","Arthropoda","Copepoda","Calanoida","Tortanidae","Tortanus","Calanoid",2,
2405,"Tortanus (Boreotortanus) discaudatus","urn:lsid:marinespecies.org:taxname:720592","Tortanus (Boreotortanus) discaudatus (Thompson I.C. & Scott A.) In Herdman, Thompson & Scott, 1897)","Species","Animalia","Arthropoda","Copepoda","Calanoida","Tortanidae","Tortanus","Calanoid",139,
2406,"Tortanus (Eutortanus) derjugini","urn:lsid:marinespecies.org:taxname:720418","Tortanus (Eutortanus) derjugini Smirnov, 1935","Species","Animalia","Arthropoda","Copepoda","Calanoida","Tortanidae","Tortanus","Calanoid",2,
2407,"Tortanus (Eutortanus) dextrilobatus","urn:lsid:marinespecies.org:taxname:720588","Tortanus (Eutortanus) dextrilobatus Chen & Zhang, 1965","Species","Animalia","Arthropoda","Copepoda","Calanoida","Tortanidae","Tortanus","Calanoid",17,
2408,"Tortanus (Eutortanus) komachi","urn:lsid:marinespecies.org:taxname:720602","Tortanus (Eutortanus) komachi Itoh, Ohtsuka & Sato, 2001","Species","Animalia","Arthropoda","Copepoda","Calanoida","Tortanidae","Tortanus","Calanoid",2,
2409,"Tortanus (Eutortanus) sheni","urn:lsid:marinespecies.org:taxname:720593","Tortanus (Eutortanus) sheni Hulsemann, 1988","Species","Animalia","Arthropoda","Copepoda","Calanoida","Tortanidae","Tortanus","Calanoid",2,
2410,"Tortanus (Eutortanus) spinicaudatus","urn:lsid:marinespecies.org:taxname:720594","Tortanus (Eutortanus) spinicaudatus Shen & Bai, 1956","Species","Animalia","Arthropoda","Copepoda","Calanoida","Tortanidae","Tortanus","Calanoid",2,
2411,"Tortanus (Eutortanus) terminalis","urn:lsid:marinespecies.org:taxname:720589","Tortanus (Eutortanus) terminalis Ohtsuka & Reid, 1998","Species","Animalia","Arthropoda","Copepoda","Calanoida","Tortanidae","Tortanus","Calanoid",2,
2412,"Tortanus (Eutortanus) vermiculus","urn:lsid:marinespecies.org:taxname:720595","Tortanus (Eutortanus) vermiculus Shen, 1955","Species","Animalia","Arthropoda","Copepoda","Calanoida","Tortanidae","Tortanus","Calanoid",2,
2413,"Tortanus (Tortanus) barbatus","urn:lsid:marinespecies.org:taxname:720586","Tortanus (Tortanus) barbatus (Brady, 1883)","Species","Animalia","Arthropoda","Copepoda","Calanoida","Tortanidae","Tortanus","Calanoid",5,
2414,"Tortanus (Tortanus) forcipatus","urn:lsid:marinespecies.org:taxname:720587","Tortanus (Tortanus) forcipatus (Giesbrecht, 1889)","Species","Animalia","Arthropoda","Copepoda","Calanoida","Tortanidae","Tortanus","Calanoid",18,
2415,"Tortanus (Tortanus) gracilis","urn:lsid:marinespecies.org:taxname:720560","Tortanus (Tortanus) gracilis (Brady, 1883)","Species","Animalia","Arthropoda","Copepoda","Calanoida","Tortanidae","Tortanus","Calanoid",715,
2416,"Undeuchaeta","urn:lsid:marinespecies.org:taxname:104128","Undeuchaeta Giesbrecht, 1888","Genus","Animalia","Arthropoda","Copepoda","Calanoida","Aetideidae","Undeuchaeta","Calanoid",5,
2417,"Undeuchaeta incisa","urn:lsid:marinespecies.org:taxname:104341","Undeuchaeta incisa Esterly, 1911","Species","Animalia","Arthropoda","Copepoda","Calanoida","Aetideidae","Undeuchaeta","Calanoid",4,29360
2418,"Undeuchaeta intermedia","urn:lsid:marinespecies.org:taxname:196795","Undeuchaeta intermedia Scott A., 1909","Species","Animalia","Arthropoda","Copepoda","Calanoida","Aetideidae","Undeuchaeta","Calanoid",26,28154
2419,"Undeuchaeta japonica","urn:lsid:marinespecies.org:taxname:356330","Undeuchaeta japonica Chiba, 1956","Species","Animalia","Arthropoda","Copepoda","Calanoida","Aetideidae","Undeuchaeta","Calanoid",1,
2420,"Undeuchaeta major","urn:lsid:marinespecies.org:taxname:104342","Undeuchaeta major Giesbrecht, 1888","Species","Animalia","Arthropoda","Copepoda","Calanoida","Aetideidae","Undeuchaeta","Calanoid",42,29361
2421,"Undeuchaeta plumosa","urn:lsid:marinespecies.org:taxname:104343","Undeuchaeta plumosa (Lubbock, 1856)","Species","Animalia","Arthropoda","Copepoda","Calanoida","Aetideidae","Undeuchaeta","Calanoid",28,29362
2422,"Undinella","urn:lsid:marinespecies.org:taxname:104247","Undinella Sars G.O., 1900","Genus","Animalia","Arthropoda","Copepoda","Calanoida","Tharybidae","Undinella","Calanoid",2,
2423,"Undinella aculeata","urn:lsid:marinespecies.org:taxname:361996","Undinella aculeata Andronov, 2003","Species","Animalia","Arthropoda","Copepoda","Calanoida","Tharybidae","Undinella","Calanoid",2,
2424,"Undinella acuta","urn:lsid:marinespecies.org:taxname:356338","Undinella acuta Vaupel Klein, 1970","Species","Animalia","Arthropoda","Copepoda","Calanoida","Tharybidae","Undinella","Calanoid",2,
2425,"Undinella frontalis","urn:lsid:marinespecies.org:taxname:355212","Undinella frontalis (Tanaka, 1937)","Species","Animalia","Arthropoda","Copepoda","Calanoida","Tharybidae","Undinella","Calanoid",2,29486
2426,"Undinella gricei","urn:lsid:marinespecies.org:taxname:356341","Undinella gricei Wheeler, 1970","Species","Animalia","Arthropoda","Copepoda","Calanoida","Tharybidae","Undinella","Calanoid",2,
2427,"Undinella hampsoni","urn:lsid:marinespecies.org:taxname:356342","Undinella hampsoni Grice & Hulsemann, 1970","Species","Animalia","Arthropoda","Copepoda","Calanoida","Tharybidae","Undinella","Calanoid",2,28261
2428,"Undinella oblonga","urn:lsid:marinespecies.org:taxname:104895","Undinella oblonga Sars G.O., 1900","Species","Animalia","Arthropoda","Copepoda","Calanoida","Tharybidae","Undinella","Calanoid",9,29487
2429,"Undinella simplex","urn:lsid:marinespecies.org:taxname:149693","Undinella simplex (Wolfenden, 1906)","Species","Animalia","Arthropoda","Copepoda","Calanoida","Tharybidae","Undinella","Calanoid",3,29488
2430,"Undinella spinifer","urn:lsid:marinespecies.org:taxname:356343","Undinella spinifer Tanaka, 1960","Species","Animalia","Arthropoda","Copepoda","Calanoida","Tharybidae","Undinella","Calanoid",1,
2431,"Undinella stirni","urn:lsid:marinespecies.org:taxname:356344","Undinella stirni Grice, 1971","Species","Animalia","Arthropoda","Copepoda","Calanoida","Tharybidae","Undinella","Calanoid",2,
2433,"Undinothrix spinosa","urn:lsid:marinespecies.org:taxname:356345","Undinothrix spinosa Tanaka, 1961","Species","Animalia","Arthropoda","Copepoda","Calanoida","Scolecitrichidae","Undinothrix","Calanoid",1,
2434,"Undinula","urn:lsid:marinespecies.org:taxname:104156","Undinula Scott A., 1909","Genus","Animalia","Arthropoda","Copepoda","Calanoida","Calanidae","Undinula","Calanoid",1,
2435,"Undinula vulgaris","urn:lsid:marinespecies.org:taxname:104473","Undinula vulgaris (Dana, 1849)","Species","Animalia","Arthropoda","Copepoda","Calanoida","Calanidae","Undinula","Calanoid",515,29205
2436,"Valdiviella","urn:lsid:marinespecies.org:taxname:104129","Valdiviella Steuer, 1904","Genus","Animalia","Arthropoda","Copepoda","Calanoida","Aetideidae","Valdiviella","Calanoid",1,
2437,"Valdiviella brevicornis","urn:lsid:marinespecies.org:taxname:221298","Valdiviella brevicornis Sars G.O., 1905","Species","Animalia","Arthropoda","Copepoda","Calanoida","Aetideidae","Valdiviella","Calanoid",3,29385
2438,"Valdiviella brodskyi","urn:lsid:marinespecies.org:taxname:356359","Valdiviella brodskyi Zvereva, 1975","Species","Animalia","Arthropoda","Copepoda","Calanoida","Aetideidae","Valdiviella","Calanoid",1,
2439,"Valdiviella ignota","urn:lsid:marinespecies.org:taxname:356360","Valdiviella ignota Sewell, 1929","Species","Animalia","Arthropoda","Copepoda","Calanoida","Aetideidae","Valdiviella","Calanoid",1,
2440,"Valdiviella imperfecta","urn:lsid:marinespecies.org:taxname:360762","Valdiviella imperfecta Brodsky, 1950","Species","Animalia","Arthropoda","Copepoda","Calanoida","Aetideidae","Valdiviella","Calanoid",1,29386
2441,"Valdiviella insignis","urn:lsid:marinespecies.org:taxname:104344","Valdiviella insignis Farran, 1908","Species","Animalia","Arthropoda","Copepoda","Calanoida","Aetideidae","Valdiviella","Calanoid",4,29387
2442,"Valdiviella minor","urn:lsid:marinespecies.org:taxname:104345","Valdiviella minor Wolfenden, 1911","Species","Animalia","Arthropoda","Copepoda","Calanoida","Aetideidae","Valdiviella","Calanoid",2,
2443,"Valdiviella oligarthra","urn:lsid:marinespecies.org:taxname:104346","Valdiviella oligarthra Steuer, 1904","Species","Animalia","Arthropoda","Copepoda","Calanoida","Aetideidae","Valdiviella","Calanoid",4,28155
2444,"Vensiasa","urn:lsid:marinespecies.org:taxname:866222","Vensiasa Markhaseva, 2015","Genus","Animalia","Arthropoda","Copepoda","Calanoida","Diaixidae","Vensiasa","Calanoid",2,
2445,"Vensiasa incerta","urn:lsid:marinespecies.org:taxname:866223","Vensiasa incerta Markhaseva, 2015","Species","Animalia","Arthropoda","Copepoda","Calanoida","Diaixidae","Vensiasa","Calanoid",1,
2447,"Xancithrix ohmani","urn:lsid:marinespecies.org:taxname:714258","Xancithrix ohmani Markhaseva, 2012","Species","Animalia","Arthropoda","Copepoda","Calanoida","Diaixidae","Xancithrix","Calanoid",2,
2449,"Xantharus cryeri","urn:lsid:marinespecies.org:taxname:348310","Xantharus cryeri Bradford-Grieve, 2005","Species","Animalia","Arthropoda","Copepoda","Calanoida","Scolecitrichidae","Xantharus","Calanoid",1,
2450,"Xantharus formosus","urn:lsid:marinespecies.org:taxname:356373","Xantharus formosus Andronov, 1981","Species","Animalia","Arthropoda","Copepoda","Calanoida","Scolecitrichidae","Xantharus","Calanoid",2,
2451,"Xantharus renatehaassae","urn:lsid:marinespecies.org:taxname:345708","Xantharus renatehaassae Schulz, 1998","Species","Animalia","Arthropoda","Copepoda","Calanoida","Scolecitrichidae","Xantharus","Calanoid",2,
2452,"Xantharus siedleckii","urn:lsid:marinespecies.org:taxname:362101","Xantharus siedleckii Schulz & Kwasniewski, 2004","Species","Animalia","Arthropoda","Copepoda","Calanoida","Scolecitrichidae","Xantharus","Calanoid",1,
2453,"Xanthocalanus","urn:lsid:marinespecies.org:taxname:104204","Xanthocalanus Giesbrecht, 1893","Genus","Animalia","Arthropoda","Copepoda","Calanoida","Phaennidae","Xanthocalanus","Calanoid",4,
2454,"Xanthocalanus agilis","urn:lsid:marinespecies.org:taxname:104700","Xanthocalanus agilis Giesbrecht, 1893","Species","Animalia","Arthropoda","Copepoda","Calanoida","Phaennidae","Xanthocalanus","Calanoid",7,29406
2455,"Xanthocalanus alvinae","urn:lsid:marinespecies.org:taxname:356376","Xanthocalanus alvinae Grice & Hulsemann, 1970","Species","Animalia","Arthropoda","Copepoda","Calanoida","Scolecitrichidae","Xanthocalanus","Calanoid",1,
2456,"Xanthocalanus amabilis","urn:lsid:marinespecies.org:taxname:356377","Xanthocalanus amabilis Tanaka, 1960","Species","Animalia","Arthropoda","Copepoda","Calanoida","Phaennidae","Xanthocalanus","Calanoid",1,
2457,"Xanthocalanus antarcticus","urn:lsid:marinespecies.org:taxname:345709","Xanthocalanus antarcticus Wolfenden, 1908","Species","Animalia","Arthropoda","Copepoda","Calanoida","Phaennidae","Xanthocalanus","Calanoid",1,
2458,"Xanthocalanus claviger","urn:lsid:marinespecies.org:taxname:104702","Xanthocalanus claviger (Scott T., 1909)","Species","Animalia","Arthropoda","Copepoda","Calanoida","Phaennidae","Xanthocalanus","Calanoid",1,
2459,"Xanthocalanus cornifer","urn:lsid:marinespecies.org:taxname:360766","Xanthocalanus cornifer (Tanaka, 1960)","Species","Animalia","Arthropoda","Copepoda","Calanoida","Phaennidae","Xanthocalanus","Calanoid",1,
2460,"Xanthocalanus crassirostris","urn:lsid:marinespecies.org:taxname:360767","Xanthocalanus crassirostris (Tanaka, 1960)","Species","Animalia","Arthropoda","Copepoda","Calanoida","Phaennidae","Xanthocalanus","Calanoid",1,
2461,"Xanthocalanus dilatus","urn:lsid:marinespecies.org:taxname:356381","Xanthocalanus dilatus Grice, 1962","Species","Animalia","Arthropoda","Copepoda","Calanoida","Phaennidae","Xanthocalanus","Calanoid",2,80330
2462,"Xanthocalanus echinatus","urn:lsid:marinespecies.org:taxname:104704","Xanthocalanus echinatus Sars G.O., 1907","Species","Animalia","Arthropoda","Copepoda","Calanoida","Phaennidae","Xanthocalanus","Calanoid",2,
2463,"Xanthocalanus fallax","urn:lsid:marinespecies.org:taxname:104705","Xanthocalanus fallax Sars G.O., 1903","Species","Animalia","Arthropoda","Copepoda","Calanoida","Phaennidae","Xanthocalanus","Calanoid",3,29407
2464,"Xanthocalanus giesbrechti","urn:lsid:marinespecies.org:taxname:104706","Xanthocalanus giesbrechti Thompson I.C., 1903","Species","Animalia","Arthropoda","Copepoda","Calanoida","Phaennidae","Xanthocalanus","Calanoid",2,
2465,"Xanthocalanus gracilis","urn:lsid:marinespecies.org:taxname:345710","Xanthocalanus gracilis Wolfenden, 1911","Species","Animalia","Arthropoda","Copepoda","Calanoida","Phaennidae","Xanthocalanus","Calanoid",1,
2466,"Xanthocalanus harpagatus","urn:lsid:marinespecies.org:taxname:345711","Xanthocalanus harpagatus Bradford & Wells, 1983","Species","Animalia","Arthropoda","Copepoda","Calanoida","Phaennidae","Xanthocalanus","Calanoid",1,
2467,"Xanthocalanus hirtipes","urn:lsid:marinespecies.org:taxname:360768","Xanthocalanus hirtipes Vanhöffen, 1897","Species","Animalia","Arthropoda","Copepoda","Calanoida","Phaennidae","Xanthocalanus","Calanoid",6,
2468,"Xanthocalanus hispidus","urn:lsid:marinespecies.org:taxname:221300","Xanthocalanus hispidus Grice & Hulsemann, 1967","Species","Animalia","Arthropoda","Copepoda","Calanoida","Phaennidae","Xanthocalanus","Calanoid",1,
2469,"Xanthocalanus irritans","urn:lsid:marinespecies.org:taxname:360769","Xanthocalanus irritans (Tanaka, 1960)","Species","Animalia","Arthropoda","Copepoda","Calanoida","Phaennidae","Xanthocalanus","Calanoid",1,
2470,"Xanthocalanus kurilensis","urn:lsid:marinespecies.org:taxname:356387","Xanthocalanus kurilensis Brodsky, 1950","Species","Animalia","Arthropoda","Copepoda","Calanoida","Phaennidae","Xanthocalanus","Calanoid",4,29400
2471,"Xanthocalanus legatus","urn:lsid:marinespecies.org:taxname:356388","Xanthocalanus legatus Tanaka, 1960","Species","Animalia","Arthropoda","Copepoda","Calanoida","Phaennidae","Xanthocalanus","Calanoid",1,
2472,"Xanthocalanus longispinus","urn:lsid:marinespecies.org:taxname:362234","Xanthocalanus longispinus Bradford-Grieve, 2004","Species","Animalia","Arthropoda","Copepoda","Calanoida","Phaennidae","Xanthocalanus","Calanoid",2,
2473,"Xanthocalanus macilenta","urn:lsid:marinespecies.org:taxname:360770","Xanthocalanus macilenta (Grice & Hulsemann, 1970)","Species","Animalia","Arthropoda","Copepoda","Calanoida","Phaennidae","Xanthocalanus","Calanoid",1,28241
2474,"Xanthocalanus marlyae","urn:lsid:marinespecies.org:taxname:356391","Xanthocalanus marlyae Campaner, 1978","Species","Animalia","Arthropoda","Copepoda","Calanoida","Phaennidae","Xanthocalanus","Calanoid",1,
2475,"Xanthocalanus medius","urn:lsid:marinespecies.org:taxname:356393","Xanthocalanus medius Tanaka, 1937","Species","Animalia","Arthropoda","Copepoda","Calanoida","Phaennidae","Xanthocalanus","Calanoid",1,
2476,"Xanthocalanus meteorae","urn:lsid:marinespecies.org:taxname:362006","Xanthocalanus meteorae Markhaseva & Schnack-Schiel, 2003","Species","Animalia","Arthropoda","Copepoda","Calanoida","Phaennidae","Xanthocalanus","Calanoid",1,
2477,"Xanthocalanus minor","urn:lsid:marinespecies.org:taxname:104708","Xanthocalanus minor Giesbrecht, 1893","Species","Animalia","Arthropoda","Copepoda","Calanoida","Phaennidae","Xanthocalanus","Calanoid",7,25725
2478,"Xanthocalanus mixtus","urn:lsid:marinespecies.org:taxname:104709","Xanthocalanus mixtus Sars G.O., 1920","Species","Animalia","Arthropoda","Copepoda","Calanoida","Phaennidae","Xanthocalanus","Calanoid",2,29412
2479,"Xanthocalanus multispinus","urn:lsid:marinespecies.org:taxname:356394","Xanthocalanus multispinus Chen & Zhang, 1975","Species","Animalia","Arthropoda","Copepoda","Calanoida","Phaennidae","Xanthocalanus","Calanoid",1,
2480,"Xanthocalanus muticus","urn:lsid:marinespecies.org:taxname:104710","Xanthocalanus muticus Sars G.O., 1905","Species","Animalia","Arthropoda","Copepoda","Calanoida","Phaennidae","Xanthocalanus","Calanoid",1,29411
2481,"Xanthocalanus obtusus","urn:lsid:marinespecies.org:taxname:104711","Xanthocalanus obtusus Farran, 1904","Species","Animalia","Arthropoda","Copepoda","Calanoida","Phaennidae","Xanthocalanus","Calanoid",3,29410
2482,"Xanthocalanus oculatus","urn:lsid:marinespecies.org:taxname:360771","Xanthocalanus oculatus (Tanaka, 1960)","Species","Animalia","Arthropoda","Copepoda","Calanoida","Phaennidae","Xanthocalanus","Calanoid",1,
2483,"Xanthocalanus pavlovskii","urn:lsid:marinespecies.org:taxname:356398","Xanthocalanus pavlovskii Brodsky, 1955","Species","Animalia","Arthropoda","Copepoda","Calanoida","Phaennidae","Xanthocalanus","Calanoid",2,
2484,"Xanthocalanus pectinatus","urn:lsid:marinespecies.org:taxname:356399","Xanthocalanus pectinatus Tanaka, 1960","Species","Animalia","Arthropoda","Copepoda","Calanoida","Phaennidae","Xanthocalanus","Calanoid",1,
2485,"Xanthocalanus penicillatus","urn:lsid:marinespecies.org:taxname:356400","Xanthocalanus penicillatus Tanaka, 1960","Species","Animalia","Arthropoda","Copepoda","Calanoida","Phaennidae","Xanthocalanus","Calanoid",1,
2486,"Xanthocalanus pinguis","urn:lsid:marinespecies.org:taxname:104712","Xanthocalanus pinguis Farran, 1905","Species","Animalia","Arthropoda","Copepoda","Calanoida","Phaennidae","Xanthocalanus","Calanoid",4,29409
2487,"Xanthocalanus polarsternae","urn:lsid:marinespecies.org:taxname:423829","Xanthocalanus polarsternae Markhaseva, 1998","Species","Animalia","Arthropoda","Copepoda","Calanoida","Phaennidae","Xanthocalanus","Calanoid",2,
2488,"Xanthocalanus profundus","urn:lsid:marinespecies.org:taxname:104713","Xanthocalanus profundus Sars G.O., 1907","Species","Animalia","Arthropoda","Copepoda","Calanoida","Phaennidae","Xanthocalanus","Calanoid",1,167506
2489,"Xanthocalanus propinquus","urn:lsid:marinespecies.org:taxname:104714","Xanthocalanus propinquus Sars G.O., 1902","Species","Animalia","Arthropoda","Copepoda","Calanoida","Phaennidae","Xanthocalanus","Calanoid",4,29408
2490,"Xanthocalanus pulcher","urn:lsid:marinespecies.org:taxname:356402","Xanthocalanus pulcher Esterly, 1911","Species","Animalia","Arthropoda","Copepoda","Calanoida","Phaennidae","Xanthocalanus","Calanoid",1,29404
2491,"Xanthocalanus quasiprofundus","urn:lsid:marinespecies.org:taxname:362053","Xanthocalanus quasiprofundus Vyshkvartzeva, 2002","Species","Animalia","Arthropoda","Copepoda","Calanoida","Phaennidae","Xanthocalanus","Calanoid",1,
2492,"Xanthocalanus rotundus","urn:lsid:marinespecies.org:taxname:360772","Xanthocalanus rotundus (Grice & Hulsemann, 1970)","Species","Animalia","Arthropoda","Copepoda","Calanoida","Phaennidae","Xanthocalanus","Calanoid",2,
2493,"Xanthocalanus serratus","urn:lsid:marinespecies.org:taxname:360773","Xanthocalanus serratus (Tanaka, 1960)","Species","Animalia","Arthropoda","Copepoda","Calanoida","Phaennidae","Xanthocalanus","Calanoid",1,
2494,"Xanthocalanus spinodenticulatus","urn:lsid:marinespecies.org:taxname:423830","Xanthocalanus spinodenticulatus Markhaseva, 1998","Species","Animalia","Arthropoda","Copepoda","Calanoida","Phaennidae","Xanthocalanus","Calanoid",1,
2495,"Xanthocalanus squamatus","urn:lsid:marinespecies.org:taxname:356406","Xanthocalanus squamatus Farran, 1936","Species","Animalia","Arthropoda","Copepoda","Calanoida","Phaennidae","Xanthocalanus","Calanoid",1,
2496,"Xanthocalanus stewarti","urn:lsid:marinespecies.org:taxname:362233","Xanthocalanus stewarti Bradford-Grieve, 2004","Species","Animalia","Arthropoda","Copepoda","Calanoida","Phaennidae","Xanthocalanus","Calanoid",1,
2497,"Xanthocalanus subagilis","urn:lsid:marinespecies.org:taxname:104715","Xanthocalanus subagilis Wolfenden, 1904","Species","Animalia","Arthropoda","Copepoda","Calanoida","Phaennidae","Xanthocalanus","Calanoid",6,29415
2498,"Xanthocalanus tenuiremis","urn:lsid:marinespecies.org:taxname:104716","Xanthocalanus tenuiremis Scott T., 1909","Species","Animalia","Arthropoda","Copepoda","Calanoida","Phaennidae","Xanthocalanus","Calanoid",1,
2499,"Xanthocalanus tenuiserratus","urn:lsid:marinespecies.org:taxname:345712","Xanthocalanus tenuiserratus Wolfenden, 1911","Species","Animalia","Arthropoda","Copepoda","Calanoida","Phaennidae","Xanthocalanus","Calanoid",1,
2500,"Xanthocalanus typicus","urn:lsid:marinespecies.org:taxname:360774","Xanthocalanus typicus (Scott T., 1894)","Species","Animalia","Arthropoda","Copepoda","Calanoida","Phaennidae","Xanthocalanus","Calanoid",2,28244
2502,"Yrocalanus admirabilis","urn:lsid:marinespecies.org:taxname:743923","Yrocalanus admirabilis (Andronov, 1992)","Species","Animalia","Arthropoda","Copepoda","Calanoida","Ryocalanidae","Yrocalanus","Calanoid",2,
2503,"Yrocalanus antarcticus","urn:lsid:marinespecies.org:taxname:826539","Yrocalanus antarcticus (Renz, Markhaseva & Schulz, 2012)","Species","Animalia","Arthropoda","Copepoda","Calanoida","Ryocalanidae","Yrocalanus","Calanoid",2,
2504,"Yrocalanus asymmetricus","urn:lsid:marinespecies.org:taxname:826540","Yrocalanus asymmetricus (Markhaseva & Ferrari, 1996)","Species","Animalia","Arthropoda","Copepoda","Calanoida","Ryocalanidae","Yrocalanus","Calanoid",1,
2505,"Yrocalanus bicornis","urn:lsid:marinespecies.org:taxname:826542","Yrocalanus bicornis (Markhaseva & Ferrari, 1996)","Species","Animalia","Arthropoda","Copepoda","Calanoida","Ryocalanidae","Yrocalanus","Calanoid",1,
2507,"Zenkevitchiella abyssalis","urn:lsid:marinespecies.org:taxname:356515","Zenkevitchiella abyssalis Brodsky, 1955","Species","Animalia","Arthropoda","Copepoda","Calanoida","Bathypontiidae","Zenkevitchiella","Calanoid",1,
2508,"Zenkevitchiella atlantica","urn:lsid:marinespecies.org:taxname:104461","Zenkevitchiella atlantica Grice & Hulsemann, 1965","Species","Animalia","Arthropoda","Copepoda","Calanoida","Bathypontiidae","Zenkevitchiella","Calanoid",2,
2509,"Zenkevitchiella crassa","urn:lsid:marinespecies.org:taxname:221326","Zenkevitchiella crassa Grice & Hulsemann, 1967","Species","Animalia","Arthropoda","Copepoda","Calanoida","Bathypontiidae","Zenkevitchiella","Calanoid",1,
2510,"Zenkevitchiella tridentae","urn:lsid:marinespecies.org:taxname:356516","Zenkevitchiella tridentae Wheeler, 1970","Species","Animalia","Arthropoda","Copepoda","Calanoida","Bathypontiidae","Zenkevitchiella","Calanoid",1,
2512,"Aidanosagitta crassa","urn:lsid:marinespecies.org:taxname:266700","Aidanosagitta crassa (Tokioka, 1938)","Species","Animalia","Chaetognatha","Sagittoidea","Aphragmophora","Sagittidae","Aidanosagitta","Chaetognath",38,60594
2513,"Aidanosagitta neglecta","urn:lsid:marinespecies.org:taxname:266708","Aidanosagitta neglecta (Aida, 1897)","Species","Animalia","Chaetognatha","Sagittoidea","Aphragmophora","Sagittidae","Aidanosagitta","Chaetognath",5,60600
2514,"Aidanosagitta regularis","urn:lsid:marinespecies.org:taxname:266712","Aidanosagitta regularis (Aida, 1897)","Species","Animalia","Chaetognatha","Sagittoidea","Aphragmophora","Sagittidae","Aidanosagitta","Chaetognath",3,60603
2517,"Caecosagitta macrocephala","urn:lsid:marinespecies.org:taxname:105431","Caecosagitta macrocephala (Fowler, 1904)","Species","Animalia","Chaetognatha","Sagittoidea","Aphragmophora","Sagittidae","Caecosagitta","Chaetognath",15,60607
2519,"Decipisagitta decipiens","urn:lsid:marinespecies.org:taxname:370469","Decipisagitta decipiens (Fowler, 1905)","Species","Animalia","Chaetognatha","Sagittoidea","Aphragmophora","Sagittidae","Decipisagitta","Chaetognath",10,60622
2520,"Decipisagitta sibogae","urn:lsid:marinespecies.org:taxname:370470","Decipisagitta sibogae (Fowler, 1906)","Species","Animalia","Chaetognatha","Sagittoidea","Aphragmophora","Sagittidae","Decipisagitta","Chaetognath",1,60626
2522,"Eukrohnia bathyantarctica","urn:lsid:marinespecies.org:taxname:266224","Eukrohnia bathyantarctica David, 1958","Species","Animalia","Chaetognatha","Sagittoidea","Phragmophora","Eukrohniidae","Eukrohnia","Chaetognath",9,60545
2523,"Eukrohnia bathypelagica","urn:lsid:marinespecies.org:taxname:105414","Eukrohnia bathypelagica Alvariño, 1962","Species","Animalia","Chaetognatha","Sagittoidea","Phragmophora","Eukrohniidae","Eukrohnia","Chaetognath",18,60546
2524,"Eukrohnia flaccicoeca","urn:lsid:marinespecies.org:taxname:266226","Eukrohnia flaccicoeca Casanova, 1986","Species","Animalia","Chaetognatha","Sagittoidea","Phragmophora","Eukrohniidae","Eukrohnia","Chaetognath",1,60548
2525,"Eukrohnia fowleri","urn:lsid:marinespecies.org:taxname:105415","Eukrohnia fowleri Ritter-Záhony, 1909","Species","Animalia","Chaetognatha","Sagittoidea","Phragmophora","Eukrohniidae","Eukrohnia","Chaetognath",20,60549
2526,"Eukrohnia hamata","urn:lsid:marinespecies.org:taxname:105416","Eukrohnia hamata (Möbius, 1875)","Species","Animalia","Chaetognatha","Sagittoidea","Phragmophora","Eukrohniidae","Eukrohnia","Chaetognath",48,60551
2527,"Eukrohnia macroneura","urn:lsid:marinespecies.org:taxname:266229","Eukrohnia macroneura Casanova, 1986","Species","Animalia","Chaetognatha","Sagittoidea","Phragmophora","Eukrohniidae","Eukrohnia","Chaetognath",1,60553
2528,"Eukrohnia proboscidea","urn:lsid:marinespecies.org:taxname:266231","Eukrohnia proboscidea Furnestin & Ducret, 1965","Species","Animalia","Chaetognatha","Sagittoidea","Phragmophora","Eukrohniidae","Eukrohnia","Chaetognath",1,60555
2530,"Ferosagitta ferox","urn:lsid:marinespecies.org:taxname:266247","Ferosagitta ferox (Doncaster, 1902)","Species","Animalia","Chaetognatha","Sagittoidea","Aphragmophora","Sagittidae","Ferosagitta","Chaetognath",4,60610
2531,"Ferosagitta hispida","urn:lsid:marinespecies.org:taxname:105432","Ferosagitta hispida (Conant, 1895)","Species","Animalia","Chaetognatha","Sagittoidea","Aphragmophora","Sagittidae","Ferosagitta","Chaetognath",454,60612
2532,"Ferosagitta robusta","urn:lsid:marinespecies.org:taxname:266249","Ferosagitta robusta (Doncaster, 1902)","Species","Animalia","Chaetognatha","Sagittoidea","Aphragmophora","Sagittidae","Ferosagitta","Chaetognath",24,60614
2534,"Flaccisagitta enflata","urn:lsid:marinespecies.org:taxname:105434","Flaccisagitta enflata (Grassi, 1881)","Species","Animalia","Chaetognatha","Sagittoidea","Aphragmophora","Sagittidae","Flaccisagitta","Chaetognath",97,60616
2535,"Flaccisagitta hexaptera","urn:lsid:marinespecies.org:taxname:105435","Flaccisagitta hexaptera (d'Orbigny, 1836)","Species","Animalia","Chaetognatha","Sagittoidea","Aphragmophora","Sagittidae","Flaccisagitta","Chaetognath",10,60617
2537,"Heterokrohnia mirabilis","urn:lsid:marinespecies.org:taxname:105422","Heterokrohnia mirabilis Ritter-Záhony, 1911","Species","Animalia","Chaetognatha","Sagittoidea","Phragmophora","Heterokrohniidae","Heterokrohnia","Chaetognath",1,60566
2540,"Krohnitta pacifica","urn:lsid:marinespecies.org:taxname:105428","Krohnitta pacifica (Aida, 1897)","Species","Animalia","Chaetognatha","Sagittoidea","Aphragmophora","Krohnittidae","Krohnitta","Chaetognath",4,60588
2541,"Krohnitta subtilis","urn:lsid:marinespecies.org:taxname:105429","Krohnitta subtilis (Grassi, 1881)","Species","Animalia","Chaetognatha","Sagittoidea","Aphragmophora","Krohnittidae","Krohnitta","Chaetognath",4,60589
2544,"Mesosagitta minima","urn:lsid:marinespecies.org:taxname:105437","Mesosagitta minima (Grassi, 1881)","Species","Animalia","Chaetognatha","Sagittoidea","Aphragmophora","Sagittidae","Mesosagitta","Chaetognath",41,60624
2545,"Parasagitta","urn:lsid:marinespecies.org:taxname:105408","Parasagitta Tokioka, 1965","Genus","Animalia","Chaetognatha","Sagittoidea","Aphragmophora","Sagittidae","Parasagitta","Chaetognath",4,
2546,"Parasagitta elegans","urn:lsid:marinespecies.org:taxname:105440","Parasagitta elegans (Verrill, 1873)","Species","Animalia","Chaetognatha","Sagittoidea","Aphragmophora","Sagittidae","Parasagitta","Chaetognath",317,60632
2547,"Parasagitta euneritica","urn:lsid:marinespecies.org:taxname:266254","Parasagitta euneritica (Alvariño, 1961)","Species","Animalia","Chaetognatha","Sagittoidea","Aphragmophora","Sagittidae","Parasagitta","Chaetognath",8,60633
2548,"Parasagitta megalophthalma","urn:lsid:marinespecies.org:taxname:105442","Parasagitta megalophthalma (Dallot & Ducret, 1969)","Species","Animalia","Chaetognatha","Sagittoidea","Aphragmophora","Sagittidae","Parasagitta","Chaetognath",1,60635
2549,"Parasagitta setosa","urn:lsid:marinespecies.org:taxname:105443","Parasagitta setosa (J. Müller, 1847)","Species","Animalia","Chaetognatha","Sagittoidea","Aphragmophora","Sagittidae","Parasagitta","Chaetognath",1,60638
2551,"Pseudosagitta","urn:lsid:marinespecies.org:taxname:105409","Pseudosagitta Germain & Joubin, 1912","Genus","Animalia","Chaetognatha","Sagittoidea","Aphragmophora","Sagittidae","Pseudosagitta","Chaetognath",3,
2552,"Pseudosagitta gazellae","urn:lsid:marinespecies.org:taxname:266258","Pseudosagitta gazellae (Ritter-Záhony, 1909)","Species","Animalia","Chaetognatha","Sagittoidea","Aphragmophora","Sagittidae","Pseudosagitta","Chaetognath",478,60385
2553,"Pseudosagitta lyra","urn:lsid:marinespecies.org:taxname:105444","Pseudosagitta lyra (Krohn, 1853)","Species","Animalia","Chaetognatha","Sagittoidea","Aphragmophora","Sagittidae","Pseudosagitta","Chaetognath",15,60386
2554,"Pseudosagitta maxima","urn:lsid:marinespecies.org:taxname:105445","Pseudosagitta maxima (Conant, 1896)","Species","Animalia","Chaetognatha","Sagittoidea","Aphragmophora","Sagittidae","Pseudosagitta","Chaetognath",11,60387
2556,"Pterosagitta draco","urn:lsid:marinespecies.org:taxname:105430","Pterosagitta draco (Krohn, 1853)","Species","Animalia","Chaetognatha","Sagittoidea","Aphragmophora","Pterosagittidae","Pterosagitta","Chaetognath",4,60591
2558,"Sagitta","urn:lsid:marinespecies.org:taxname:105410","Sagitta Quoy & Gaimard, 1827","Genus","Animalia","Chaetognatha","Sagittoidea","Aphragmophora","Sagittidae","Sagitta","Chaetognath",444,
2559,"Sagitta bipunctata","urn:lsid:marinespecies.org:taxname:105448","Sagitta bipunctata Quoy & Gaimard, 1827","Species","Animalia","Chaetognatha","Sagittoidea","Aphragmophora","Sagittidae","Sagitta","Chaetognath",23,60389
2560,"Sagitta helenae","urn:lsid:marinespecies.org:taxname:266262","Sagitta helenae Ritter-Záhony, 1911","Species","Animalia","Chaetognatha","Sagittoidea","Aphragmophora","Sagittidae","Sagitta","Chaetognath",1,60391
2563,"Serratosagitta bierii","urn:lsid:marinespecies.org:taxname:266267","Serratosagitta bierii (Alvariño, 1961)","Species","Animalia","Chaetognatha","Sagittoidea","Aphragmophora","Sagittidae","Serratosagitta","Chaetognath",7,92879
2564,"Serratosagitta pacifica","urn:lsid:marinespecies.org:taxname:266268","Serratosagitta pacifica (Tokioka, 1940)","Species","Animalia","Chaetognatha","Sagittoidea","Aphragmophora","Sagittidae","Serratosagitta","Chaetognath",2,60397
2565,"Serratosagitta pseudoserratodentata","urn:lsid:marinespecies.org:taxname:266269","Serratosagitta pseudoserratodentata (Tokioka, 1939)","Species","Animalia","Chaetognatha","Sagittoidea","Aphragmophora","Sagittidae","Serratosagitta","Chaetognath",1,60398
2566,"Serratosagitta serratodentata","urn:lsid:marinespecies.org:taxname:105464","Serratosagitta serratodentata (Krohn, 1853)","Species","Animalia","Chaetognatha","Sagittoidea","Aphragmophora","Sagittidae","Serratosagitta","Chaetognath",24,60400
2567,"Serratosagitta tasmanica","urn:lsid:marinespecies.org:taxname:105465","Serratosagitta tasmanica (Thompson, 1947)","Species","Animalia","Chaetognatha","Sagittoidea","Aphragmophora","Sagittidae","Serratosagitta","Chaetognath",6,60401
2569,"Solidosagitta marri","urn:lsid:marinespecies.org:taxname:266854","Solidosagitta marri (David, 1956)","Species","Animalia","Chaetognatha","Sagittoidea","Aphragmophora","Sagittidae","Solidosagitta","Chaetognath",13,60402
2570,"Solidosagitta planctonis","urn:lsid:marinespecies.org:taxname:105466","Solidosagitta planctonis (Steinhaus, 1896)","Species","Animalia","Chaetognatha","Sagittoidea","Aphragmophora","Sagittidae","Solidosagitta","Chaetognath",1,60403
2571,"Solidosagitta zetesios","urn:lsid:marinespecies.org:taxname:105463","Solidosagitta zetesios (Fowler, 1905)","Species","Animalia","Chaetognatha","Sagittoidea","Aphragmophora","Sagittidae","Solidosagitta","Chaetognath",14,88067
2572,"Zonosagitta bedoti","urn:lsid:marinespecies.org:taxname:266884","Zonosagitta bedoti (Béraneck, 1895)","Species","Animalia","Chaetognatha","Sagittoidea","Aphragmophora","Sagittidae","Zonosagitta","Chaetognath",4,60404
2573,"Zonosagitta nagae","urn:lsid:marinespecies.org:taxname:406116","Zonosagitta nagae (Alvariño, 1967)","Species","Animalia","Chaetognatha","Sagittoidea","Aphragmophora","Sagittidae","Zonosagitta","Chaetognath",21,88066
2574,"Zonosagitta pulchra","urn:lsid:marinespecies.org:taxname:266888","Zonosagitta pulchra (Doncaster, 1902)","Species","Animalia","Chaetognatha","Sagittoidea","Aphragmophora","Sagittidae","Zonosagitta","Chaetognath",2,60408
2576,"Diplostraca","urn:lsid:marinespecies.org:taxname:155670","Diplostraca Gerstaecker, 1866","Order","Animalia","Arthropoda","Branchiopoda","Cladocera",,,"Cladoceran",3,
2577,"Evadne","urn:lsid:marinespecies.org:taxname:106267","Evadne Lovén, 1836","Genus","Animalia","Arthropoda","Branchiopoda","Onychopoda","Podonidae","Evadne","Cladoceran",3,
2578,"Evadne nordmanni","urn:lsid:marinespecies.org:taxname:106273","Evadne nordmanni Lovén, 1836","Species","Animalia","Arthropoda","Branchiopoda","Onychopoda","Podonidae","Evadne","Cladoceran",8,9126
2582,"Podon","urn:lsid:marinespecies.org:taxname:106269","Podon Lilljeborg, 1853","Genus","Animalia","Arthropoda","Branchiopoda","Onychopoda","Podonidae","Podon","Cladoceran",6,
2585,"Bathocyroe","urn:lsid:marinespecies.org:taxname:238012","Bathocyroe Madin & Harbison, 1978","Genus","Animalia","Ctenophora","Tentaculata","Lobata","Bathocyroidae","Bathocyroe","Ctenophore",1,
2586,"Bathocyroe fosteri","urn:lsid:marinespecies.org:taxname:265828","Bathocyroe fosteri Madin & Harbison, 1978","Species","Animalia","Ctenophora","Tentaculata","Lobata","Bathocyroidae","Bathocyroe","Ctenophore",91,60722
2588,"Bathyctena","urn:lsid:marinespecies.org:taxname:264960","Bathyctena Mortensen, 1932","Genus","Animalia","Ctenophora","Tentaculata","Cydippida","Bathyctenidae","Bathyctena","Ctenophore",1,
2589,"Bathyctena chuni","urn:lsid:marinespecies.org:taxname:265844","Bathyctena chuni (Moser, 1909)","Species","Animalia","Ctenophora","Tentaculata","Cydippida","Bathyctenidae","Bathyctena","Ctenophore",2,60711
2591,"Beroe","urn:lsid:marinespecies.org:taxname:1434803","Beroe Muller, 1776","Genus","Animalia","Ctenophora","Nuda","Beroida","Beroidae","Beroe","Ctenophore",224,
2592,"Beroe abyssicola","urn:lsid:marinespecies.org:taxname:265150","Beroe abyssicola Mortensen, 1927","Species","Animalia","Ctenophora","Nuda","Beroida","Beroidae","Beroe","Ctenophore",12,60802
2593,"Beroe cucumis","urn:lsid:marinespecies.org:taxname:106358","Beroe cucumis Fabricius, 1780","Species","Animalia","Ctenophora","Nuda","Beroida","Beroidae","Beroe","Ctenophore",71,60807
2594,"Beroe forskalii","urn:lsid:marinespecies.org:taxname:106360","Beroe forskalii Milne Edwards, 1841","Species","Animalia","Ctenophora","Nuda","Beroida","Beroidae","Beroe","Ctenophore",6,60810
2595,"Beroe gracilis","urn:lsid:marinespecies.org:taxname:106361","Beroe gracilis Künne, 1939","Species","Animalia","Ctenophora","Nuda","Beroida","Beroidae","Beroe","Ctenophore",13,60812
2596,"Beroe mitrata","urn:lsid:marinespecies.org:taxname:238013","Beroe mitrata (Moser, 1907)","Species","Animalia","Ctenophora","Nuda","Beroida","Beroidae","Beroe","Ctenophore",5,60815
2597,"Beroe ovata","urn:lsid:marinespecies.org:taxname:106362","Beroe ovata Bruguière, 1789","Species","Animalia","Ctenophora","Nuda","Beroida","Beroidae","Beroe","Ctenophore",302,87891
2601,"Bolinopsis","urn:lsid:marinespecies.org:taxname:106350","Bolinopsis L. Agassiz, 1860","Genus","Animalia","Ctenophora","Tentaculata","Lobata","Bolinopsidae","Bolinopsis","Ctenophore",6,
2602,"Bolinopsis infundibulum","urn:lsid:marinespecies.org:taxname:106393","Bolinopsis infundibulum (O.F. Müller, 1776)","Species","Animalia","Ctenophora","Tentaculata","Lobata","Bolinopsidae","Bolinopsis","Ctenophore",74,60727
2603,"Bolinopsis mikado","urn:lsid:marinespecies.org:taxname:265201","Bolinopsis mikado (Moser, 1907)","Species","Animalia","Ctenophora","Tentaculata","Lobata","Bolinopsidae","Bolinopsis","Ctenophore",276,60729
2604,"Bolinopsis vitrea","urn:lsid:marinespecies.org:taxname:106396","Bolinopsis vitrea (L. Agassiz, 1860)","Species","Animalia","Ctenophora","Tentaculata","Lobata","Bolinopsidae","Bolinopsis","Ctenophore",25,60732
2605,"Callianira","urn:lsid:marinespecies.org:taxname:106339","Callianira Péron & Lesueur, 1810 (emend. Eschscholtz, 1829)","Genus","Animalia","Ctenophora","Tentaculata","Cydippida","Cydippida incertae sedis","Callianira","Ctenophore",2,
2606,"Callianira antarctica","urn:lsid:marinespecies.org:taxname:265170","Callianira antarctica Chun, 1897","Species","Animalia","Ctenophora","Tentaculata","Cydippida","Cydippida incertae sedis","Callianira","Ctenophore",37,60006
2607,"Callianira bialata","urn:lsid:marinespecies.org:taxname:106373","Callianira bialata Delle Chiaje, 1841","Species","Animalia","Ctenophora","Tentaculata","Cydippida","Cydippida incertae sedis","Callianira","Ctenophore",4,60007
2610,"Cestum","urn:lsid:marinespecies.org:taxname:106332","Cestum Lesueur, 1813","Genus","Animalia","Ctenophora","Tentaculata","Cestida","Cestidae","Cestum","Ctenophore",2,
2611,"Cestum veneris","urn:lsid:marinespecies.org:taxname:106363","Cestum veneris Lesueur, 1813","Species","Animalia","Ctenophora","Tentaculata","Cestida","Cestidae","Cestum","Ctenophore",16,60757
2613,"Charistephane fugiens","urn:lsid:marinespecies.org:taxname:106375","Charistephane fugiens Chun, 1879","Species","Animalia","Ctenophora","Tentaculata","Cydippida","Mertensiidae","Charistephane","Ctenophore",3,60013
2616,"Deiopea","urn:lsid:marinespecies.org:taxname:106353","Deiopea Chun, 1879","Genus","Animalia","Ctenophora","Tentaculata","Lobata","Eurhamphaeidae","Deiopea","Ctenophore",2,
2617,"Deiopea kaloktenota","urn:lsid:marinespecies.org:taxname:106399","Deiopea kaloktenota Chun, 1879","Species","Animalia","Ctenophora","Tentaculata","Lobata","Eurhamphaeidae","Deiopea","Ctenophore",6,60742
2618,"Dryodora","urn:lsid:marinespecies.org:taxname:106335","Dryodora L. Agassiz, 1860","Genus","Animalia","Ctenophora","Tentaculata","Cydippida","Dryodoridae","Dryodora","Ctenophore",1,
2619,"Dryodora glandiformis","urn:lsid:marinespecies.org:taxname:106366","Dryodora glandiformis (Mertens, 1833)","Species","Animalia","Ctenophora","Tentaculata","Cydippida","Dryodoridae","Dryodora","Ctenophore",7,60703
2623,"Euplokamis","urn:lsid:marinespecies.org:taxname:106343","Euplokamis Chun, 1879","Genus","Animalia","Ctenophora","Tentaculata","Cydippida","Euplokamididae","Euplokamis","Ctenophore",1,
2624,"Euplokamis dunlapae","urn:lsid:marinespecies.org:taxname:265174","Euplokamis dunlapae Mills, 1987","Species","Animalia","Ctenophora","Tentaculata","Cydippida","Euplokamididae","Euplokamis","Ctenophore",5,60706
2625,"Euplokamis stationis","urn:lsid:marinespecies.org:taxname:106381","Euplokamis stationis Chun, 1879","Species","Animalia","Ctenophora","Tentaculata","Cydippida","Euplokamididae","Euplokamis","Ctenophore",2,59996
2626,"Eurhamphaea","urn:lsid:marinespecies.org:taxname:106354","Eurhamphaea Gegenbaur, 1856","Genus","Animalia","Ctenophora","Tentaculata","Lobata","Eurhamphaeidae","Eurhamphaea","Ctenophore",2,
2627,"Eurhamphaea vexilligera","urn:lsid:marinespecies.org:taxname:106400","Eurhamphaea vexilligera Gegenbaur, 1856","Species","Animalia","Ctenophora","Tentaculata","Lobata","Eurhamphaeidae","Eurhamphaea","Ctenophore",26,60743
2629,"Haeckelia","urn:lsid:marinespecies.org:taxname:106336","Haeckelia Carus, 1863","Genus","Animalia","Ctenophora","Tentaculata","Cydippida","Haeckeliidae","Haeckelia","Ctenophore",1,
2630,"Haeckelia beehleri","urn:lsid:marinespecies.org:taxname:106367","Haeckelia beehleri (Mayer, 1912)","Species","Animalia","Ctenophora","Tentaculata","Cydippida","Haeckeliidae","Haeckelia","Ctenophore",2,59998
2631,"Haeckelia bimaculata","urn:lsid:marinespecies.org:taxname:106368","Haeckelia bimaculata C. Carré & D. Carré, 1989","Species","Animalia","Ctenophora","Tentaculata","Cydippida","Haeckeliidae","Haeckelia","Ctenophore",5,59999
2632,"Haeckelia rubra","urn:lsid:marinespecies.org:taxname:106370","Haeckelia rubra (Kölliker, 1853)","Species","Animalia","Ctenophora","Tentaculata","Cydippida","Haeckeliidae","Haeckelia","Ctenophore",5,60001
2634,"Hormiphora","urn:lsid:marinespecies.org:taxname:106344","Hormiphora L. Agassiz, 1860","Genus","Animalia","Ctenophora","Tentaculata","Cydippida","Pleurobrachiidae","Hormiphora","Ctenophore",10,
2635,"Hormiphora californensis","urn:lsid:marinespecies.org:taxname:559444","Hormiphora californensis (Torrey, 1904)","Species","Animalia","Ctenophora","Tentaculata","Cydippida","Pleurobrachiidae","Hormiphora","Ctenophore",4,
2636,"Hormiphora palmata","urn:lsid:marinespecies.org:taxname:265184","Hormiphora palmata Chun, 1898","Species","Animalia","Ctenophora","Tentaculata","Cydippida","Pleurobrachiidae","Hormiphora","Ctenophore",2,60025
2637,"Hormiphora plumosa","urn:lsid:marinespecies.org:taxname:106383","Hormiphora plumosa M. Sars, 1859","Species","Animalia","Ctenophora","Tentaculata","Cydippida","Pleurobrachiidae","Hormiphora","Ctenophore",2,60027
2638,"Hormiphora spatulata","urn:lsid:marinespecies.org:taxname:265188","Hormiphora spatulata Chun, 1898","Species","Animalia","Ctenophora","Tentaculata","Cydippida","Pleurobrachiidae","Hormiphora","Ctenophore",2,60030
2639,"Kiyohimea","urn:lsid:marinespecies.org:taxname:264993","Kiyohimea Komai & Tokioka, 1940","Genus","Animalia","Ctenophora","Tentaculata","Lobata","Eurhamphaeidae","Kiyohimea","Ctenophore",3,
2640,"Kiyohimea aurita","urn:lsid:marinespecies.org:taxname:265953","Kiyohimea aurita Komai & Tokioka, 1940","Species","Animalia","Ctenophora","Tentaculata","Lobata","Eurhamphaeidae","Kiyohimea","Ctenophore",1,60740
2641,"Kiyohimea usagi","urn:lsid:marinespecies.org:taxname:265954","Kiyohimea usagi Matsumoto & Robison, 1992","Species","Animalia","Ctenophora","Tentaculata","Lobata","Eurhamphaeidae","Kiyohimea","Ctenophore",1,60741
2642,"Lampea","urn:lsid:marinespecies.org:taxname:106338","Lampea Stechow, 1921","Genus","Animalia","Ctenophora","Tentaculata","Cydippida","Lampeidae","Lampea","Ctenophore",4,
2643,"Lampea lactea","urn:lsid:marinespecies.org:taxname:265169","Lampea lactea (Mayer, 1912)","Species","Animalia","Ctenophora","Tentaculata","Cydippida","Lampeidae","Lampea","Ctenophore",2,60004
2644,"Lampea pancerina","urn:lsid:marinespecies.org:taxname:106372","Lampea pancerina (Chun, 1879)","Species","Animalia","Ctenophora","Tentaculata","Cydippida","Lampeidae","Lampea","Ctenophore",10,60005
2646,"Leucothea","urn:lsid:marinespecies.org:taxname:106352","Leucothea Mertens, 1833","Genus","Animalia","Ctenophora","Tentaculata","Lobata","Leucotheidae","Leucothea","Ctenophore",3,
2647,"Leucothea multicornis","urn:lsid:marinespecies.org:taxname:106398","Leucothea multicornis (Quoy & Gaimard, 1824)","Species","Animalia","Ctenophora","Tentaculata","Lobata","Leucotheidae","Leucothea","Ctenophore",10,60747
2648,"Leucothea pulchra","urn:lsid:marinespecies.org:taxname:265210","Leucothea pulchra Matsumoto, 1988","Species","Animalia","Ctenophora","Tentaculata","Lobata","Leucotheidae","Leucothea","Ctenophore",3,60749
2651,"Mertensia","urn:lsid:marinespecies.org:taxname:106341","Mertensia Lesson, 1830","Genus","Animalia","Ctenophora","Tentaculata","Cydippida","Mertensiidae","Mertensia","Ctenophore",27,
2652,"Mertensia ovum","urn:lsid:marinespecies.org:taxname:106377","Mertensia ovum (Fabricius, 1780)","Species","Animalia","Ctenophora","Tentaculata","Cydippida","Mertensiidae","Mertensia","Ctenophore",6,60014
2653,"Mertensiidae","urn:lsid:marinespecies.org:taxname:106323","Mertensiidae L. Agassiz, 1860","Family","Animalia","Ctenophora","Tentaculata","Cydippida","Mertensiidae",,"Ctenophore",57,
2654,"Mnemiopsis","urn:lsid:marinespecies.org:taxname:106355","Mnemiopsis L. Agassiz, 1860","Genus","Animalia","Ctenophora","Tentaculata","Lobata","Bolinopsidae","Mnemiopsis","Ctenophore",10,
2655,"Mnemiopsis leidyi","urn:lsid:marinespecies.org:taxname:106401","Mnemiopsis leidyi A. Agassiz, 1865","Species","Animalia","Ctenophora","Tentaculata","Lobata","Bolinopsidae","Mnemiopsis","Ctenophore",1091,60737
2657,"Ocyropsis","urn:lsid:marinespecies.org:taxname:106356","Ocyropsis Mayer, 1912","Genus","Animalia","Ctenophora","Tentaculata","Lobata","Ocyropsidae","Ocyropsis","Ctenophore",19,
2658,"Ocyropsis maculata","urn:lsid:marinespecies.org:taxname:106402","Ocyropsis maculata (Rang, 1827)","Species","Animalia","Ctenophora","Tentaculata","Lobata","Ocyropsidae","Ocyropsis","Ctenophore",18,60754
2659,"Pleurobrachia","urn:lsid:marinespecies.org:taxname:106346","Pleurobrachia Fleming, 1822","Genus","Animalia","Ctenophora","Tentaculata","Cydippida","Pleurobrachiidae","Pleurobrachia","Ctenophore",246,
2660,"Pleurobrachia bachei","urn:lsid:marinespecies.org:taxname:265191","Pleurobrachia bachei A. Agassiz, 1860","Species","Animalia","Ctenophora","Tentaculata","Cydippida","Pleurobrachiidae","Pleurobrachia","Ctenophore",462,60034
2661,"Pleurobrachia pileus","urn:lsid:marinespecies.org:taxname:106386","Pleurobrachia pileus (O. F. Müller, 1776)","Species","Animalia","Ctenophora","Tentaculata","Cydippida","Pleurobrachiidae","Pleurobrachia","Ctenophore",65,60715
2663,"Thalassocalyce","urn:lsid:marinespecies.org:taxname:238010","Thalassocalyce Madin & Harbison, 1978","Genus","Animalia","Ctenophora","Tentaculata","Thalassocalycida","Thalassocalycidae","Thalassocalyce","Ctenophore",1,
2664,"Thalassocalyce inconstans","urn:lsid:marinespecies.org:taxname:265827","Thalassocalyce inconstans Madin & Harbison, 1978","Species","Animalia","Ctenophora","Tentaculata","Thalassocalycida","Thalassocalycidae","Thalassocalyce","Ctenophore",7,60721
2667,"Velamen","urn:lsid:marinespecies.org:taxname:106333","Velamen Krumbach, 1925","Genus","Animalia","Ctenophora","Tentaculata","Cestida","Cestidae","Velamen","Ctenophore",2,
2668,"Velamen parallelum","urn:lsid:marinespecies.org:taxname:106364","Velamen parallelum (Fol, 1869)","Species","Animalia","Ctenophora","Tentaculata","Cestida","Cestidae","Velamen","Ctenophore",5,60758
2669,"Alatina alata","urn:lsid:marinespecies.org:taxname:289378","Alatina alata (Reynaud, 1830)","Species","Animalia","Cnidaria","Cubozoa","Carybdeida","Carybdeidae","Alatina","Cubozoan",1,89034
2671,"Carybdea marsupialis","urn:lsid:marinespecies.org:taxname:135279","Carybdea marsupialis (Linnaeus, 1758)","Species","Animalia","Cnidaria","Cubozoa","Carybdeida","Carybdeidae","Carybdea","Cubozoan",4,89042
2672,"Carybdea rastonii","urn:lsid:marinespecies.org:taxname:287143","Carybdea rastonii Haacke, 1886","Species","Animalia","Cnidaria","Cubozoa","Carybdeida","Carybdeidae","Carybdea","Cubozoan",1,44992
2678,"Chironex fleckeri","urn:lsid:marinespecies.org:taxname:289593","Chironex fleckeri Southcott, 1956","Species","Animalia","Cnidaria","Cubozoa","Chirodropida","Chirodropidae","Chironex","Cubozoan",1,45444
2681,"Chiropsalmus quadrumanus","urn:lsid:marinespecies.org:taxname:157924","Chiropsalmus quadrumanus (F. Muller, 1859)","Species","Animalia","Cnidaria","Cubozoa","Chirodropida","Chiropsalmidae","Chiropsalmus","Cubozoan",2,44993
2682,"Chiropsoides","urn:lsid:marinespecies.org:taxname:267311","Chiropsoides Southcott, 1956","Genus","Animalia","Cnidaria","Cubozoa","Chirodropida","Chiropsalmidae","Chiropsoides","Cubozoan",2,
2683,"Chiropsoides quadrigatus","urn:lsid:marinespecies.org:taxname:289597","Chiropsoides quadrigatus (Haeckel, 1880)","Species","Animalia","Cnidaria","Cubozoa","Chirodropida","Chiropsalmidae","Chiropsoides","Cubozoan",1,
2685,"Tripedalia cystophora","urn:lsid:marinespecies.org:taxname:291241","Tripedalia cystophora Conant, 1897","Species","Animalia","Cnidaria","Cubozoa","Carybdeida","Tripedaliidae","Tripedalia","Cubozoan",1,45442
2687,"Acanthephyra","urn:lsid:marinespecies.org:taxname:107018","Acanthephyra A. Milne-Edwards, 1881","Genus","Animalia","Arthropoda","Malacostraca","Decapoda","Acanthephyridae","Acanthephyra","Decapod",2,
2688,"Acanthephyra acanthitelsonis","urn:lsid:marinespecies.org:taxname:240809","Acanthephyra acanthitelsonis Spence Bate, 1888","Species","Animalia","Arthropoda","Malacostraca","Decapoda","Acanthephyridae","Acanthephyra","Decapod",5,25548
2689,"Acanthephyra curtirostris","urn:lsid:marinespecies.org:taxname:107579","Acanthephyra curtirostris Wood-Mason in Wood-Mason & Alcock, 1891","Species","Animalia","Arthropoda","Malacostraca","Decapoda","Acanthephyridae","Acanthephyra","Decapod",27,25542
2690,"Acanthephyra eximia","urn:lsid:marinespecies.org:taxname:564909","Acanthephyra eximia SI Smith, 1884","Species","Animalia","Arthropoda","Malacostraca","Decapoda","Acanthephyridae","Acanthephyra","Decapod",3,25545
2691,"Acanthephyra pelagica","urn:lsid:marinespecies.org:taxname:107581","Acanthephyra pelagica (Risso, 1816)","Species","Animalia","Arthropoda","Malacostraca","Decapoda","Acanthephyridae","Acanthephyra","Decapod",4,25540
2692,"Acanthephyra prionota","urn:lsid:marinespecies.org:taxname:210437","Acanthephyra prionota Foxton, 1971","Species","Animalia","Arthropoda","Malacostraca","Decapoda","Acanthephyridae","Acanthephyra","Decapod",1,
2693,"Acanthephyra purpurea","urn:lsid:marinespecies.org:taxname:107582","Acanthephyra purpurea A. Milne-Edwards, 1881","Species","Animalia","Arthropoda","Malacostraca","Decapoda","Acanthephyridae","Acanthephyra","Decapod",32,25539
2694,"Acanthephyra quadrispinosa","urn:lsid:marinespecies.org:taxname:210438","Acanthephyra quadrispinosa Kemp, 1939","Species","Animalia","Arthropoda","Malacostraca","Decapoda","Acanthephyridae","Acanthephyra","Decapod",5,20715
2695,"Acanthephyra stylorostratis","urn:lsid:marinespecies.org:taxname:107583","Acanthephyra stylorostratis (Spence Bate, 1888)","Species","Animalia","Arthropoda","Malacostraca","Decapoda","Acanthephyridae","Acanthephyra","Decapod",4,25546
2697,"Acetes","urn:lsid:marinespecies.org:taxname:158343","Acetes H. Milne Edwards, 1830","Genus","Animalia","Arthropoda","Malacostraca","Decapoda","Sergestidae","Acetes","Decapod",1,
2698,"Acetes japonicus","urn:lsid:marinespecies.org:taxname:210646","Acetes japonicus Kishinouye, 1905","Species","Animalia","Arthropoda","Malacostraca","Decapoda","Sergestidae","Acetes","Decapod",1,25421
2700,"Allosergestes pectinatus","urn:lsid:marinespecies.org:taxname:514112","Allosergestes pectinatus (Sund, 1920)","Species","Animalia","Arthropoda","Malacostraca","Decapoda","Sergestidae","Allosergestes","Decapod",6,25445
2701,"Allosergestes sargassi","urn:lsid:marinespecies.org:taxname:514114","Allosergestes sargassi (Ortmann, 1893)","Species","Animalia","Arthropoda","Malacostraca","Decapoda","Sergestidae","Allosergestes","Decapod",4,25447
2702,"Alpheidae","urn:lsid:marinespecies.org:taxname:106776","Alpheidae Rafinesque, 1815","Family","Animalia","Arthropoda","Malacostraca","Decapoda","Alpheidae",,"Decapod",1,
2704,"Alpheus","urn:lsid:marinespecies.org:taxname:106978","Alpheus Fabricius, 1798","Genus","Animalia","Arthropoda","Malacostraca","Decapoda","Alpheidae","Alpheus","Decapod",1,
2705,"Amalopenaeus elegans","urn:lsid:marinespecies.org:taxname:584920","Amalopenaeus elegans SI Smith, 1882","Species","Animalia","Arthropoda","Malacostraca","Decapoda","Benthesicymidae","Amalopenaeus","Decapod",3,25531
2706,"Anomura","urn:lsid:marinespecies.org:taxname:106671","Anomura MacLeay, 1838","Infraorder","Animalia","Arthropoda","Malacostraca","Decapoda",,,"Decapod",1,
2708,"Argis alaskensis","urn:lsid:marinespecies.org:taxname:515536","Argis alaskensis (Kingsley, 1883)","Species","Animalia","Arthropoda","Malacostraca","Decapoda","Crangonidae","Argis","Decapod",1,24684
2710,"Axiidae","urn:lsid:marinespecies.org:taxname:106798","Axiidae Huxley, 1879","Family","Animalia","Arthropoda","Malacostraca","Decapoda","Axiidae",,"Decapod",1,
2712,"Benthesicymidae","urn:lsid:marinespecies.org:taxname:106726","Benthesicymidae Wood-Mason in Wood-Mason & Alcock, 1891","Family","Animalia","Arthropoda","Malacostraca","Decapoda","Benthesicymidae",,"Decapod",1,
2713,"Brachyura","urn:lsid:marinespecies.org:taxname:106673","Brachyura Latreille, 1802","Infraorder","Animalia","Arthropoda","Malacostraca","Decapoda",,,"Decapod",1,
2714,"Callianassidae","urn:lsid:marinespecies.org:taxname:106800","Callianassidae Dana, 1852","Family","Animalia","Arthropoda","Malacostraca","Decapoda","Callianassidae",,"Decapod",1,
2716,"Callinectes sapidus","urn:lsid:marinespecies.org:taxname:107379","Callinectes sapidus Rathbun, 1896","Species","Animalia","Arthropoda","Malacostraca","Decapoda","Portunidae","Callinectes","Decapod",8,26794
2717,"Cancer","urn:lsid:marinespecies.org:taxname:106876","Cancer Linnaeus, 1758","Genus","Animalia","Arthropoda","Malacostraca","Decapoda","Cancridae","Cancer","Decapod",1,
2718,"Cancer productus","urn:lsid:marinespecies.org:taxname:440382","Cancer productus Randall, 1840","Species","Animalia","Arthropoda","Malacostraca","Decapoda","Cancridae","Cancer","Decapod",3,27121
2719,"Cancridae","urn:lsid:marinespecies.org:taxname:106749","Cancridae Latreille, 1802","Family","Animalia","Arthropoda","Malacostraca","Decapoda","Cancridae",,"Decapod",1,
2721,"Caridea","urn:lsid:marinespecies.org:taxname:106674","Caridea Dana, 1852","Infraorder","Animalia","Arthropoda","Malacostraca","Decapoda",,,"Decapod",1,
2722,"Chaceon quinquedens","urn:lsid:marinespecies.org:taxname:158407","Chaceon quinquedens (Smith, 1879)","Species","Animalia","Arthropoda","Malacostraca","Decapoda","Geryonidae","Chaceon","Decapod",5,19471
2723,"Challengerosergia talismani","urn:lsid:marinespecies.org:taxname:1056495","Challengerosergia talismani (Barnard, 1947)","Species","Animalia","Arthropoda","Malacostraca","Decapoda","Sergestidae","Challengerosergia","Decapod",5,
2724,"Chionoecetes","urn:lsid:marinespecies.org:taxname:106898","Chionoecetes Krøyer, 1838","Genus","Animalia","Arthropoda","Malacostraca","Decapoda","Oregoniidae","Chionoecetes","Decapod",1,
2725,"Chionoecetes bairdi","urn:lsid:marinespecies.org:taxname:368558","Chionoecetes bairdi Rathbun, 1924","Species","Animalia","Arthropoda","Malacostraca","Decapoda","Oregoniidae","Chionoecetes","Decapod",7,26935
2726,"Chionoecetes tanneri","urn:lsid:marinespecies.org:taxname:442165","Chionoecetes tanneri Rathbun, 1893","Species","Animalia","Arthropoda","Malacostraca","Decapoda","Oregoniidae","Chionoecetes","Decapod",1,26937
2727,"Chlorotocoides","urn:lsid:marinespecies.org:taxname:514072","Chlorotocoides Kemp, 1925","Genus","Animalia","Arthropoda","Malacostraca","Decapoda","Pandalidae","Chlorotocoides","Decapod",1,
2729,"Chorismus antarcticus","urn:lsid:marinespecies.org:taxname:369214","Chorismus antarcticus (Pfeffer, 1887)","Species","Animalia","Arthropoda","Malacostraca","Decapoda","Hippolytidae","Chorismus","Decapod",14,20999
2730,"Crangon","urn:lsid:marinespecies.org:taxname:107007","Crangon Fabricius, 1798","Genus","Animalia","Arthropoda","Malacostraca","Decapoda","Crangonidae","Crangon","Decapod",6,
2731,"Crangon affinis","urn:lsid:marinespecies.org:taxname:246272","Crangon affinis De Haan, 1849","Species","Animalia","Arthropoda","Malacostraca","Decapoda","Crangonidae","Crangon","Decapod",3,24963
2732,"Crangon alaskensis","urn:lsid:marinespecies.org:taxname:515542","Crangon alaskensis Lockington, 1877","Species","Animalia","Arthropoda","Malacostraca","Decapoda","Crangonidae","Crangon","Decapod",1,24983
2733,"Crangon dalli","urn:lsid:marinespecies.org:taxname:254486","Crangon dalli Rathbun, 1902","Species","Animalia","Arthropoda","Malacostraca","Decapoda","Crangonidae","Crangon","Decapod",1,25948
2734,"Crangon franciscorum","urn:lsid:marinespecies.org:taxname:241261","Crangon franciscorum Stimpson, 1856","Species","Animalia","Arthropoda","Malacostraca","Decapoda","Crangonidae","Crangon","Decapod",1,26015
2735,"Crangon nigricauda","urn:lsid:marinespecies.org:taxname:515551","Crangon nigricauda Stimpson, 1856","Species","Animalia","Arthropoda","Malacostraca","Decapoda","Crangonidae","Crangon","Decapod",1,25945
2736,"Crangonidae","urn:lsid:marinespecies.org:taxname:106782","Crangonidae Haworth, 1825","Family","Animalia","Arthropoda","Malacostraca","Decapoda","Crangonidae",,"Decapod",1,
2738,"Decapoda","urn:lsid:marinespecies.org:taxname:1130","Decapoda Latreille, 1802","Order","Animalia","Arthropoda","Malacostraca","Decapoda",,,"Decapod",1,
2741,"Deosergestes coalitus","urn:lsid:marinespecies.org:taxname:514116","Deosergestes coalitus (Burkenroad, 1940)","Species","Animalia","Arthropoda","Malacostraca","Decapoda","Sergestidae","Deosergestes","Decapod",2,
2742,"Deosergestes corniculum","urn:lsid:marinespecies.org:taxname:514117","Deosergestes corniculum (Krøyer, 1855)","Species","Animalia","Arthropoda","Malacostraca","Decapoda","Sergestidae","Deosergestes","Decapod",14,
2743,"Deosergestes henseni","urn:lsid:marinespecies.org:taxname:514121","Deosergestes henseni (Ortmann, 1893)","Species","Animalia","Arthropoda","Malacostraca","Decapoda","Sergestidae","Deosergestes","Decapod",15,
2744,"Deosergestes paraseminudus","urn:lsid:marinespecies.org:taxname:514123","Deosergestes paraseminudus (Crosnier & Forest, 1973)","Species","Animalia","Arthropoda","Malacostraca","Decapoda","Sergestidae","Deosergestes","Decapod",15,
2747,"Discorsopagurus schmitti","urn:lsid:marinespecies.org:taxname:366310","Discorsopagurus schmitti (Stevens, 1925)","Species","Animalia","Arthropoda","Malacostraca","Decapoda","Paguridae","Discorsopagurus","Decapod",3,26456
2749,"Elassochirus gilli","urn:lsid:marinespecies.org:taxname:366321","Elassochirus gilli (Benedict, 1892)","Species","Animalia","Arthropoda","Malacostraca","Decapoda","Paguridae","Elassochirus","Decapod",3,26454
2750,"Elassochirus tenuimanus","urn:lsid:marinespecies.org:taxname:366322","Elassochirus tenuimanus (Dana, 1851)","Species","Animalia","Arthropoda","Malacostraca","Decapoda","Paguridae","Elassochirus","Decapod",3,26452
2751,"Ephyrina","urn:lsid:marinespecies.org:taxname:107019","Ephyrina SI Smith, 1885","Genus","Animalia","Arthropoda","Malacostraca","Decapoda","Acanthephyridae","Ephyrina","Decapod",1,
2752,"Epialtidae","urn:lsid:marinespecies.org:taxname:196143","Epialtidae MacLeay, 1838","Family","Animalia","Arthropoda","Malacostraca","Decapoda","Epialtidae",,"Decapod",1,
2754,"Eualus","urn:lsid:marinespecies.org:taxname:106986","Eualus Thallwitz, 1891","Genus","Animalia","Arthropoda","Malacostraca","Decapoda","Thoridae","Eualus","Decapod",1,
2755,"Eualus gracilirostris","urn:lsid:marinespecies.org:taxname:515226","Eualus gracilirostris (Stimpson, 1860)","Species","Animalia","Arthropoda","Malacostraca","Decapoda","Thoridae","Eualus","Decapod",6,
2756,"Eualus suckleyi","urn:lsid:marinespecies.org:taxname:423366","Eualus suckleyi (Stimpson, 1864)","Species","Animalia","Arthropoda","Malacostraca","Decapoda","Thoridae","Eualus","Decapod",1,25669
2758,"Eusergestes arcticus","urn:lsid:marinespecies.org:taxname:515738","Eusergestes arcticus (Krøyer, 1855)","Species","Animalia","Arthropoda","Malacostraca","Decapoda","Sergestidae","Eusergestes","Decapod",19,25434
2759,"Eusergestes similis","urn:lsid:marinespecies.org:taxname:514127","Eusergestes similis (Hansen, 1903)","Species","Animalia","Arthropoda","Malacostraca","Decapoda","Sergestidae","Eusergestes","Decapod",21,25433
2762,"Fabia subquadrata","urn:lsid:marinespecies.org:taxname:445132","Fabia subquadrata Dana, 1851","Species","Animalia","Arthropoda","Malacostraca","Decapoda","Pinnotheridae","Fabia","Decapod",3,27160
2764,"Funchalia villosa","urn:lsid:marinespecies.org:taxname:107100","Funchalia villosa (Bouvier, 1905)","Species","Animalia","Arthropoda","Malacostraca","Decapoda","Penaeidae","Funchalia","Decapod",7,25389
2765,"Galatheidae","urn:lsid:marinespecies.org:taxname:106733","Galatheidae Samouelle, 1819","Family","Animalia","Arthropoda","Malacostraca","Decapoda","Galatheidae",,"Decapod",1,
2767,"Gardinerosergia inequalis","urn:lsid:marinespecies.org:taxname:1056499","Gardinerosergia inequalis (Burkenroad, 1940)","Species","Animalia","Arthropoda","Malacostraca","Decapoda","Sergestidae","Gardinerosergia","Decapod",2,
2768,"Gardinerosergia splendens","urn:lsid:marinespecies.org:taxname:1056501","Gardinerosergia splendens (Sund, 1920)","Species","Animalia","Arthropoda","Malacostraca","Decapoda","Sergestidae","Gardinerosergia","Decapod",15,
2769,"Gennadas","urn:lsid:marinespecies.org:taxname:106813","Gennadas Spence Bate, 1881","Genus","Animalia","Arthropoda","Malacostraca","Decapoda","Benthesicymidae","Gennadas","Decapod",1,
2770,"Gennadas bouvieri","urn:lsid:marinespecies.org:taxname:240798","Gennadas bouvieri Kemp, 1909","Species","Animalia","Arthropoda","Malacostraca","Decapoda","Benthesicymidae","Gennadas","Decapod",2,25528
2771,"Gennadas capensis","urn:lsid:marinespecies.org:taxname:107094","Gennadas capensis Calman, 1925","Species","Animalia","Arthropoda","Malacostraca","Decapoda","Benthesicymidae","Gennadas","Decapod",5,25530
2772,"Gennadas incertus","urn:lsid:marinespecies.org:taxname:246164","Gennadas incertus (Balss, 1927)","Species","Animalia","Arthropoda","Malacostraca","Decapoda","Benthesicymidae","Gennadas","Decapod",2,13818
2773,"Gennadas parvus","urn:lsid:marinespecies.org:taxname:241273","Gennadas parvus Spence Bate, 1881","Species","Animalia","Arthropoda","Malacostraca","Decapoda","Benthesicymidae","Gennadas","Decapod",2,13820
2774,"Gennadas propinquus","urn:lsid:marinespecies.org:taxname:377442","Gennadas propinquus Rathbun, 1906","Species","Animalia","Arthropoda","Malacostraca","Decapoda","Benthesicymidae","Gennadas","Decapod",21,25532
2775,"Gennadas scutatus","urn:lsid:marinespecies.org:taxname:107096","Gennadas scutatus Bouvier, 1906","Species","Animalia","Arthropoda","Malacostraca","Decapoda","Benthesicymidae","Gennadas","Decapod",5,25533
2776,"Gennadas valens","urn:lsid:marinespecies.org:taxname:107098","Gennadas valens (Smith, 1884)","Species","Animalia","Arthropoda","Malacostraca","Decapoda","Benthesicymidae","Gennadas","Decapod",18,25527
2781,"Glebocarcinus oregonensis","urn:lsid:marinespecies.org:taxname:440384","Glebocarcinus oregonensis (Dana, 1852)","Species","Animalia","Arthropoda","Malacostraca","Decapoda","Cancridae","Glebocarcinus","Decapod",3,26782
2782,"Glyphus","urn:lsid:marinespecies.org:taxname:107049","Glyphus Filhol, 1884","Genus","Animalia","Arthropoda","Malacostraca","Decapoda","Pasiphaeidae","Glyphus","Decapod",1,
2783,"Grapsidae","urn:lsid:marinespecies.org:taxname:106772","Grapsidae MacLeay, 1838","Family","Animalia","Arthropoda","Malacostraca","Decapoda","Grapsidae",,"Decapod",1,
2785,"Hadropenaeus","urn:lsid:marinespecies.org:taxname:206793","Hadropenaeus Pérez Farfante, 1977","Genus","Animalia","Arthropoda","Malacostraca","Decapoda","Solenoceridae","Hadropenaeus","Decapod",1,
2786,"Hemigrapsus","urn:lsid:marinespecies.org:taxname:106964","Hemigrapsus Dana, 1851","Genus","Animalia","Arthropoda","Malacostraca","Decapoda","Varunidae","Hemigrapsus","Decapod",1,
2787,"Hemigrapsus nudus","urn:lsid:marinespecies.org:taxname:444776","Hemigrapsus nudus (Dana, 1851)","Species","Animalia","Arthropoda","Malacostraca","Decapoda","Varunidae","Hemigrapsus","Decapod",5,27197
2788,"Hemigrapsus oregonensis","urn:lsid:marinespecies.org:taxname:444778","Hemigrapsus oregonensis (Dana, 1851)","Species","Animalia","Arthropoda","Malacostraca","Decapoda","Varunidae","Hemigrapsus","Decapod",5,27198
2790,"Heptacarpus kincaidi","urn:lsid:marinespecies.org:taxname:515256","Heptacarpus kincaidi (Rathbun, 1902)","Species","Animalia","Arthropoda","Malacostraca","Decapoda","Thoridae","Heptacarpus","Decapod",1,25822
2791,"Heptacarpus sitchensis","urn:lsid:marinespecies.org:taxname:515266","Heptacarpus sitchensis (Brandt, 1851)","Species","Animalia","Arthropoda","Malacostraca","Decapoda","Thoridae","Heptacarpus","Decapod",1,25824
2792,"Heptacarpus stylus","urn:lsid:marinespecies.org:taxname:515268","Heptacarpus stylus (Stimpson, 1864)","Species","Animalia","Arthropoda","Malacostraca","Decapoda","Thoridae","Heptacarpus","Decapod",1,25819
2793,"Heptacarpus tenuissimus","urn:lsid:marinespecies.org:taxname:515270","Heptacarpus tenuissimus Holmes, 1900","Species","Animalia","Arthropoda","Malacostraca","Decapoda","Thoridae","Heptacarpus","Decapod",2,25829
2794,"Heptacarpus tridens","urn:lsid:marinespecies.org:taxname:515271","Heptacarpus tridens (Rathbun, 1902)","Species","Animalia","Arthropoda","Malacostraca","Decapoda","Thoridae","Heptacarpus","Decapod",2,25818
2795,"Heterocarpus","urn:lsid:marinespecies.org:taxname:107042","Heterocarpus A. Milne-Edwards, 1881","Genus","Animalia","Arthropoda","Malacostraca","Decapoda","Pandalidae","Heterocarpus","Decapod",1,
2798,"Hippolyte clarki","urn:lsid:marinespecies.org:taxname:515278","Hippolyte clarki Chace, 1951","Species","Animalia","Arthropoda","Malacostraca","Decapoda","Hippolytidae","Hippolyte","Decapod",1,24639
2799,"Hippolytidae","urn:lsid:marinespecies.org:taxname:106777","Hippolytidae Spence Bate, 1888","Family","Animalia","Arthropoda","Malacostraca","Decapoda","Hippolytidae",,"Decapod",1,
2801,"Homarus americanus","urn:lsid:marinespecies.org:taxname:156134","Homarus americanus H. Milne Edwards, 1837","Species","Animalia","Arthropoda","Malacostraca","Decapoda","Nephropidae","Homarus","Decapod",71,26021
2802,"Homarus gammarus","urn:lsid:marinespecies.org:taxname:107253","Homarus gammarus (Linnaeus, 1758)","Species","Animalia","Arthropoda","Malacostraca","Decapoda","Nephropidae","Homarus","Decapod",5,26022
2804,"Hyas araneus","urn:lsid:marinespecies.org:taxname:107322","Hyas araneus (Linnaeus, 1758)","Species","Animalia","Arthropoda","Malacostraca","Decapoda","Oregoniidae","Hyas","Decapod",41,26933
2805,"Hyas coarctatus","urn:lsid:marinespecies.org:taxname:107323","Hyas coarctatus Leach, 1815","Species","Animalia","Arthropoda","Malacostraca","Decapoda","Oregoniidae","Hyas","Decapod",211,26932
2806,"Hyas lyratus","urn:lsid:marinespecies.org:taxname:442167","Hyas lyratus Dana, 1851","Species","Animalia","Arthropoda","Malacostraca","Decapoda","Oregoniidae","Hyas","Decapod",4,26931
2807,"Hymenodora","urn:lsid:marinespecies.org:taxname:107021","Hymenodora Sars, 1877","Genus","Animalia","Arthropoda","Malacostraca","Decapoda","Acanthephyridae","Hymenodora","Decapod",3,
2808,"Hymenodora frontalis","urn:lsid:marinespecies.org:taxname:514273","Hymenodora frontalis Rathbun, 1902","Species","Animalia","Arthropoda","Malacostraca","Decapoda","Acanthephyridae","Hymenodora","Decapod",19,25536
2809,"Hymenodora glacialis","urn:lsid:marinespecies.org:taxname:107590","Hymenodora glacialis (Buchholz, 1874)","Species","Animalia","Arthropoda","Malacostraca","Decapoda","Acanthephyridae","Hymenodora","Decapod",1,25535
2810,"Hymenodora gracilis","urn:lsid:marinespecies.org:taxname:107591","Hymenodora gracilis Smith, 1886","Species","Animalia","Arthropoda","Malacostraca","Decapoda","Acanthephyridae","Hymenodora","Decapod",1,25537
2811,"Hymenopenaeus","urn:lsid:marinespecies.org:taxname:106825","Hymenopenaeus SI Smith, 1882","Genus","Animalia","Arthropoda","Malacostraca","Decapoda","Solenoceridae","Hymenopenaeus","Decapod",1,
2813,"Labidochirus splendescens","urn:lsid:marinespecies.org:taxname:248348","Labidochirus splendescens (Owen, 1839)","Species","Animalia","Arthropoda","Malacostraca","Decapoda","Paguridae","Labidochirus","Decapod",3,26455
2815,"Lebbeus grandimanus","urn:lsid:marinespecies.org:taxname:514541","Lebbeus grandimanus (Bražnikov, 1907)","Species","Animalia","Arthropoda","Malacostraca","Decapoda","Thoridae","Lebbeus","Decapod",1,24931
2816,"Lebbeus groenlandicus","urn:lsid:marinespecies.org:taxname:107520","Lebbeus groenlandicus (Fabricius, 1775)","Species","Animalia","Arthropoda","Malacostraca","Decapoda","Thoridae","Lebbeus","Decapod",1,24560
2817,"Leptochela","urn:lsid:marinespecies.org:taxname:107050","Leptochela Stimpson, 1860","Genus","Animalia","Arthropoda","Malacostraca","Decapoda","Pasiphaeidae","Leptochela","Decapod",7,
2818,"Leptochela gracilis","urn:lsid:marinespecies.org:taxname:585680","Leptochela gracilis Stimpson, 1860","Species","Animalia","Arthropoda","Malacostraca","Decapoda","Pasiphaeidae","Leptochela","Decapod",3,24915
2820,"Linuparus somniosus","urn:lsid:marinespecies.org:taxname:210644","Linuparus somniosus Berry & George, 1972","Species","Animalia","Arthropoda","Malacostraca","Decapoda","Palinuridae","Linuparus","Decapod",5,15018
2821,"Lissocrangon stylirostris","urn:lsid:marinespecies.org:taxname:515555","Lissocrangon stylirostris (Holmes, 1900)","Species","Animalia","Arthropoda","Malacostraca","Decapoda","Crangonidae","Lissocrangon","Decapod",1,25772
2822,"Lithodidae","urn:lsid:marinespecies.org:taxname:106737","Lithodidae Samouelle, 1819","Family","Animalia","Arthropoda","Malacostraca","Decapoda","Lithodidae",,"Decapod",1,
2824,"Lophopanopeus","urn:lsid:marinespecies.org:taxname:439514","Lophopanopeus Rathbun, 1898","Genus","Animalia","Arthropoda","Malacostraca","Decapoda","Panopeidae","Lophopanopeus","Decapod",1,
2825,"Lucensosergia lucens","urn:lsid:marinespecies.org:taxname:1056503","Lucensosergia lucens (Hansen, 1922)","Species","Animalia","Arthropoda","Malacostraca","Decapoda","Sergestidae","Lucensosergia","Decapod",3,25449
2826,"Lucifer","urn:lsid:marinespecies.org:taxname:106827","Lucifer Thompson, 1829","Genus","Animalia","Arthropoda","Malacostraca","Decapoda","Luciferidae","Lucifer","Decapod",114,
2827,"Lucifer typus","urn:lsid:marinespecies.org:taxname:107122","Lucifer typus H. Milne Edwards, 1837","Species","Animalia","Arthropoda","Malacostraca","Decapoda","Luciferidae","Lucifer","Decapod",19,25431
2829,"Lysmata","urn:lsid:marinespecies.org:taxname:106992","Lysmata Risso, 1816","Genus","Animalia","Arthropoda","Malacostraca","Decapoda","Lysmatidae","Lysmata","Decapod",3,
2831,"Majidae","urn:lsid:marinespecies.org:taxname:106760","Majidae Samouelle, 1819","Family","Animalia","Arthropoda","Malacostraca","Decapoda","Majidae",,"Decapod",1,
2833,"Medaeus","urn:lsid:marinespecies.org:taxname:204257","Medaeus Dana, 1851","Genus","Animalia","Arthropoda","Malacostraca","Decapoda","Xanthidae","Medaeus","Decapod",1,
2834,"Meningodora","urn:lsid:marinespecies.org:taxname:107024","Meningodora SI Smith, 1882","Genus","Animalia","Arthropoda","Malacostraca","Decapoda","Acanthephyridae","Meningodora","Decapod",1,
2835,"Meningodora vesca","urn:lsid:marinespecies.org:taxname:107597","Meningodora vesca (Smith, 1886)","Species","Animalia","Arthropoda","Malacostraca","Decapoda","Acanthephyridae","Meningodora","Decapod",3,25553
2836,"Mesopenaeus","urn:lsid:marinespecies.org:taxname:377403","Mesopenaeus Pérez Farfante, 1977","Genus","Animalia","Arthropoda","Malacostraca","Decapoda","Solenoceridae","Mesopenaeus","Decapod",1,
2838,"Metacarcinus gracilis","urn:lsid:marinespecies.org:taxname:440387","Metacarcinus gracilis (Dana, 1852)","Species","Animalia","Arthropoda","Malacostraca","Decapoda","Cancridae","Metacarcinus","Decapod",4,166416
2839,"Metacarcinus magister","urn:lsid:marinespecies.org:taxname:440388","Metacarcinus magister (Dana, 1852)","Species","Animalia","Arthropoda","Malacostraca","Decapoda","Cancridae","Metacarcinus","Decapod",8,27124
2841,"Metacrangon spinosissima","urn:lsid:marinespecies.org:taxname:515581","Metacrangon spinosissima (Rathbun, 1902)","Species","Animalia","Arthropoda","Malacostraca","Decapoda","Crangonidae","Metacrangon","Decapod",1,25768
2842,"Munida","urn:lsid:marinespecies.org:taxname:106835","Munida Leach, 1820","Genus","Animalia","Arthropoda","Malacostraca","Decapoda","Munididae","Munida","Decapod",1,
2843,"Munida quadrispina","urn:lsid:marinespecies.org:taxname:392422","Munida quadrispina Benedict, 1902","Species","Animalia","Arthropoda","Malacostraca","Decapoda","Munididae","Munida","Decapod",2,26531
2846,"Necora puber","urn:lsid:marinespecies.org:taxname:107398","Necora puber (Linnaeus, 1767)","Species","Animalia","Arthropoda","Malacostraca","Decapoda","Polybiidae","Necora","Decapod",5,83789
2850,"Nematocarcinus lanceopes","urn:lsid:marinespecies.org:taxname:369209","Nematocarcinus lanceopes Spence Bate, 1888","Species","Animalia","Arthropoda","Malacostraca","Decapoda","Nematocarcinidae","Nematocarcinus","Decapod",11,141046
2851,"Neocrangon communis","urn:lsid:marinespecies.org:taxname:423552","Neocrangon communis (Rathbun, 1899)","Species","Animalia","Arthropoda","Malacostraca","Decapoda","Crangonidae","Neocrangon","Decapod",1,24962
2852,"Neosergestes orientalis","urn:lsid:marinespecies.org:taxname:514133","Neosergestes orientalis (Hansen, 1919)","Species","Animalia","Arthropoda","Malacostraca","Decapoda","Sergestidae","Neosergestes","Decapod",2,154787
2853,"Neotrypaea","urn:lsid:marinespecies.org:taxname:465341","Neotrypaea Manning & Felder, 1991","Genus","Animalia","Arthropoda","Malacostraca","Decapoda","Callianassidae","Neotrypaea","Decapod",1,
2856,"Notogennema kempi","urn:lsid:marinespecies.org:taxname:1566089","Notogennema kempi (Stebbing, 1914)","Species","Animalia","Arthropoda","Malacostraca","Decapoda","Benthesicymidae","Notogennema","Decapod",11,
2857,"Notostomus","urn:lsid:marinespecies.org:taxname:107025","Notostomus A. Milne-Edwards, 1881","Genus","Animalia","Arthropoda","Malacostraca","Decapoda","Acanthephyridae","Notostomus","Decapod",1,
2858,"Notostomus japonicus","urn:lsid:marinespecies.org:taxname:514275","Notostomus japonicus Spence Bate, 1888","Species","Animalia","Arthropoda","Malacostraca","Decapoda","Acanthephyridae","Notostomus","Decapod",4,25569
2859,"Oplophoridae","urn:lsid:marinespecies.org:taxname:106786","Oplophoridae Dana, 1852","Family","Animalia","Arthropoda","Malacostraca","Decapoda","Oplophoridae",,"Decapod",2,
2861,"Oplophorus","urn:lsid:marinespecies.org:taxname:107026","Oplophorus H. Milne Edwards, 1837","Genus","Animalia","Arthropoda","Malacostraca","Decapoda","Oplophoridae","Oplophorus","Decapod",1,
2862,"Oplophorus gracilirostris","urn:lsid:marinespecies.org:taxname:212900","Oplophorus gracilirostris A. Milne-Edwards, 1881","Species","Animalia","Arthropoda","Malacostraca","Decapoda","Oplophoridae","Oplophorus","Decapod",8,25563
2863,"Oregonia","urn:lsid:marinespecies.org:taxname:439494","Oregonia Dana, 1851","Genus","Animalia","Arthropoda","Malacostraca","Decapoda","Oregoniidae","Oregonia","Decapod",1,
2864,"Oregonia gracilis","urn:lsid:marinespecies.org:taxname:442171","Oregonia gracilis Dana, 1851","Species","Animalia","Arthropoda","Malacostraca","Decapoda","Oregoniidae","Oregonia","Decapod",4,26929
2865,"Oregoniidae","urn:lsid:marinespecies.org:taxname:368557","Oregoniidae Garth, 1958","Family","Animalia","Arthropoda","Malacostraca","Decapoda","Oregoniidae",,"Decapod",1,
2868,"Pachygrapsus marmoratus","urn:lsid:marinespecies.org:taxname:107455","Pachygrapsus marmoratus (Fabricius, 1787)","Species","Animalia","Arthropoda","Malacostraca","Decapoda","Grapsidae","Pachygrapsus","Decapod",5,9340
2869,"Paguridae","urn:lsid:marinespecies.org:taxname:106738","Paguridae Latreille, 1802","Family","Animalia","Arthropoda","Malacostraca","Decapoda","Paguridae",,"Decapod",1,
2871,"Paguristes turgidus","urn:lsid:marinespecies.org:taxname:368303","Paguristes turgidus (Stimpson, 1857)","Species","Animalia","Arthropoda","Malacostraca","Decapoda","Diogenidae","Paguristes","Decapod",3,26678
2874,"Pagurus aleuticus","urn:lsid:marinespecies.org:taxname:366647","Pagurus aleuticus (Benedict, 1892)","Species","Animalia","Arthropoda","Malacostraca","Decapoda","Paguridae","Pagurus","Decapod",3,26162
2875,"Pagurus armatus","urn:lsid:marinespecies.org:taxname:366655","Pagurus armatus (Dana, 1851)","Species","Animalia","Arthropoda","Malacostraca","Decapoda","Paguridae","Pagurus","Decapod",3,26160
2876,"Pagurus beringanus","urn:lsid:marinespecies.org:taxname:366657","Pagurus beringanus (Benedict, 1892)","Species","Animalia","Arthropoda","Malacostraca","Decapoda","Paguridae","Pagurus","Decapod",3,26168
2877,"Pagurus capillatus","urn:lsid:marinespecies.org:taxname:254489","Pagurus capillatus (Benedict, 1892)","Species","Animalia","Arthropoda","Malacostraca","Decapoda","Paguridae","Pagurus","Decapod",3,26164
2878,"Pagurus caurinus","urn:lsid:marinespecies.org:taxname:366667","Pagurus caurinus Hart, 1971","Species","Animalia","Arthropoda","Malacostraca","Decapoda","Paguridae","Pagurus","Decapod",3,26167
2879,"Pagurus dalli","urn:lsid:marinespecies.org:taxname:366676","Pagurus dalli (Benedict, 1892)","Species","Animalia","Arthropoda","Malacostraca","Decapoda","Paguridae","Pagurus","Decapod",3,26220
2880,"Pagurus granosimanus","urn:lsid:marinespecies.org:taxname:366694","Pagurus granosimanus (Stimpson, 1859)","Species","Animalia","Arthropoda","Malacostraca","Decapoda","Paguridae","Pagurus","Decapod",3,26170
2881,"Pagurus hemphilli","urn:lsid:marinespecies.org:taxname:366698","Pagurus hemphilli (Benedict, 1892)","Species","Animalia","Arthropoda","Malacostraca","Decapoda","Paguridae","Pagurus","Decapod",3,26169
2882,"Pagurus hirsutiusculus","urn:lsid:marinespecies.org:taxname:366699","Pagurus hirsutiusculus (Dana, 1851)","Species","Animalia","Arthropoda","Malacostraca","Decapoda","Paguridae","Pagurus","Decapod",3,26172
2883,"Pagurus kennerlyi","urn:lsid:marinespecies.org:taxname:366712","Pagurus kennerlyi (Stimpson, 1864)","Species","Animalia","Arthropoda","Malacostraca","Decapoda","Paguridae","Pagurus","Decapod",3,26166
2884,"Pagurus ochotensis","urn:lsid:marinespecies.org:taxname:366742","Pagurus ochotensis Brandt, 1851","Species","Animalia","Arthropoda","Malacostraca","Decapoda","Paguridae","Pagurus","Decapod",3,26161
2885,"Pagurus samuelis","urn:lsid:marinespecies.org:taxname:366786","Pagurus samuelis (Stimpson, 1857)","Species","Animalia","Arthropoda","Malacostraca","Decapoda","Paguridae","Pagurus","Decapod",3,26171
2886,"Pagurus stevensae","urn:lsid:marinespecies.org:taxname:366798","Pagurus stevensae Hart, 1971","Species","Animalia","Arthropoda","Malacostraca","Decapoda","Paguridae","Pagurus","Decapod",3,26219
2888,"Palaemon longirostris","urn:lsid:marinespecies.org:taxname:107615","Palaemon longirostris H. Milne Edwards, 1837","Species","Animalia","Arthropoda","Malacostraca","Decapoda","Palaemonidae","Palaemon","Decapod",5,24528
2892,"Pandalidae","urn:lsid:marinespecies.org:taxname:106789","Pandalidae Haworth, 1825","Family","Animalia","Arthropoda","Malacostraca","Decapoda","Pandalidae",,"Decapod",2,
2895,"Pandalus borealis","urn:lsid:marinespecies.org:taxname:107649","Pandalus borealis Krøyer, 1838","Species","Animalia","Arthropoda","Malacostraca","Decapoda","Pandalidae","Pandalus","Decapod",12,25892
2896,"Pandalus danae","urn:lsid:marinespecies.org:taxname:515462","Pandalus danae Stimpson, 1857","Species","Animalia","Arthropoda","Malacostraca","Decapoda","Pandalidae","Pandalus","Decapod",2,25899
2897,"Pandalus dispar","urn:lsid:marinespecies.org:taxname:1337983","Pandalus dispar (Rathbun, 1902)","Species","Animalia","Arthropoda","Malacostraca","Decapoda","Pandalidae","Pandalus","Decapod",2,
2898,"Pandalus eous","urn:lsid:marinespecies.org:taxname:515463","Pandalus eous Makarov, 1935","Species","Animalia","Arthropoda","Malacostraca","Decapoda","Pandalidae","Pandalus","Decapod",1,19485
2899,"Pandalus goniurus","urn:lsid:marinespecies.org:taxname:254483","Pandalus goniurus Stimpson, 1860","Species","Animalia","Arthropoda","Malacostraca","Decapoda","Pandalidae","Pandalus","Decapod",1,25893
2900,"Pandalus hypsinotus","urn:lsid:marinespecies.org:taxname:515467","Pandalus hypsinotus Brandt, 1851","Species","Animalia","Arthropoda","Malacostraca","Decapoda","Pandalidae","Pandalus","Decapod",1,25898
2901,"Pandalus jordani","urn:lsid:marinespecies.org:taxname:515469","Pandalus jordani Rathbun, 1902","Species","Animalia","Arthropoda","Malacostraca","Decapoda","Pandalidae","Pandalus","Decapod",7,25894
2902,"Pandalus platyceros","urn:lsid:marinespecies.org:taxname:423632","Pandalus platyceros Brandt, 1851","Species","Animalia","Arthropoda","Malacostraca","Decapoda","Pandalidae","Pandalus","Decapod",1,25897
2903,"Pandalus stenolepis","urn:lsid:marinespecies.org:taxname:514361","Pandalus stenolepis Rathbun, 1902","Species","Animalia","Arthropoda","Malacostraca","Decapoda","Pandalidae","Pandalus","Decapod",2,25900
2904,"Pandalus tridens","urn:lsid:marinespecies.org:taxname:423633","Pandalus tridens Rathbun, 1902","Species","Animalia","Arthropoda","Malacostraca","Decapoda","Pandalidae","Pandalus","Decapod",2,25896
2905,"Panopeidae","urn:lsid:marinespecies.org:taxname:106765","Panopeidae Ortmann, 1893","Family","Animalia","Arthropoda","Malacostraca","Decapoda","Panopeidae",,"Decapod",1,
2906,"Panulirus","urn:lsid:marinespecies.org:taxname:107060","Panulirus White, 1847","Genus","Animalia","Arthropoda","Malacostraca","Decapoda","Palinuridae","Panulirus","Decapod",6,
2907,"Paracrangon","urn:lsid:marinespecies.org:taxname:378105","Paracrangon Dana, 1852","Genus","Animalia","Arthropoda","Malacostraca","Decapoda","Crangonidae","Paracrangon","Decapod",1,
2908,"Paracrangon echinata","urn:lsid:marinespecies.org:taxname:515591","Paracrangon echinata Dana, 1852","Species","Animalia","Arthropoda","Malacostraca","Decapoda","Crangonidae","Paracrangon","Decapod",1,24688
2910,"Parapasiphae sulcatifrons","urn:lsid:marinespecies.org:taxname:107673","Parapasiphae sulcatifrons SI Smith, 1884","Species","Animalia","Arthropoda","Malacostraca","Decapoda","Pasiphaeidae","Parapasiphae","Decapod",13,24916
2912,"Parapenaeus longirostris","urn:lsid:marinespecies.org:taxname:107109","Parapenaeus longirostris (Lucas, 1846)","Species","Animalia","Arthropoda","Malacostraca","Decapoda","Penaeidae","Parapenaeus","Decapod",5,25376
2913,"Parasergestes armatus","urn:lsid:marinespecies.org:taxname:514136","Parasergestes armatus (Krøyer, 1855)","Species","Animalia","Arthropoda","Malacostraca","Decapoda","Sergestidae","Parasergestes","Decapod",12,25435
2914,"Parasergestes vigilax","urn:lsid:marinespecies.org:taxname:514141","Parasergestes vigilax (Stimpson, 1860)","Species","Animalia","Arthropoda","Malacostraca","Decapoda","Sergestidae","Parasergestes","Decapod",2,
2916,"Pasiphaea chacei","urn:lsid:marinespecies.org:taxname:514218","Pasiphaea chacei Yaldwyn, 1962","Species","Animalia","Arthropoda","Malacostraca","Decapoda","Pasiphaeidae","Pasiphaea","Decapod",11,25581
2917,"Pasiphaea emarginata","urn:lsid:marinespecies.org:taxname:514223","Pasiphaea emarginata Rathbun, 1902","Species","Animalia","Arthropoda","Malacostraca","Decapoda","Pasiphaeidae","Pasiphaea","Decapod",24,25583
2918,"Pasiphaea merriami","urn:lsid:marinespecies.org:taxname:421667","Pasiphaea merriami Schmitt, 1931","Species","Animalia","Arthropoda","Malacostraca","Decapoda","Pasiphaeidae","Pasiphaea","Decapod",9,25585
2919,"Pasiphaea multidentata","urn:lsid:marinespecies.org:taxname:107676","Pasiphaea multidentata Esmark, 1866","Species","Animalia","Arthropoda","Malacostraca","Decapoda","Pasiphaeidae","Pasiphaea","Decapod",5,25579
2920,"Pasiphaea pacifica","urn:lsid:marinespecies.org:taxname:514245","Pasiphaea pacifica Rathbun, 1902","Species","Animalia","Arthropoda","Malacostraca","Decapoda","Pasiphaeidae","Pasiphaea","Decapod",4,25576
2921,"Pasiphaea scotiae","urn:lsid:marinespecies.org:taxname:369211","Pasiphaea scotiae (Stebbing, 1914)","Species","Animalia","Arthropoda","Malacostraca","Decapoda","Pasiphaeidae","Pasiphaea","Decapod",123,141048
2922,"Pasiphaea sivado","urn:lsid:marinespecies.org:taxname:107677","Pasiphaea sivado (Risso, 1816)","Species","Animalia","Arthropoda","Malacostraca","Decapoda","Pasiphaeidae","Pasiphaea","Decapod",9,25586
2923,"Pasiphaea tarda","urn:lsid:marinespecies.org:taxname:107678","Pasiphaea tarda Krøyer, 1845","Species","Animalia","Arthropoda","Malacostraca","Decapoda","Pasiphaeidae","Pasiphaea","Decapod",2,25578
2924,"Pasiphaeidae","urn:lsid:marinespecies.org:taxname:106790","Pasiphaeidae Dana, 1852","Family","Animalia","Arthropoda","Malacostraca","Decapoda","Pasiphaeidae",,"Decapod",2,
2926,"Peisos","urn:lsid:marinespecies.org:taxname:246384","Peisos Burkenroad, 1945","Genus","Animalia","Arthropoda","Malacostraca","Decapoda","Sergestidae","Peisos","Decapod",1,
2927,"Penaeidae","urn:lsid:marinespecies.org:taxname:106727","Penaeidae Rafinesque, 1815","Family","Animalia","Arthropoda","Malacostraca","Decapoda","Penaeidae",,"Decapod",2,
2929,"Penaeus","urn:lsid:marinespecies.org:taxname:106822","Penaeus Fabricius, 1798","Genus","Animalia","Arthropoda","Malacostraca","Decapoda","Penaeidae","Penaeus","Decapod",3,
2930,"Penaeus penicillatus","urn:lsid:marinespecies.org:taxname:210373","Penaeus penicillatus Alcock, 1905","Species","Animalia","Arthropoda","Malacostraca","Decapoda","Penaeidae","Penaeus","Decapod",5,83826
2931,"Penaeus stylirostris","urn:lsid:marinespecies.org:taxname:584982","Penaeus stylirostris Stimpson, 1871","Species","Animalia","Arthropoda","Malacostraca","Decapoda","Penaeidae","Penaeus","Decapod",5,14916
2932,"Penaeus vannamei","urn:lsid:marinespecies.org:taxname:377748","Penaeus vannamei Boone, 1931","Species","Animalia","Arthropoda","Malacostraca","Decapoda","Penaeidae","Penaeus","Decapod",5,14917
2934,"Petalidium foliaceum","urn:lsid:marinespecies.org:taxname:369210","Petalidium foliaceum Spence Bate, 1881","Species","Animalia","Arthropoda","Malacostraca","Decapoda","Sergestidae","Petalidium","Decapod",13,14958
2935,"Petalidium obesum","urn:lsid:marinespecies.org:taxname:107123","Petalidium obesum (Krøyer, 1855)","Species","Animalia","Arthropoda","Malacostraca","Decapoda","Sergestidae","Petalidium","Decapod",1,14959
2937,"Philocheras trispinosus","urn:lsid:marinespecies.org:taxname:107562","Philocheras trispinosus (Hailstone in Hailstone & Westwood, 1835)","Species","Animalia","Arthropoda","Malacostraca","Decapoda","Crangonidae","Philocheras","Decapod",2,24975
2938,"Phorcosergia grandis","urn:lsid:marinespecies.org:taxname:1056510","Phorcosergia grandis (Sund, 1920)","Species","Animalia","Arthropoda","Malacostraca","Decapoda","Sergestidae","Phorcosergia","Decapod",27,
2939,"Phorcosergia phorca","urn:lsid:marinespecies.org:taxname:1056512","Phorcosergia phorca (Faxon, 1893)","Species","Animalia","Arthropoda","Malacostraca","Decapoda","Sergestidae","Phorcosergia","Decapod",15,
2943,"Physetocaris microphthalma","urn:lsid:marinespecies.org:taxname:107653","Physetocaris microphthalma Chace, 1940","Species","Animalia","Arthropoda","Malacostraca","Decapoda","Physetocarididae","Physetocaris","Decapod",1,
2947,"Pinnotheres taylori","urn:lsid:marinespecies.org:taxname:445229","Pinnotheres taylori Rathbun, 1918","Species","Animalia","Arthropoda","Malacostraca","Decapoda","Pinnotheridae","Pinnotheres","Decapod",5,27159
2948,"Pinnotheridae","urn:lsid:marinespecies.org:taxname:106775","Pinnotheridae De Haan, 1833","Family","Animalia","Arthropoda","Malacostraca","Decapoda","Pinnotheridae",,"Decapod",1,
2951,"Pisinae","urn:lsid:marinespecies.org:taxname:148431","Pisinae Dana, 1851","Subfamily","Animalia","Arthropoda","Malacostraca","Decapoda","Epialtidae",,"Decapod",1,
2952,"Pleocyemata","urn:lsid:marinespecies.org:taxname:106670","Pleocyemata Burkenroad, 1963","Suborder","Animalia","Arthropoda","Malacostraca","Decapoda",,,"Decapod",1,
2953,"Plesionika","urn:lsid:marinespecies.org:taxname:107046","Plesionika Spence Bate, 1888","Genus","Animalia","Arthropoda","Malacostraca","Decapoda","Pandalidae","Plesionika","Decapod",1,
2954,"Plesionika martia","urn:lsid:marinespecies.org:taxname:107661","Plesionika martia (A. Milne-Edwards, 1883)","Species","Animalia","Arthropoda","Malacostraca","Decapoda","Pandalidae","Plesionika","Decapod",5,25331
2955,"Plesionika richardi","urn:lsid:marinespecies.org:taxname:183350","Plesionika richardi (Coutière, 1905)","Species","Animalia","Arthropoda","Malacostraca","Decapoda","Pandalidae","Plesionika","Decapod",13,
2957,"Pleuroncodes planipes","urn:lsid:marinespecies.org:taxname:392683","Pleuroncodes planipes Stimpson, 1860","Species","Animalia","Arthropoda","Malacostraca","Decapoda","Munididae","Pleuroncodes","Decapod",5,
2960,"Polybius henslowii","urn:lsid:marinespecies.org:taxname:107399","Polybius henslowii Leach, 1820","Species","Animalia","Arthropoda","Malacostraca","Decapoda","Polybiidae","Polybius","Decapod",5,89800
2962,"Polyonyx gibbesi","urn:lsid:marinespecies.org:taxname:158406","Polyonyx gibbesi Haig, 1956","Species","Animalia","Arthropoda","Malacostraca","Decapoda","Porcellanidae","Polyonyx","Decapod",1,26636
2963,"Porcellanidae","urn:lsid:marinespecies.org:taxname:106734","Porcellanidae Haworth, 1825","Family","Animalia","Arthropoda","Malacostraca","Decapoda","Porcellanidae",,"Decapod",1,
2964,"Portunidae","urn:lsid:marinespecies.org:taxname:106763","Portunidae Rafinesque, 1815","Family","Animalia","Arthropoda","Malacostraca","Decapoda","Portunidae",,"Decapod",20,
2968,"Portunus pelagicus","urn:lsid:marinespecies.org:taxname:1061754","Portunus pelagicus (Linnaeus, 1758)","Species","Animalia","Arthropoda","Malacostraca","Decapoda","Portunidae","Portunus","Decapod",4,9329
2969,"Pugettia","urn:lsid:marinespecies.org:taxname:240779","Pugettia Dana, 1851","Genus","Animalia","Arthropoda","Malacostraca","Decapoda","Epialtidae","Pugettia","Decapod",1,
2970,"Pugettia gracilis","urn:lsid:marinespecies.org:taxname:441478","Pugettia gracilis Dana, 1851","Species","Animalia","Arthropoda","Malacostraca","Decapoda","Epialtidae","Pugettia","Decapod",2,26941
2971,"Pugettia producta","urn:lsid:marinespecies.org:taxname:240780","Pugettia producta (Randall, 1840)","Species","Animalia","Arthropoda","Malacostraca","Decapoda","Epialtidae","Pugettia","Decapod",2,26939
2972,"Robustosergia robusta","urn:lsid:marinespecies.org:taxname:1056517","Robustosergia robusta (Smith, 1882)","Species","Animalia","Arthropoda","Malacostraca","Decapoda","Sergestidae","Robustosergia","Decapod",26,
2974,"Romaleon antennarium","urn:lsid:marinespecies.org:taxname:440397","Romaleon antennarium (Stimpson, 1856)","Species","Animalia","Arthropoda","Malacostraca","Decapoda","Cancridae","Romaleon","Decapod",1,27122
2976,"Scleroplax faba","urn:lsid:marinespecies.org:taxname:1424666","Scleroplax faba (Dana, 1851)","Species","Animalia","Arthropoda","Malacostraca","Decapoda","Pinnotheridae","Scleroplax","Decapod",3,
2977,"Scleroplax granulata","urn:lsid:marinespecies.org:taxname:445239","Scleroplax granulata Rathbun, 1894","Species","Animalia","Arthropoda","Malacostraca","Decapoda","Pinnotheridae","Scleroplax","Decapod",1,27196
2978,"Scleroplax littoralis","urn:lsid:marinespecies.org:taxname:1424668","Scleroplax littoralis (Holmes, 1895)","Species","Animalia","Arthropoda","Malacostraca","Decapoda","Pinnotheridae","Scleroplax","Decapod",3,
2980,"Scylla serrata","urn:lsid:marinespecies.org:taxname:208814","Scylla serrata (Forskål, 1775)","Species","Animalia","Arthropoda","Malacostraca","Decapoda","Portunidae","Scylla","Decapod",5,21355
2982,"Scyra acutifrons","urn:lsid:marinespecies.org:taxname:441698","Scyra acutifrons Dana, 1851","Species","Animalia","Arthropoda","Malacostraca","Decapoda","Epialtidae","Scyra","Decapod",1,26949
2983,"Sergestes","urn:lsid:marinespecies.org:taxname:106829","Sergestes H. Milne Edwards, 1830","Genus","Animalia","Arthropoda","Malacostraca","Decapoda","Sergestidae","Sergestes","Decapod",14,
2984,"Sergestes atlanticus","urn:lsid:marinespecies.org:taxname:107127","Sergestes atlanticus H. Milne Edwards, 1830","Species","Animalia","Arthropoda","Malacostraca","Decapoda","Sergestidae","Sergestes","Decapod",2,25436
2985,"Sergestidae","urn:lsid:marinespecies.org:taxname:106731","Sergestidae Dana, 1852","Family","Animalia","Arthropoda","Malacostraca","Decapoda","Sergestidae",,"Decapod",2,
2987,"Sergia","urn:lsid:marinespecies.org:taxname:106830","Sergia Stimpson, 1860","Genus","Animalia","Arthropoda","Malacostraca","Decapoda","Sergestidae","Sergia","Decapod",1,
2988,"Sergia remipes","urn:lsid:marinespecies.org:taxname:377752","Sergia remipes Stimpson, 1860","Species","Animalia","Arthropoda","Malacostraca","Decapoda","Sergestidae","Sergia","Decapod",1,
2989,"Solenocera","urn:lsid:marinespecies.org:taxname:106826","Solenocera Lucas, 1849","Genus","Animalia","Arthropoda","Malacostraca","Decapoda","Solenoceridae","Solenocera","Decapod",1,
2991,"Spirontocaris","urn:lsid:marinespecies.org:taxname:106994","Spirontocaris Spence Bate, 1888","Genus","Animalia","Arthropoda","Malacostraca","Decapoda","Thoridae","Spirontocaris","Decapod",2,
2992,"Spirontocaris holmesi","urn:lsid:marinespecies.org:taxname:515330","Spirontocaris holmesi Holthuis, 1947","Species","Animalia","Arthropoda","Malacostraca","Decapoda","Thoridae","Spirontocaris","Decapod",1,24553
2993,"Spirontocaris lamellicornis","urn:lsid:marinespecies.org:taxname:515332","Spirontocaris lamellicornis (Dana, 1852)","Species","Animalia","Arthropoda","Malacostraca","Decapoda","Thoridae","Spirontocaris","Decapod",1,24543
2994,"Spirontocaris sica","urn:lsid:marinespecies.org:taxname:515337","Spirontocaris sica Rathbun, 1902","Species","Animalia","Arthropoda","Malacostraca","Decapoda","Thoridae","Spirontocaris","Decapod",1,24551
2995,"Systellaspis","urn:lsid:marinespecies.org:taxname:107027","Systellaspis Spence Bate, 1888","Genus","Animalia","Arthropoda","Malacostraca","Decapoda","Oplophoridae","Systellaspis","Decapod",1,
2996,"Systellaspis braueri","urn:lsid:marinespecies.org:taxname:107603","Systellaspis braueri (Balss, 1914)","Species","Animalia","Arthropoda","Malacostraca","Decapoda","Oplophoridae","Systellaspis","Decapod",4,25559
2997,"Systellaspis cristata","urn:lsid:marinespecies.org:taxname:107604","Systellaspis cristata (Faxon, 1893)","Species","Animalia","Arthropoda","Malacostraca","Decapoda","Oplophoridae","Systellaspis","Decapod",22,25560
2998,"Systellaspis debilis","urn:lsid:marinespecies.org:taxname:107605","Systellaspis debilis (A. Milne-Edwards, 1881)","Species","Animalia","Arthropoda","Malacostraca","Decapoda","Oplophoridae","Systellaspis","Decapod",29,25561
2999,"Systellaspis lanceocaudata","urn:lsid:marinespecies.org:taxname:514280","Systellaspis lanceocaudata Spence Bate, 1888","Species","Animalia","Arthropoda","Malacostraca","Decapoda","Oplophoridae","Systellaspis","Decapod",3,162590
3000,"Thalassocaris","urn:lsid:marinespecies.org:taxname:514073","Thalassocaris Stimpson, 1860","Genus","Animalia","Arthropoda","Malacostraca","Decapoda","Pandalidae","Thalassocaris","Decapod",1,
3003,"Tubicolixa chaetopterana","urn:lsid:marinespecies.org:taxname:1424673","Tubicolixa chaetopterana (Stimpson, 1860)","Species","Animalia","Arthropoda","Malacostraca","Decapoda","Pinnotheridae","Tubicolixa","Decapod",1,
3004,"Tumidotheres maculatus","urn:lsid:marinespecies.org:taxname:158460","Tumidotheres maculatus (Say, 1818)","Species","Animalia","Arthropoda","Malacostraca","Decapoda","Pinnotheridae","Tumidotheres","Decapod",1,19609
3005,"Varunidae","urn:lsid:marinespecies.org:taxname:439140","Varunidae H. Milne Edwards, 1853","Family","Animalia","Arthropoda","Malacostraca","Decapoda","Varunidae",,"Decapod",1,
3007,"Xanthidae","urn:lsid:marinespecies.org:taxname:106769","Xanthidae MacLeay, 1838","Family","Animalia","Arthropoda","Malacostraca","Decapoda","Xanthidae",,"Decapod",1,
3009,"Zaops ostreum","urn:lsid:marinespecies.org:taxname:158465","Zaops ostreum (Say, 1817)","Species","Animalia","Arthropoda","Malacostraca","Decapoda","Pinnotheridae","Zaops","Decapod",1,19610
3010,"Bentheuphausia","urn:lsid:marinespecies.org:taxname:110672","Bentheuphausia G.O. Sars, 1885","Genus","Animalia","Arthropoda","Malacostraca","Euphausiacea","Bentheuphausiidae","Bentheuphausia","Euphausiid",1,
3011,"Bentheuphausia amblyops","urn:lsid:marinespecies.org:taxname:110681","Bentheuphausia amblyops G.O. Sars, 1885","Species","Animalia","Arthropoda","Malacostraca","Euphausiacea","Bentheuphausiidae","Bentheuphausia","Euphausiid",4,27292
3013,"Cyrtopia","urn:lsid:marinespecies.org:taxname:492688",,"Genus","Animalia","Arthropoda","Malacostraca","Euphausiacea","Euphausiidae","Cyrtopia","Euphausiid",30,
3014,"Euphausia","urn:lsid:marinespecies.org:taxname:110673","Euphausia Dana, 1850","Genus","Animalia","Arthropoda","Malacostraca","Euphausiacea","Euphausiidae","Euphausia","Euphausiid",4,
3015,"Euphausia crystallorophias","urn:lsid:marinespecies.org:taxname:236216","Euphausia crystallorophias Holt & Tattersall, 1906","Species","Animalia","Arthropoda","Malacostraca","Euphausiacea","Euphausiidae","Euphausia","Euphausiid",875,27295
3016,"Euphausia diomedeae","urn:lsid:marinespecies.org:taxname:221056","Euphausia diomedeae Ortmann, 1894","Species","Animalia","Arthropoda","Malacostraca","Euphausiacea","Euphausiidae","Euphausia","Euphausiid",40,27296
3017,"Euphausia distinguenda","urn:lsid:marinespecies.org:taxname:237852","Euphausia distinguenda Hansen, 1908","Species","Animalia","Arthropoda","Malacostraca","Euphausiacea","Euphausiidae","Euphausia","Euphausiid",6,27297
3018,"Euphausia gibboides","urn:lsid:marinespecies.org:taxname:110684","Euphausia gibboides Ortmann, 1893","Species","Animalia","Arthropoda","Malacostraca","Euphausiacea","Euphausiidae","Euphausia","Euphausiid",1,27302
3019,"Euphausia hemigibba","urn:lsid:marinespecies.org:taxname:110686","Euphausia hemigibba Hansen, 1910","Species","Animalia","Arthropoda","Malacostraca","Euphausiacea","Euphausiidae","Euphausia","Euphausiid",4,27304
3020,"Euphausia krohnii","urn:lsid:marinespecies.org:taxname:110687","Euphausia krohnii (Brandt, 1851)","Species","Animalia","Arthropoda","Malacostraca","Euphausiacea","Euphausiidae","Euphausia","Euphausiid",23,27305
3021,"Euphausia lucens","urn:lsid:marinespecies.org:taxname:221055","Euphausia lucens Hansen, 1905","Species","Animalia","Arthropoda","Malacostraca","Euphausiacea","Euphausiidae","Euphausia","Euphausiid",36,27308
3022,"Euphausia mutica","urn:lsid:marinespecies.org:taxname:110688","Euphausia mutica Hansen, 1905","Species","Animalia","Arthropoda","Malacostraca","Euphausiacea","Euphausiidae","Euphausia","Euphausiid",3,27310
3023,"Euphausia pacifica","urn:lsid:marinespecies.org:taxname:237851","Euphausia pacifica Hansen, 1911","Species","Animalia","Arthropoda","Malacostraca","Euphausiacea","Euphausiidae","Euphausia","Euphausiid",570,27312
3024,"Euphausia recurva","urn:lsid:marinespecies.org:taxname:221047","Euphausia recurva Hansen, 1905","Species","Animalia","Arthropoda","Malacostraca","Euphausiacea","Euphausiidae","Euphausia","Euphausiid",11,27315
3025,"Euphausia superba","urn:lsid:marinespecies.org:taxname:236217","Euphausia superba Dana, 1850","Species","Animalia","Arthropoda","Malacostraca","Euphausiacea","Euphausiidae","Euphausia","Euphausiid",2409,27320
3026,"Euphausia tenera","urn:lsid:marinespecies.org:taxname:221052","Euphausia tenera Hansen, 1905","Species","Animalia","Arthropoda","Malacostraca","Euphausiacea","Euphausiidae","Euphausia","Euphausiid",94,27321
3027,"Euphausia triacantha","urn:lsid:marinespecies.org:taxname:236220","Euphausia triacantha Holt & Tattersall, 1906","Species","Animalia","Arthropoda","Malacostraca","Euphausiacea","Euphausiidae","Euphausia","Euphausiid",345,27322
3028,"Euphausia vallentini","urn:lsid:marinespecies.org:taxname:221054","Euphausia vallentini Stebbing, 1900","Species","Animalia","Arthropoda","Malacostraca","Euphausiacea","Euphausiidae","Euphausia","Euphausiid",3,27323
3029,"Euphausiacea","urn:lsid:marinespecies.org:taxname:1128","Euphausiacea Dana, 1852","Order","Animalia","Arthropoda","Malacostraca","Euphausiacea",,,"Euphausiid",3,
3030,"Euphausiidae","urn:lsid:marinespecies.org:taxname:110671","Euphausiidae Dana, 1852","Family","Animalia","Arthropoda","Malacostraca","Euphausiacea","Euphausiidae",,"Euphausiid",1,
3031,"Meganyctiphanes","urn:lsid:marinespecies.org:taxname:110674","Meganyctiphanes Holt & Tattersall, 1905","Genus","Animalia","Arthropoda","Malacostraca","Euphausiacea","Euphausiidae","Meganyctiphanes","Euphausiid",2,
3032,"Meganyctiphanes norvegica","urn:lsid:marinespecies.org:taxname:110690","Meganyctiphanes norvegica (M. Sars, 1857)","Species","Animalia","Arthropoda","Malacostraca","Euphausiacea","Euphausiidae","Meganyctiphanes","Euphausiid",157,27324
3033,"Nematobrachion","urn:lsid:marinespecies.org:taxname:110675","Nematobrachion Calman, 1905","Genus","Animalia","Arthropoda","Malacostraca","Euphausiacea","Euphausiidae","Nematobrachion","Euphausiid",5,
3034,"Nematobrachion boopis","urn:lsid:marinespecies.org:taxname:110691","Nematobrachion boopis (Calman, 1905)","Species","Animalia","Arthropoda","Malacostraca","Euphausiacea","Euphausiidae","Nematobrachion","Euphausiid",6,27325
3035,"Nematobrachion flexipes","urn:lsid:marinespecies.org:taxname:110692","Nematobrachion flexipes (Ortmann, 1893)","Species","Animalia","Arthropoda","Malacostraca","Euphausiacea","Euphausiidae","Nematobrachion","Euphausiid",6,27326
3036,"Nematoscelis","urn:lsid:marinespecies.org:taxname:110676","Nematoscelis G.O. Sars, 1883","Genus","Animalia","Arthropoda","Malacostraca","Euphausiacea","Euphausiidae","Nematoscelis","Euphausiid",5,
3037,"Nematoscelis difficilis","urn:lsid:marinespecies.org:taxname:237861","Nematoscelis difficilis Hansen, 1911","Species","Animalia","Arthropoda","Malacostraca","Euphausiacea","Euphausiidae","Nematoscelis","Euphausiid",7,27329
3038,"Nematoscelis megalops","urn:lsid:marinespecies.org:taxname:110695","Nematoscelis megalops G.O. Sars, 1883","Species","Animalia","Arthropoda","Malacostraca","Euphausiacea","Euphausiidae","Nematoscelis","Euphausiid",6,27332
3039,"Nyctiphanes","urn:lsid:marinespecies.org:taxname:110677","Nyctiphanes Sars, 1883","Genus","Animalia","Arthropoda","Malacostraca","Euphausiacea","Euphausiidae","Nyctiphanes","Euphausiid",3,
3040,"Nyctiphanes australis","urn:lsid:marinespecies.org:taxname:237863","Nyctiphanes australis G.O. Sars, 1883","Species","Animalia","Arthropoda","Malacostraca","Euphausiacea","Euphausiidae","Nyctiphanes","Euphausiid",5,27335
3041,"Nyctiphanes simplex","urn:lsid:marinespecies.org:taxname:237864","Nyctiphanes simplex Hansen, 1911","Species","Animalia","Arthropoda","Malacostraca","Euphausiacea","Euphausiidae","Nyctiphanes","Euphausiid",6,27338
3042,"Pseudeuphausia","urn:lsid:marinespecies.org:taxname:205900","Pseudeuphausia Hansen, 1910","Genus","Animalia","Arthropoda","Malacostraca","Euphausiacea","Euphausiidae","Pseudeuphausia","Euphausiid",2,
3043,"Stylocheiron","urn:lsid:marinespecies.org:taxname:110678","Stylocheiron G.O. Sars, 1883","Genus","Animalia","Arthropoda","Malacostraca","Euphausiacea","Euphausiidae","Stylocheiron","Euphausiid",7,
3044,"Stylocheiron abbreviatum","urn:lsid:marinespecies.org:taxname:110699","Stylocheiron abbreviatum G.O. Sars, 1883","Species","Animalia","Arthropoda","Malacostraca","Euphausiacea","Euphausiidae","Stylocheiron","Euphausiid",4,27341
3045,"Stylocheiron longicorne","urn:lsid:marinespecies.org:taxname:110703","Stylocheiron longicorne G.O. Sars, 1883","Species","Animalia","Arthropoda","Malacostraca","Euphausiacea","Euphausiidae","Stylocheiron","Euphausiid",8,27348
3046,"Stylocheiron maximum","urn:lsid:marinespecies.org:taxname:110704","Stylocheiron maximum Hansen, 1908","Species","Animalia","Arthropoda","Malacostraca","Euphausiacea","Euphausiidae","Stylocheiron","Euphausiid",7,27349
3047,"Tessarabrachion","urn:lsid:marinespecies.org:taxname:237869","Tessarabrachion Hansen, 1911","Genus","Animalia","Arthropoda","Malacostraca","Euphausiacea","Euphausiidae","Tessarabrachion","Euphausiid",2,
3048,"Tessarabrachion oculatum","urn:lsid:marinespecies.org:taxname:237870","Tessarabrachion oculatum Hansen, 1911","Species","Animalia","Arthropoda","Malacostraca","Euphausiacea","Euphausiidae","Tessarabrachion","Euphausiid",26,27353
3049,"Thysanoessa","urn:lsid:marinespecies.org:taxname:110679","Thysanoessa Brandt, 1851","Genus","Animalia","Arthropoda","Malacostraca","Euphausiacea","Euphausiidae","Thysanoessa","Euphausiid",8,
3050,"Thysanoessa gregaria","urn:lsid:marinespecies.org:taxname:110707","Thysanoessa gregaria G.O. Sars, 1883","Species","Animalia","Arthropoda","Malacostraca","Euphausiacea","Euphausiidae","Thysanoessa","Euphausiid",9,27354
3051,"Thysanoessa inermis","urn:lsid:marinespecies.org:taxname:110708","Thysanoessa inermis (Krøyer, 1846)","Species","Animalia","Arthropoda","Malacostraca","Euphausiacea","Euphausiidae","Thysanoessa","Euphausiid",424,27355
3052,"Thysanoessa inspinata","urn:lsid:marinespecies.org:taxname:237872","Thysanoessa inspinata Nemoto, 1963","Species","Animalia","Arthropoda","Malacostraca","Euphausiacea","Euphausiidae","Thysanoessa","Euphausiid",144,27356
3053,"Thysanoessa longicaudata","urn:lsid:marinespecies.org:taxname:110709","Thysanoessa longicaudata (Krøyer, 1846)","Species","Animalia","Arthropoda","Malacostraca","Euphausiacea","Euphausiidae","Thysanoessa","Euphausiid",2,27357
3054,"Thysanoessa longipes","urn:lsid:marinespecies.org:taxname:237873","Thysanoessa longipes Brandt, 1851","Species","Animalia","Arthropoda","Malacostraca","Euphausiacea","Euphausiidae","Thysanoessa","Euphausiid",49,27358
3055,"Thysanoessa macrura","urn:lsid:marinespecies.org:taxname:236219","Thysanoessa macrura G.O. Sars, 1883","Species","Animalia","Arthropoda","Malacostraca","Euphausiacea","Euphausiidae","Thysanoessa","Euphausiid",279,27359
3056,"Thysanoessa parva","urn:lsid:marinespecies.org:taxname:110710","Thysanoessa parva Hansen, 1905","Species","Animalia","Arthropoda","Malacostraca","Euphausiacea","Euphausiidae","Thysanoessa","Euphausiid",1,27360
3057,"Thysanoessa raschii","urn:lsid:marinespecies.org:taxname:110711","Thysanoessa raschii (M. Sars, 1864)","Species","Animalia","Arthropoda","Malacostraca","Euphausiacea","Euphausiidae","Thysanoessa","Euphausiid",166,27361
3058,"Thysanoessa spinifera","urn:lsid:marinespecies.org:taxname:237874","Thysanoessa spinifera Holmes, 1900","Species","Animalia","Arthropoda","Malacostraca","Euphausiacea","Euphausiidae","Thysanoessa","Euphausiid",15,27362
3059,"Thysanoessa vicina","urn:lsid:marinespecies.org:taxname:236221","Thysanoessa vicina Hansen, 1911","Species","Animalia","Arthropoda","Malacostraca","Euphausiacea","Euphausiidae","Thysanoessa","Euphausiid",1,27363
3060,"Thysanopoda","urn:lsid:marinespecies.org:taxname:110680","Thysanopoda Milne Edwards, 1830","Genus","Animalia","Arthropoda","Malacostraca","Euphausiacea","Euphausiidae","Thysanopoda","Euphausiid",3,
3061,"Thysanopoda acutifrons","urn:lsid:marinespecies.org:taxname:110712","Thysanopoda acutifrons Holt & Tattersall, 1905","Species","Animalia","Arthropoda","Malacostraca","Euphausiacea","Euphausiidae","Thysanopoda","Euphausiid",7,27364
3062,"Thysanopoda aequalis","urn:lsid:marinespecies.org:taxname:110713","Thysanopoda aequalis Hansen, 1905","Species","Animalia","Arthropoda","Malacostraca","Euphausiacea","Euphausiidae","Thysanopoda","Euphausiid",2,27365
3063,"Thysanopoda microphthalma","urn:lsid:marinespecies.org:taxname:110717","Thysanopoda microphthalma G.O. Sars, 1885","Species","Animalia","Arthropoda","Malacostraca","Euphausiacea","Euphausiidae","Thysanopoda","Euphausiid",1,27370
3064,"Thysanopoda monacantha","urn:lsid:marinespecies.org:taxname:110718","Thysanopoda monacantha Ortmann, 1893","Species","Animalia","Arthropoda","Malacostraca","Euphausiacea","Euphausiidae","Thysanopoda","Euphausiid",12,27372
3065,"Aegina","urn:lsid:marinespecies.org:taxname:116994","Aegina Eschscholtz, 1829","Genus","Animalia","Cnidaria","Hydrozoa","Narcomedusae","Aeginidae","Aegina","Hydromedusae",1,
3066,"Aegina citrea","urn:lsid:marinespecies.org:taxname:117263","Aegina citrea Eschscholtz, 1829","Species","Animalia","Cnidaria","Hydrozoa","Narcomedusae","Aeginidae","Aegina","Hydromedusae",28,44556
3069,"Aeginopsis laurentii","urn:lsid:marinespecies.org:taxname:117265","Aeginopsis laurentii Brandt, 1838","Species","Animalia","Cnidaria","Hydrozoa","Narcomedusae","Solmundaeginidae","Aeginopsis","Hydromedusae",5,44561
3070,"Aeginura","urn:lsid:marinespecies.org:taxname:116996","Aeginura Haeckel, 1879","Genus","Animalia","Cnidaria","Hydrozoa","Narcomedusae","Aeginidae","Aeginura","Hydromedusae",1,
3071,"Aeginura grimaldii","urn:lsid:marinespecies.org:taxname:117266","Aeginura grimaldii Maas, 1904","Species","Animalia","Cnidaria","Hydrozoa","Narcomedusae","Aeginidae","Aeginura","Hydromedusae",37,44559
3072,"Aequorea","urn:lsid:marinespecies.org:taxname:116998","Aequorea Péron & Lesueur, 1810","Genus","Animalia","Cnidaria","Hydrozoa","Leptothecata","Aequoreidae","Aequorea","Hydromedusae",21,
3073,"Aequorea forskalea","urn:lsid:marinespecies.org:taxname:117270","Aequorea forskalea Péron & Lesueur, 1810","Species","Animalia","Cnidaria","Hydrozoa","Leptothecata","Aequoreidae","Aequorea","Hydromedusae",12,43905
3074,"Aequorea macrodactyla","urn:lsid:marinespecies.org:taxname:117271","Aequorea macrodactyla (Brandt, 1835)","Species","Animalia","Cnidaria","Hydrozoa","Leptothecata","Aequoreidae","Aequorea","Hydromedusae",4,43907
3075,"Aequorea victoria","urn:lsid:marinespecies.org:taxname:283998","Aequorea victoria (Murbach & Shearer, 1902)","Species","Animalia","Cnidaria","Hydrozoa","Leptothecata","Aequoreidae","Aequorea","Hydromedusae",248,43911
3076,"Aequorea vitrina","urn:lsid:marinespecies.org:taxname:117273","Aequorea vitrina Gosse, 1853","Species","Animalia","Cnidaria","Hydrozoa","Leptothecata","Aequoreidae","Aequorea","Hydromedusae",74,43912
3078,"Aglantha","urn:lsid:marinespecies.org:taxname:117212","Aglantha Haeckel, 1879","Genus","Animalia","Cnidaria","Hydrozoa","Trachymedusae","Rhopalonematidae","Aglantha","Hydromedusae",3,
3079,"Aglantha digitale","urn:lsid:marinespecies.org:taxname:117849","Aglantha digitale (O. F. Müller, 1776)","Species","Animalia","Cnidaria","Hydrozoa","Trachymedusae","Rhopalonematidae","Aglantha","Hydromedusae",280,44529
3081,"Aglaura hemistoma","urn:lsid:marinespecies.org:taxname:117851","Aglaura hemistoma Péron & Lesueur, 1810","Species","Animalia","Cnidaria","Hydrozoa","Trachymedusae","Rhopalonematidae","Aglaura","Hydromedusae",10,44507
3083,"Aglauropsis aeora","urn:lsid:marinespecies.org:taxname:289361","Aglauropsis aeora Mills, Rees & Hand, 1976","Species","Animalia","Cnidaria","Hydrozoa","Limnomedusae","Olindiidae","Aglauropsis","Hydromedusae",2,43879
3084,"Amphinema","urn:lsid:marinespecies.org:taxname:117178","Amphinema Haeckel, 1879","Genus","Animalia","Cnidaria","Hydrozoa","Anthoathecata","Pandeidae","Amphinema","Hydromedusae",1,
3085,"Amphinema dinema","urn:lsid:marinespecies.org:taxname:117778","Amphinema dinema (Péron & Lesueur, 1810)","Species","Animalia","Cnidaria","Hydrozoa","Anthoathecata","Pandeidae","Amphinema","Hydromedusae",3,43173
3086,"Amphinema platyhedos","urn:lsid:marinespecies.org:taxname:285120","Amphinema platyhedos Arai & Brinckmann-Voss, 1983","Species","Animalia","Cnidaria","Hydrozoa","Anthoathecata","Pandeidae","Amphinema","Hydromedusae",5,43180
3087,"Amphinema rugosum","urn:lsid:marinespecies.org:taxname:117781","Amphinema rugosum (Mayer, 1900)","Species","Animalia","Cnidaria","Hydrozoa","Anthoathecata","Pandeidae","Amphinema","Hydromedusae",3,43178
3088,"Amphinema turrida","urn:lsid:marinespecies.org:taxname:117782","Amphinema turrida (Mayer, 1900)","Species","Animalia","Cnidaria","Hydrozoa","Anthoathecata","Pandeidae","Amphinema","Hydromedusae",2,43179
3090,"Amphogona apicata","urn:lsid:marinespecies.org:taxname:174733","Amphogona apicata Kramp, 1957","Species","Animalia","Cnidaria","Hydrozoa","Trachymedusae","Rhopalonematidae","Amphogona","Hydromedusae",1,44508
3092,"Annatiara affinis","urn:lsid:marinespecies.org:taxname:117783","Annatiara affinis (Hartlaub, 1914)","Species","Animalia","Cnidaria","Hydrozoa","Anthoathecata","Pandeidae","Annatiara","Hydromedusae",2,43181
3093,"Anthoathecata","urn:lsid:marinespecies.org:taxname:13551","Anthoathecata Cornelius, 1992","Order","Animalia","Cnidaria","Hydrozoa","Anthoathecata",,,"Hydromedusae",1,
3097,"Arctapodema ampla","urn:lsid:marinespecies.org:taxname:117852","Arctapodema ampla (Vanhöffen, 1902)","Species","Animalia","Cnidaria","Hydrozoa","Trachymedusae","Rhopalonematidae","Arctapodema","Hydromedusae",2,44511
3099,"Benthocodon hyalinus","urn:lsid:marinespecies.org:taxname:174740","Benthocodon hyalinus Larson & Harbison, 1990","Species","Animalia","Cnidaria","Hydrozoa","Trachymedusae","Rhopalonematidae","Benthocodon","Hydromedusae",1,76918
3100,"Benthocodon pedunculatus","urn:lsid:marinespecies.org:taxname:1417788","Benthocodon pedunculatus (Bigelow, 1913)","Species","Animalia","Cnidaria","Hydrozoa","Trachymedusae","Rhopalonematidae","Benthocodon","Hydromedusae",33,
3102,"Blackfordia virginica","urn:lsid:marinespecies.org:taxname:117313","Blackfordia virginica Mayer, 1910","Species","Animalia","Cnidaria","Hydrozoa","Leptothecata","Blackfordiidae","Blackfordia","Hydromedusae",4,42891
3106,"Botrynema brucei","urn:lsid:marinespecies.org:taxname:117615","Botrynema brucei Browne, 1908","Species","Animalia","Cnidaria","Hydrozoa","Trachymedusae","Halicreatidae","Botrynema","Hydromedusae",19,44546
3107,"Bougainvillia","urn:lsid:marinespecies.org:taxname:117015","Bougainvillia Lesson, 1830","Genus","Animalia","Cnidaria","Hydrozoa","Anthoathecata","Bougainvilliidae","Bougainvillia","Hydromedusae",7,
3108,"Bougainvillia bougainvillei","urn:lsid:marinespecies.org:taxname:284231","Bougainvillia bougainvillei (Brandt, 1835)","Species","Animalia","Cnidaria","Hydrozoa","Anthoathecata","Bougainvilliidae","Bougainvillia","Hydromedusae",1,41969
3109,"Bougainvillia britannica","urn:lsid:marinespecies.org:taxname:117321","Bougainvillia britannica (Forbes, 1841)","Species","Animalia","Cnidaria","Hydrozoa","Anthoathecata","Bougainvilliidae","Bougainvillia","Hydromedusae",2,41975
3110,"Bougainvillia carolinensis","urn:lsid:marinespecies.org:taxname:157917","Bougainvillia carolinensis (McCrady, 1859)","Species","Animalia","Cnidaria","Hydrozoa","Anthoathecata","Bougainvilliidae","Bougainvillia","Hydromedusae",1,41972
3111,"Bougainvillia macloviana","urn:lsid:marinespecies.org:taxname:117324","Bougainvillia macloviana Lesson, 1830","Species","Animalia","Cnidaria","Hydrozoa","Anthoathecata","Bougainvilliidae","Bougainvillia","Hydromedusae",1,42751
3112,"Bougainvillia multitentaculata","urn:lsid:marinespecies.org:taxname:284241","Bougainvillia multitentaculata Foerster, 1923","Species","Animalia","Cnidaria","Hydrozoa","Anthoathecata","Bougainvilliidae","Bougainvillia","Hydromedusae",4,93934
3113,"Bougainvillia muscus","urn:lsid:marinespecies.org:taxname:117328","Bougainvillia muscus (Allman, 1863)","Species","Animalia","Cnidaria","Hydrozoa","Anthoathecata","Bougainvilliidae","Bougainvillia","Hydromedusae",5,42763
3114,"Bougainvillia principis","urn:lsid:marinespecies.org:taxname:117329","Bougainvillia principis (Steenstrup, 1850)","Species","Animalia","Cnidaria","Hydrozoa","Anthoathecata","Bougainvilliidae","Bougainvillia","Hydromedusae",3,41971
3115,"Bougainvillia pyramidata","urn:lsid:marinespecies.org:taxname:117330","Bougainvillia pyramidata (Forbes & Goodsir, 1853)","Species","Animalia","Cnidaria","Hydrozoa","Anthoathecata","Bougainvilliidae","Bougainvillia","Hydromedusae",1,42756
3116,"Bougainvillia rugosa","urn:lsid:marinespecies.org:taxname:117332","Bougainvillia rugosa Clarke, 1882","Species","Animalia","Cnidaria","Hydrozoa","Anthoathecata","Bougainvilliidae","Bougainvillia","Hydromedusae",1,41973
3117,"Bougainvillia superciliaris","urn:lsid:marinespecies.org:taxname:117333","Bougainvillia superciliaris (L. Agassiz, 1849)","Species","Animalia","Cnidaria","Hydrozoa","Anthoathecata","Bougainvilliidae","Bougainvillia","Hydromedusae",14,41967
3120,"Bythotiara depressa","urn:lsid:marinespecies.org:taxname:284292","Bythotiara depressa Naumov, 1960","Species","Animalia","Cnidaria","Hydrozoa","Anthoathecata","Bythotiaridae","Bythotiara","Hydromedusae",5,41962
3121,"Bythotiara huntsmani","urn:lsid:marinespecies.org:taxname:284293","Bythotiara huntsmani (Fraser, 1911)","Species","Animalia","Cnidaria","Hydrozoa","Anthoathecata","Bythotiaridae","Bythotiara","Hydromedusae",2,41965
3122,"Bythotiara murrayi","urn:lsid:marinespecies.org:taxname:117358","Bythotiara murrayi Günther, 1903","Species","Animalia","Cnidaria","Hydrozoa","Anthoathecata","Bythotiaridae","Bythotiara","Hydromedusae",1,41963
3123,"Bythotiara stilbosa","urn:lsid:marinespecies.org:taxname:284296","Bythotiara stilbosa Mills & Rees, 1979","Species","Animalia","Cnidaria","Hydrozoa","Anthoathecata","Bythotiaridae","Bythotiara","Hydromedusae",3,41966
3126,"Calycopsis borchgrevinki","urn:lsid:marinespecies.org:taxname:174227","Calycopsis borchgrevinki (Browne, 1910)","Species","Animalia","Cnidaria","Hydrozoa","Anthoathecata","Bythotiaridae","Calycopsis","Hydromedusae",81,43371
3127,"Calycopsis nematophora","urn:lsid:marinespecies.org:taxname:284302","Calycopsis nematophora Bigelow, 1913","Species","Animalia","Cnidaria","Hydrozoa","Anthoathecata","Bythotiaridae","Calycopsis","Hydromedusae",4,43369
3128,"Calycopsis simplex","urn:lsid:marinespecies.org:taxname:117361","Calycopsis simplex Kramp & Damas, 1925","Species","Animalia","Cnidaria","Hydrozoa","Anthoathecata","Bythotiaridae","Calycopsis","Hydromedusae",1,43376
3129,"Calycopsis simulans","urn:lsid:marinespecies.org:taxname:221205","Calycopsis simulans (Bigelow, 1909)","Species","Animalia","Cnidaria","Hydrozoa","Anthoathecata","Bythotiaridae","Calycopsis","Hydromedusae",2,43377
3130,"Calycopsis typa","urn:lsid:marinespecies.org:taxname:284304","Calycopsis typa Fewkes, 1882","Species","Animalia","Cnidaria","Hydrozoa","Anthoathecata","Bythotiaridae","Calycopsis","Hydromedusae",1,43378
3131,"Campanularia","urn:lsid:marinespecies.org:taxname:117029","Campanularia Lamarck, 1816","Genus","Animalia","Cnidaria","Hydrozoa","Leptothecata","Campanulariidae","Campanularia","Hydromedusae",1,
3134,"Catablema","urn:lsid:marinespecies.org:taxname:117180","Catablema Haeckel, 1879","Genus","Animalia","Cnidaria","Hydrozoa","Anthoathecata","Pandeidae","Catablema","Hydromedusae",2,
3135,"Catablema multicirratum","urn:lsid:marinespecies.org:taxname:285125","Catablema multicirratum Kishinouye, 1910","Species","Animalia","Cnidaria","Hydrozoa","Anthoathecata","Pandeidae","Catablema","Hydromedusae",5,43167
3136,"Catablema vesicarium","urn:lsid:marinespecies.org:taxname:117784","Catablema vesicarium (A. Agassiz, 1862)","Species","Animalia","Cnidaria","Hydrozoa","Anthoathecata","Pandeidae","Catablema","Hydromedusae",2,43166
3137,"Catablema vesicarium nodulosum","urn:lsid:marinespecies.org:taxname:1245272","Catablema vesicarium nodulosum Bigelow, 1913","Species","Animalia","Cnidaria","Hydrozoa","Anthoathecata","Pandeidae","Catablema","Hydromedusae",5,
3139,"Chiarella centripetalis","urn:lsid:marinespecies.org:taxname:289589","Chiarella centripetalis Maas, 1897","Species","Animalia","Cnidaria","Hydrozoa","Anthoathecata","Bougainvilliidae","Chiarella","Hydromedusae",1,42773
3141,"Cladonema californicum","urn:lsid:marinespecies.org:taxname:284443","Cladonema californicum Hyman, 1947","Species","Animalia","Cnidaria","Hydrozoa","Anthoathecata","Cladonematidae","Cladonema","Hydromedusae",53,43064
3142,"Cladonema myersi","urn:lsid:marinespecies.org:taxname:284444","Cladonema myersi Rees, 1949","Species","Animalia","Cnidaria","Hydrozoa","Anthoathecata","Cladonematidae","Cladonema","Hydromedusae",1,43065
3143,"Cladonema pacificum","urn:lsid:marinespecies.org:taxname:284446","Cladonema pacificum Naumov, 1955","Species","Animalia","Cnidaria","Hydrozoa","Anthoathecata","Cladonematidae","Cladonema","Hydromedusae",1,43066
3144,"Cladonema radiatum","urn:lsid:marinespecies.org:taxname:117425","Cladonema radiatum Dujardin, 1843","Species","Animalia","Cnidaria","Hydrozoa","Anthoathecata","Cladonematidae","Cladonema","Hydromedusae",3,43067
3147,"Climacocodon ikarii","urn:lsid:marinespecies.org:taxname:289686","Climacocodon ikarii Uchida, 1924","Species","Animalia","Cnidaria","Hydrozoa","Anthoathecata","Margelopsidae","Climacocodon","Hydromedusae",1,43227
3148,"Clytia","urn:lsid:marinespecies.org:taxname:117030","Clytia Lamouroux, 1812","Genus","Animalia","Cnidaria","Hydrozoa","Leptothecata","Campanulariidae","Clytia","Hydromedusae",14,
3149,"Clytia gregaria","urn:lsid:marinespecies.org:taxname:284361","Clytia gregaria (Agassiz, 1862)","Species","Animalia","Cnidaria","Hydrozoa","Leptothecata","Campanulariidae","Clytia","Hydromedusae",155,43476
3150,"Clytia hemisphaerica","urn:lsid:marinespecies.org:taxname:117368","Clytia hemisphaerica (Linnaeus, 1767)","Species","Animalia","Cnidaria","Hydrozoa","Leptothecata","Campanulariidae","Clytia","Hydromedusae",5,43455
3151,"Clytia lomae","urn:lsid:marinespecies.org:taxname:284373","Clytia lomae (Torrey, 1909)","Species","Animalia","Cnidaria","Hydrozoa","Leptothecata","Campanulariidae","Clytia","Hydromedusae",83,43479
3152,"Clytia mccradyi","urn:lsid:marinespecies.org:taxname:284378","Clytia mccradyi (Brooks, 1888)","Species","Animalia","Cnidaria","Hydrozoa","Leptothecata","Campanulariidae","Clytia","Hydromedusae",2,43487
3153,"Clytia simplex","urn:lsid:marinespecies.org:taxname:284388","Clytia simplex (Browne, 1902)","Species","Animalia","Cnidaria","Hydrozoa","Leptothecata","Campanulariidae","Clytia","Hydromedusae",1,43446
3154,"Codonium proliferum","urn:lsid:marinespecies.org:taxname:565154","Codonium proliferum (Forbes, 1848)","Species","Animalia","Cnidaria","Hydrozoa","Anthoathecata","Corynidae","Codonium","Hydromedusae",2,
3155,"Colobonema","urn:lsid:marinespecies.org:taxname:117215","Colobonema Vanhöffen, 1902","Genus","Animalia","Cnidaria","Hydrozoa","Trachymedusae","Rhopalonematidae","Colobonema","Hydromedusae",1,
3156,"Colobonema sericeum","urn:lsid:marinespecies.org:taxname:117854","Colobonema sericeum Vanhöffen, 1902","Species","Animalia","Cnidaria","Hydrozoa","Trachymedusae","Rhopalonematidae","Colobonema","Hydromedusae",36,44515
3157,"Colobonema typicum","urn:lsid:marinespecies.org:taxname:285346","Colobonema typicum (Maas, 1897)","Species","Animalia","Cnidaria","Hydrozoa","Trachymedusae","Rhopalonematidae","Colobonema","Hydromedusae",1,44516
3159,"Corymorpha bigelowi","urn:lsid:marinespecies.org:taxname:117448","Corymorpha bigelowi (Maas, 1905)","Species","Animalia","Cnidaria","Hydrozoa","Anthoathecata","Corymorphidae","Corymorpha","Hydromedusae",1,43036
3160,"Corymorpha gigantea","urn:lsid:marinespecies.org:taxname:284479","Corymorpha gigantea (Kramp, 1957)","Species","Animalia","Cnidaria","Hydrozoa","Anthoathecata","Corymorphidae","Corymorpha","Hydromedusae",1,
3161,"Corymorpha nutans","urn:lsid:marinespecies.org:taxname:117452","Corymorpha nutans M. Sars, 1835","Species","Animalia","Cnidaria","Hydrozoa","Anthoathecata","Corymorphidae","Corymorpha","Hydromedusae",3,42972
3162,"Corymorpha valdiviae","urn:lsid:marinespecies.org:taxname:284506","Corymorpha valdiviae (Vanhöffen, 1911)","Species","Animalia","Cnidaria","Hydrozoa","Anthoathecata","Corymorphidae","Corymorpha","Hydromedusae",1,
3164,"Coryne eximia","urn:lsid:marinespecies.org:taxname:151860","Coryne eximia Allman, 1859","Species","Animalia","Cnidaria","Hydrozoa","Anthoathecata","Corynidae","Coryne","Hydromedusae",2,43105
3166,"Cosmetira","urn:lsid:marinespecies.org:taxname:117156","Cosmetira Forbes, 1848","Genus","Animalia","Cnidaria","Hydrozoa","Leptothecata","Mitrocomidae","Cosmetira","Hydromedusae",9,
3167,"Crossota","urn:lsid:marinespecies.org:taxname:117216","Crossota Vanhöffen, 1902","Genus","Animalia","Cnidaria","Hydrozoa","Trachymedusae","Rhopalonematidae","Crossota","Hydromedusae",9,
3168,"Crossota alba","urn:lsid:marinespecies.org:taxname:221237","Crossota alba Bigelow, 1913","Species","Animalia","Cnidaria","Hydrozoa","Trachymedusae","Rhopalonematidae","Crossota","Hydromedusae",4,44536
3169,"Crossota rufobrunnea","urn:lsid:marinespecies.org:taxname:117856","Crossota rufobrunnea (Kramp, 1913)","Species","Animalia","Cnidaria","Hydrozoa","Trachymedusae","Rhopalonematidae","Crossota","Hydromedusae",17,44539
3170,"Cunina","urn:lsid:marinespecies.org:taxname:117072","Cunina Eschscholtz, 1829","Genus","Animalia","Cnidaria","Hydrozoa","Narcomedusae","Cuninidae","Cunina","Hydromedusae",3,
3171,"Cunina duplicata","urn:lsid:marinespecies.org:taxname:221241","Cunina duplicata Maas, 1893","Species","Animalia","Cnidaria","Hydrozoa","Narcomedusae","Cuninidae","Cunina","Hydromedusae",2,44607
3172,"Cunina frugifera","urn:lsid:marinespecies.org:taxname:117494","Cunina frugifera Kramp, 1948","Species","Animalia","Cnidaria","Hydrozoa","Narcomedusae","Cuninidae","Cunina","Hydromedusae",2,44608
3173,"Cunina globosa","urn:lsid:marinespecies.org:taxname:117495","Cunina globosa Eschscholtz, 1829","Species","Animalia","Cnidaria","Hydrozoa","Narcomedusae","Cuninidae","Cunina","Hydromedusae",3,44605
3174,"Cunina octonaria","urn:lsid:marinespecies.org:taxname:117497","Cunina octonaria McCrady, 1859","Species","Animalia","Cnidaria","Hydrozoa","Narcomedusae","Cuninidae","Cunina","Hydromedusae",1,44606
3175,"Cunina peregrina","urn:lsid:marinespecies.org:taxname:221242","Cunina peregrina Bigelow, 1909","Species","Animalia","Cnidaria","Hydrozoa","Narcomedusae","Cuninidae","Cunina","Hydromedusae",1,77091
3176,"Cunina proboscidea","urn:lsid:marinespecies.org:taxname:117499","Cunina proboscidea Metschnikoff & Metschnikoff, 1871","Species","Animalia","Cnidaria","Hydrozoa","Narcomedusae","Cuninidae","Cunina","Hydromedusae",3,44620
3180,"Cytaeis tetrastyla","urn:lsid:marinespecies.org:taxname:117506","Cytaeis tetrastyla Eschscholtz, 1829","Species","Animalia","Cnidaria","Hydrozoa","Anthoathecata","Cytaeididae","Cytaeis","Hydromedusae",2,42020
3182,"Dichotomia cannoides","urn:lsid:marinespecies.org:taxname:289810","Dichotomia cannoides Brooks, 1903","Species","Animalia","Cnidaria","Hydrozoa","Leptothecata","Dipleurosomatidae","Dichotomia","Hydromedusae",2,42937
3184,"Dipleurosoma typicum","urn:lsid:marinespecies.org:taxname:117510","Dipleurosoma typicum Boeck, 1868","Species","Animalia","Cnidaria","Hydrozoa","Leptothecata","Dipleurosomatidae","Dipleurosoma","Hydromedusae",3,42941
3187,"Earleria purpurea","urn:lsid:marinespecies.org:taxname:395327","Earleria purpurea (Foerster, 1924)","Species","Animalia","Cnidaria","Hydrozoa","Leptothecata","Mitrocomidae","Earleria","Hydromedusae",5,44277
3189,"Ectopleura dumortierii","urn:lsid:marinespecies.org:taxname:117982","Ectopleura dumortierii (Van Beneden, 1844)","Species","Animalia","Cnidaria","Hydrozoa","Anthoathecata","Tubulariidae","Ectopleura","Hydromedusae",3,43026
3191,"Eirene mollis","urn:lsid:marinespecies.org:taxname:284588","Eirene mollis Torrey, 1909","Species","Animalia","Cnidaria","Hydrozoa","Leptothecata","Eirenidae","Eirene","Hydromedusae",2,42910
3192,"Eirene viridula","urn:lsid:marinespecies.org:taxname:117512","Eirene viridula (Péron & Lesueur, 1810)","Species","Animalia","Cnidaria","Hydrozoa","Leptothecata","Eirenidae","Eirene","Hydromedusae",1,42909
3195,"Eperetmus typus","urn:lsid:marinespecies.org:taxname:289899","Eperetmus typus Bigelow, 1915","Species","Animalia","Cnidaria","Hydrozoa","Limnomedusae","Olindiidae","Eperetmus","Hydromedusae",58,43864
3197,"Eucheilota paradoxica","urn:lsid:marinespecies.org:taxname:117536","Eucheilota paradoxica Mayer, 1900","Species","Animalia","Cnidaria","Hydrozoa","Leptothecata","Lovenellidae","Eucheilota","Hydromedusae",2,44317
3198,"Eucheilota ventricularis","urn:lsid:marinespecies.org:taxname:117537","Eucheilota ventricularis McCrady, 1859","Species","Animalia","Cnidaria","Hydrozoa","Leptothecata","Lovenellidae","Eucheilota","Hydromedusae",1,44308
3201,"Eucodonium brownei","urn:lsid:marinespecies.org:taxname:117453","Eucodonium brownei Hartlaub, 1907","Species","Animalia","Cnidaria","Hydrozoa","Anthoathecata","Eucodoniidae","Eucodonium","Hydromedusae",2,43034
3202,"Euphysa","urn:lsid:marinespecies.org:taxname:117095","Euphysa Forbes, 1848","Genus","Animalia","Cnidaria","Hydrozoa","Anthoathecata","Corymorphidae","Euphysa","Hydromedusae",6,
3203,"Euphysa aurata","urn:lsid:marinespecies.org:taxname:117561","Euphysa aurata Forbes, 1848","Species","Animalia","Cnidaria","Hydrozoa","Anthoathecata","Corymorphidae","Euphysa","Hydromedusae",4,43048
3204,"Euphysa japonica","urn:lsid:marinespecies.org:taxname:284695","Euphysa japonica (Maas, 1909)","Species","Animalia","Cnidaria","Hydrozoa","Anthoathecata","Corymorphidae","Euphysa","Hydromedusae",9,43053
3205,"Euphysa tentaculata","urn:lsid:marinespecies.org:taxname:117564","Euphysa tentaculata Linko, 1905","Species","Animalia","Cnidaria","Hydrozoa","Anthoathecata","Corymorphidae","Euphysa","Hydromedusae",13,43050
3207,"Eutiara mayeri","urn:lsid:marinespecies.org:taxname:289940","Eutiara mayeri Bigelow, 1918","Species","Animalia","Cnidaria","Hydrozoa","Anthoathecata","Pandeidae","Eutiara","Hydromedusae",1,43187
3209,"Eutima gegenbauri","urn:lsid:marinespecies.org:taxname:117514","Eutima gegenbauri (Haeckel, 1864)","Species","Animalia","Cnidaria","Hydrozoa","Leptothecata","Eirenidae","Eutima","Hydromedusae",2,42914
3210,"Eutima gracilis","urn:lsid:marinespecies.org:taxname:117515","Eutima gracilis (Forbes & Goodsir, 1853)","Species","Animalia","Cnidaria","Hydrozoa","Leptothecata","Eirenidae","Eutima","Hydromedusae",2,42916
3212,"Eutonina indicans","urn:lsid:marinespecies.org:taxname:117517","Eutonina indicans (Romanes, 1876)","Species","Animalia","Cnidaria","Hydrozoa","Leptothecata","Eirenidae","Eutonina","Hydromedusae",106,43539
3214,"Garveia","urn:lsid:marinespecies.org:taxname:117018","Garveia Wright, 1859","Genus","Animalia","Cnidaria","Hydrozoa","Anthoathecata","Bougainvilliidae","Garveia","Hydromedusae",1,
3216,"Geomackiea zephyrolata","urn:lsid:marinespecies.org:taxname:289988","Geomackiea zephyrolata Mills, 1985","Species","Animalia","Cnidaria","Hydrozoa","Anthoathecata","Pandeidae","Geomackiea","Hydromedusae",4,43208
3217,"Geryonia","urn:lsid:marinespecies.org:taxname:117098","Geryonia Péron & Lesueur, 1810","Genus","Animalia","Cnidaria","Hydrozoa","Limnomedusae","Geryoniidae","Geryonia","Hydromedusae",2,
3218,"Geryonia proboscidalis","urn:lsid:marinespecies.org:taxname:117567","Geryonia proboscidalis (Forsskål, 1775)","Species","Animalia","Cnidaria","Hydrozoa","Limnomedusae","Geryoniidae","Geryonia","Hydromedusae",5,44505
3221,"Gonionemus vertens","urn:lsid:marinespecies.org:taxname:117768","Gonionemus vertens A. Agassiz, 1862","Species","Animalia","Cnidaria","Hydrozoa","Limnomedusae","Olindiidae","Gonionemus","Hydromedusae",66,43865
3224,"Halecium petrosum","urn:lsid:marinespecies.org:taxname:117600","Halecium petrosum Stechow, 1919","Species","Animalia","Cnidaria","Hydrozoa","Leptothecata","Haleciidae","Halecium","Hydromedusae",2,105656
3225,"Halecium pusillum","urn:lsid:marinespecies.org:taxname:117602","Halecium pusillum Sars, 1856","Species","Animalia","Cnidaria","Hydrozoa","Leptothecata","Haleciidae","Halecium","Hydromedusae",2,42708
3227,"Halicreas minimum","urn:lsid:marinespecies.org:taxname:117617","Halicreas minimum Fewkes, 1882","Species","Animalia","Cnidaria","Hydrozoa","Trachymedusae","Halicreatidae","Halicreas","Hydromedusae",11,44548
3230,"Halimedusa typus","urn:lsid:marinespecies.org:taxname:290072","Halimedusa typus Bigelow, 1916","Species","Animalia","Cnidaria","Hydrozoa","Anthoathecata","Halimedusidae","Halimedusa","Hydromedusae",4,43169
3232,"Haliscera","urn:lsid:marinespecies.org:taxname:117109","Haliscera Vanhöffen, 1902","Genus","Animalia","Cnidaria","Hydrozoa","Trachymedusae","Halicreatidae","Haliscera","Hydromedusae",3,
3233,"Haliscera bigelowi","urn:lsid:marinespecies.org:taxname:117619","Haliscera bigelowi Kramp, 1947","Species","Animalia","Cnidaria","Hydrozoa","Trachymedusae","Halicreatidae","Haliscera","Hydromedusae",8,44550
3234,"Haliscera conica","urn:lsid:marinespecies.org:taxname:117620","Haliscera conica Vanhöffen, 1902","Species","Animalia","Cnidaria","Hydrozoa","Trachymedusae","Halicreatidae","Haliscera","Hydromedusae",5,44551
3235,"Haliscera racovitzae","urn:lsid:marinespecies.org:taxname:117621","Haliscera racovitzae (Maas, 1906)","Species","Animalia","Cnidaria","Hydrozoa","Trachymedusae","Halicreatidae","Haliscera","Hydromedusae",1,44552
3236,"Halitholus","urn:lsid:marinespecies.org:taxname:117182","Halitholus Hartlaub, 1914","Genus","Animalia","Cnidaria","Hydrozoa","Anthoathecata","Pandeidae","Halitholus","Hydromedusae",3,
3237,"Halitholus cirratus","urn:lsid:marinespecies.org:taxname:157951","Halitholus cirratus Hartlaub, 1913","Species","Animalia","Cnidaria","Hydrozoa","Anthoathecata","Pandeidae","Halitholus","Hydromedusae",10,43171
3238,"Halitholus pauper","urn:lsid:marinespecies.org:taxname:117786","Halitholus pauper Hartlaub, 1914","Species","Animalia","Cnidaria","Hydrozoa","Anthoathecata","Pandeidae","Halitholus","Hydromedusae",3,43170
3240,"Halitiara formosa","urn:lsid:marinespecies.org:taxname:117839","Halitiara formosa Fewkes, 1882","Species","Animalia","Cnidaria","Hydrozoa","Anthoathecata","Protiaridae","Halitiara","Hydromedusae",3,43188
3242,"Halitrephes maasi","urn:lsid:marinespecies.org:taxname:117622","Halitrephes maasi Bigelow, 1909","Species","Animalia","Cnidaria","Hydrozoa","Trachymedusae","Halicreatidae","Halitrephes","Hydromedusae",2,44545
3244,"Helgicirrha cari","urn:lsid:marinespecies.org:taxname:117521","Helgicirrha cari (Haeckel, 1864)","Species","Animalia","Cnidaria","Hydrozoa","Leptothecata","Eirenidae","Helgicirrha","Hydromedusae",1,43545
3245,"Hybocodon","urn:lsid:marinespecies.org:taxname:117256","Hybocodon L. Agassiz, 1860","Genus","Animalia","Cnidaria","Hydrozoa","Anthoathecata","Tubulariidae","Hybocodon","Hydromedusae",2,
3246,"Hybocodon prolifer","urn:lsid:marinespecies.org:taxname:117988","Hybocodon prolifer Agassiz, 1860","Species","Animalia","Cnidaria","Hydrozoa","Anthoathecata","Tubulariidae","Hybocodon","Hydromedusae",19,42856
3249,"Hydrocoryne bodegensis","urn:lsid:marinespecies.org:taxname:290163","Hydrocoryne bodegensis Rees, Hand & Mills, 1976","Species","Animalia","Cnidaria","Hydrozoa","Anthoathecata","Hydrocorynidae","Hydrocoryne","Hydromedusae",1,43145
3252,"Koellikerina fasciculata","urn:lsid:marinespecies.org:taxname:117343","Koellikerina fasciculata (Péron & Lesueur, 1810)","Species","Animalia","Cnidaria","Hydrozoa","Anthoathecata","Bougainvilliidae","Koellikerina","Hydromedusae",2,42787
3254,"Krampella dubia","urn:lsid:marinespecies.org:taxname:117719","Krampella dubia Russell, 1957","Species","Animalia","Cnidaria","Hydrozoa","Leptothecata","Tiarannidae","Krampella","Hydromedusae",1,44254
3255,"Laodicea","urn:lsid:marinespecies.org:taxname:117141","Laodicea Lesson, 1843","Genus","Animalia","Cnidaria","Hydrozoa","Leptothecata","Laodiceidae","Laodicea","Hydromedusae",2,
3256,"Laodicea neptuna","urn:lsid:marinespecies.org:taxname:117723","Laodicea neptuna Mayer, 1900","Species","Animalia","Cnidaria","Hydrozoa","Leptothecata","Laodiceidae","Laodicea","Hydromedusae",1,44263
3257,"Laodicea ocellata","urn:lsid:marinespecies.org:taxname:117724","Laodicea ocellata Babnik, 1948","Species","Animalia","Cnidaria","Hydrozoa","Leptothecata","Laodiceidae","Laodicea","Hydromedusae",1,44265
3258,"Laodicea undulata","urn:lsid:marinespecies.org:taxname:117725","Laodicea undulata (Forbes & Goodsir, 1853)","Species","Animalia","Cnidaria","Hydrozoa","Leptothecata","Laodiceidae","Laodicea","Hydromedusae",2,44261
3260,"Larsonia pterophylla","urn:lsid:marinespecies.org:taxname:290274","Larsonia pterophylla (Haeckel, 1879)","Species","Animalia","Cnidaria","Hydrozoa","Anthoathecata","Pandeidae","Larsonia","Hydromedusae",4,43202
3261,"Leptothecata","urn:lsid:marinespecies.org:taxname:13552","Leptothecata Cornelius, 1992","Order","Animalia","Cnidaria","Hydrozoa","Leptothecata",,,"Hydromedusae",1,
3262,"Leuckartiara","urn:lsid:marinespecies.org:taxname:117183","Leuckartiara Hartlaub, 1914","Genus","Animalia","Cnidaria","Hydrozoa","Anthoathecata","Pandeidae","Leuckartiara","Hydromedusae",11,
3263,"Leuckartiara foersteri","urn:lsid:marinespecies.org:taxname:285131","Leuckartiara foersteri Arai & Brinckmann-Voss, 1980","Species","Animalia","Cnidaria","Hydrozoa","Anthoathecata","Pandeidae","Leuckartiara","Hydromedusae",5,77434
3264,"Leuckartiara nobilis","urn:lsid:marinespecies.org:taxname:117790","Leuckartiara nobilis Hartlaub, 1914","Species","Animalia","Cnidaria","Hydrozoa","Anthoathecata","Pandeidae","Leuckartiara","Hydromedusae",7,43149
3265,"Leuckartiara octona","urn:lsid:marinespecies.org:taxname:117791","Leuckartiara octona (Fleming, 1823)","Species","Animalia","Cnidaria","Hydrozoa","Anthoathecata","Pandeidae","Leuckartiara","Hydromedusae",5,43148
3266,"Limnomedusae","urn:lsid:marinespecies.org:taxname:1370","Limnomedusae Kramp, 1938","Order","Animalia","Cnidaria","Hydrozoa","Limnomedusae",,,"Hydromedusae",1,
3267,"Liriope","urn:lsid:marinespecies.org:taxname:117099","Liriope Lesson, 1843","Genus","Animalia","Cnidaria","Hydrozoa","Limnomedusae","Geryoniidae","Liriope","Hydromedusae",2,
3268,"Liriope tetraphylla","urn:lsid:marinespecies.org:taxname:117568","Liriope tetraphylla (Chamisso & Eysenhardt, 1821)","Species","Animalia","Cnidaria","Hydrozoa","Limnomedusae","Geryoniidae","Liriope","Hydromedusae",35,44506
3269,"Lizzia","urn:lsid:marinespecies.org:taxname:117021","Lizzia Forbes, 1846","Genus","Animalia","Cnidaria","Hydrozoa","Anthoathecata","Rathkeidae","Lizzia","Hydromedusae",1,
3270,"Lizzia blondina","urn:lsid:marinespecies.org:taxname:117345","Lizzia blondina Forbes, 1848","Species","Animalia","Cnidaria","Hydrozoa","Anthoathecata","Rathkeidae","Lizzia","Hydromedusae",4,42812
3271,"Lizzia ferrarii","urn:lsid:marinespecies.org:taxname:284270","Lizzia ferrarii Segura, 1980","Species","Animalia","Cnidaria","Hydrozoa","Anthoathecata","Rathkeidae","Lizzia","Hydromedusae",1,77438
3272,"Lovenella","urn:lsid:marinespecies.org:taxname:117149","Lovenella Hincks, 1868","Genus","Animalia","Cnidaria","Hydrozoa","Leptothecata","Lovenellidae","Lovenella","Hydromedusae",1,
3275,"Maeotias marginata","urn:lsid:marinespecies.org:taxname:234026","Maeotias marginata (Modeer, 1791)","Species","Animalia","Cnidaria","Hydrozoa","Limnomedusae","Olindiidae","Maeotias","Hydromedusae",4,43866
3279,"Melicertissa","urn:lsid:marinespecies.org:taxname:117142","Melicertissa Haeckel, 1879","Genus","Animalia","Cnidaria","Hydrozoa","Leptothecata","Laodiceidae","Melicertissa","Hydromedusae",1,
3281,"Melicertum octocostatum","urn:lsid:marinespecies.org:taxname:117743","Melicertum octocostatum (M. Sars, 1835)","Species","Animalia","Cnidaria","Hydrozoa","Leptothecata","Melicertidae","Melicertum","Hydromedusae",8,44299
3283,"Merga reesi","urn:lsid:marinespecies.org:taxname:117793","Merga reesi Russell, 1956","Species","Animalia","Cnidaria","Hydrozoa","Anthoathecata","Pandeidae","Merga","Hydromedusae",1,43189
3284,"Merga tergestina","urn:lsid:marinespecies.org:taxname:117794","Merga tergestina (Neppi & Stiasny, 1912)","Species","Animalia","Cnidaria","Hydrozoa","Anthoathecata","Pandeidae","Merga","Hydromedusae",3,43190
3285,"Merga violacea","urn:lsid:marinespecies.org:taxname:221197","Merga violacea (Agassiz & Mayer, 1899)","Species","Animalia","Cnidaria","Hydrozoa","Anthoathecata","Pandeidae","Merga","Hydromedusae",3,43191
3286,"Mitrocoma","urn:lsid:marinespecies.org:taxname:117161","Mitrocoma Haeckel, 1864","Genus","Animalia","Cnidaria","Hydrozoa","Leptothecata","Mitrocomidae","Mitrocoma","Hydromedusae",4,
3287,"Mitrocoma annae","urn:lsid:marinespecies.org:taxname:117753","Mitrocoma annae Haeckel, 1864","Species","Animalia","Cnidaria","Hydrozoa","Leptothecata","Mitrocomidae","Mitrocoma","Hydromedusae",2,44230
3288,"Mitrocoma cellularia","urn:lsid:marinespecies.org:taxname:292350","Mitrocoma cellularia (Agassiz, 1862)","Species","Animalia","Cnidaria","Hydrozoa","Leptothecata","Mitrocomidae","Mitrocoma","Hydromedusae",189,44233
3289,"Mitrocomella","urn:lsid:marinespecies.org:taxname:117162","Mitrocomella Haeckel, 1879","Genus","Animalia","Cnidaria","Hydrozoa","Leptothecata","Mitrocomidae","Mitrocomella","Hydromedusae",3,
3290,"Mitrocomella brownei","urn:lsid:marinespecies.org:taxname:117754","Mitrocomella brownei (Kramp, 1930)","Species","Animalia","Cnidaria","Hydrozoa","Leptothecata","Mitrocomidae","Mitrocomella","Hydromedusae",2,44234
3291,"Mitrocomella polydiademata","urn:lsid:marinespecies.org:taxname:117755","Mitrocomella polydiademata (Romanes, 1876)","Species","Animalia","Cnidaria","Hydrozoa","Leptothecata","Mitrocomidae","Mitrocomella","Hydromedusae",7,44238
3292,"Mitrocomella sinuosa","urn:lsid:marinespecies.org:taxname:285079","Mitrocomella sinuosa (Foerster, 1923)","Species","Animalia","Cnidaria","Hydrozoa","Leptothecata","Mitrocomidae","Mitrocomella","Hydromedusae",1,44239
3294,"Mitrocomium cirratum","urn:lsid:marinespecies.org:taxname:117756","Mitrocomium cirratum Haeckel, 1879","Species","Animalia","Cnidaria","Hydrozoa","Leptothecata","Lovenellidae","Mitrocomium","Hydromedusae",2,141042
3296,"Modeeria rotunda","urn:lsid:marinespecies.org:taxname:117970","Modeeria rotunda (Quoy & Gaimard, 1827)","Species","Animalia","Cnidaria","Hydrozoa","Leptothecata","Tiarannidae","Modeeria","Hydromedusae",6,44282
3297,"Moerisia","urn:lsid:marinespecies.org:taxname:117166","Moerisia Boulenger, 1908","Genus","Animalia","Cnidaria","Hydrozoa","Anthoathecata","Moerisiidae","Moerisia","Hydromedusae",1,
3299,"Narcomedusae","urn:lsid:marinespecies.org:taxname:16349","Narcomedusae Haeckel, 1879","Order","Animalia","Cnidaria","Hydrozoa","Narcomedusae",,,"Hydromedusae",1,
3301,"Nemopsis bachei","urn:lsid:marinespecies.org:taxname:117348","Nemopsis bachei L. Agassiz, 1849","Species","Animalia","Cnidaria","Hydrozoa","Anthoathecata","Bougainvilliidae","Nemopsis","Hydromedusae",1,42794
3302,"Neotima lucullana","urn:lsid:marinespecies.org:taxname:117524","Neotima lucullana (Delle Chiaje, 1823)","Species","Animalia","Cnidaria","Hydrozoa","Leptothecata","Eirenidae","Neotima","Hydromedusae",2,77523
3304,"Neoturris breviconis","urn:lsid:marinespecies.org:taxname:285143","Neoturris breviconis (Murbach & Shearer, 1902)","Species","Animalia","Cnidaria","Hydrozoa","Anthoathecata","Pandeidae","Neoturris","Hydromedusae",5,43160
3305,"Neoturris fontata","urn:lsid:marinespecies.org:taxname:285145","Neoturris fontata (Bigelow, 1909)","Species","Animalia","Cnidaria","Hydrozoa","Anthoathecata","Pandeidae","Neoturris","Hydromedusae",1,43164
3306,"Neoturris pileata","urn:lsid:marinespecies.org:taxname:117796","Neoturris pileata (Forsskål, 1775)","Species","Animalia","Cnidaria","Hydrozoa","Anthoathecata","Pandeidae","Neoturris","Hydromedusae",4,43159
3308,"Niobia dendrotentaculata","urn:lsid:marinespecies.org:taxname:117766","Niobia dendrotentaculata Mayer, 1900","Species","Animalia","Cnidaria","Hydrozoa","Anthoathecata","Niobiidae","Niobia","Hydromedusae",2,43192
3310,"Obelia","urn:lsid:marinespecies.org:taxname:117034","Obelia Péron & Lesueur, 1810","Genus","Animalia","Cnidaria","Hydrozoa","Leptothecata","Campanulariidae","Obelia","Hydromedusae",13,
3311,"Obelia dichotoma","urn:lsid:marinespecies.org:taxname:117386","Obelia dichotoma (Linnaeus, 1758)","Species","Animalia","Cnidaria","Hydrozoa","Leptothecata","Campanulariidae","Obelia","Hydromedusae",1,43411
3312,"Obelia geniculata","urn:lsid:marinespecies.org:taxname:117388","Obelia geniculata (Linnaeus, 1758)","Species","Animalia","Cnidaria","Hydrozoa","Leptothecata","Campanulariidae","Obelia","Hydromedusae",1,43414
3314,"Oceania armata","urn:lsid:marinespecies.org:taxname:117437","Oceania armata Kölliker, 1853","Species","Animalia","Cnidaria","Hydrozoa","Anthoathecata","Oceaniidae","Oceania","Hydromedusae",3,42825
3316,"Octophialucium","urn:lsid:marinespecies.org:taxname:117150","Octophialucium Kramp, 1955","Genus","Animalia","Cnidaria","Hydrozoa","Leptothecata","Malagazziidae","Octophialucium","Hydromedusae",1,
3317,"Octophialucium funerarium","urn:lsid:marinespecies.org:taxname:117740","Octophialucium funerarium (Quoy & Gaimard, 1827)","Species","Animalia","Cnidaria","Hydrozoa","Leptothecata","Malagazziidae","Octophialucium","Hydromedusae",2,43928
3319,"Odessia maeotica","urn:lsid:marinespecies.org:taxname:117764","Odessia maeotica (Ostroumoff, 1896)","Species","Animalia","Cnidaria","Hydrozoa","Anthoathecata","Moerisiidae","Odessia","Hydromedusae",1,43588
3321,"Olindias muelleri","urn:lsid:marinespecies.org:taxname:292470","Olindias muelleri Haeckel, 1879","Species","Animalia","Cnidaria","Hydrozoa","Limnomedusae","Olindiidae","Olindias","Hydromedusae",1,
3323,"Orchistoma","urn:lsid:marinespecies.org:taxname:117176","Orchistoma Haeckel, 1879","Genus","Animalia","Cnidaria","Hydrozoa","Leptothecata","Orchistomatidae","Orchistoma","Hydromedusae",1,
3324,"Orchistoma pileus","urn:lsid:marinespecies.org:taxname:285115","Orchistoma pileus (Lesson, 1843)","Species","Animalia","Cnidaria","Hydrozoa","Leptothecata","Orchistomatidae","Orchistoma","Hydromedusae",1,44272
3327,"Orthopyxis compressa","urn:lsid:marinespecies.org:taxname:292523","Orthopyxis compressa (Clark, 1877)","Species","Animalia","Cnidaria","Hydrozoa","Leptothecata","Campanulariidae","Orthopyxis","Hydromedusae",3,43516
3329,"Pandea conica","urn:lsid:marinespecies.org:taxname:117798","Pandea conica (Quoy & Gaimard, 1827)","Species","Animalia","Cnidaria","Hydrozoa","Anthoathecata","Pandeidae","Pandea","Hydromedusae",3,42744
3330,"Pandea rubra","urn:lsid:marinespecies.org:taxname:117799","Pandea rubra Bigelow, 1913","Species","Animalia","Cnidaria","Hydrozoa","Anthoathecata","Pandeidae","Pandea","Hydromedusae",2,42743
3332,"Pantachogon","urn:lsid:marinespecies.org:taxname:117218","Pantachogon Maas, 1893","Genus","Animalia","Cnidaria","Hydrozoa","Trachymedusae","Rhopalonematidae","Pantachogon","Hydromedusae",10,
3333,"Pantachogon haeckeli","urn:lsid:marinespecies.org:taxname:117860","Pantachogon haeckeli Maas, 1893","Species","Animalia","Cnidaria","Hydrozoa","Trachymedusae","Rhopalonematidae","Pantachogon","Hydromedusae",4,44540
3335,"Paragotoea bathybia","urn:lsid:marinespecies.org:taxname:117457","Paragotoea bathybia Kramp, 1942","Species","Animalia","Cnidaria","Hydrozoa","Anthoathecata","Corymorphidae","Paragotoea","Hydromedusae",3,43044
3337,"Paulinum lineatum","urn:lsid:marinespecies.org:taxname:290698","Paulinum lineatum Brinckmann-Voss & Arai, 1998","Species","Animalia","Cnidaria","Hydrozoa","Anthoathecata",,"Paulinum","Hydromedusae",2,
3338,"Pegantha","urn:lsid:marinespecies.org:taxname:117238","Pegantha Haeckel, 1879","Genus","Animalia","Cnidaria","Hydrozoa","Narcomedusae","Solmarisidae","Pegantha","Hydromedusae",7,
3339,"Pegantha clara","urn:lsid:marinespecies.org:taxname:117942","Pegantha clara R.P. Bigelow, 1909","Species","Animalia","Cnidaria","Hydrozoa","Narcomedusae","Solmarisidae","Pegantha","Hydromedusae",1,44570
3340,"Pegantha laevis","urn:lsid:marinespecies.org:taxname:221238","Pegantha laevis H.B. Bigelow, 1909","Species","Animalia","Cnidaria","Hydrozoa","Narcomedusae","Solmarisidae","Pegantha","Hydromedusae",1,44576
3341,"Pegantha martagon","urn:lsid:marinespecies.org:taxname:174752","Pegantha martagon Haeckel, 1879","Species","Animalia","Cnidaria","Hydrozoa","Narcomedusae","Solmarisidae","Pegantha","Hydromedusae",1,44579
3342,"Pegantha rubiginosa","urn:lsid:marinespecies.org:taxname:117944","Pegantha rubiginosa (Kölliker, 1853)","Species","Animalia","Cnidaria","Hydrozoa","Narcomedusae","Solmarisidae","Pegantha","Hydromedusae",1,44584
3344,"Pennaria disticha","urn:lsid:marinespecies.org:taxname:117802","Pennaria disticha Goldfuss, 1820","Species","Animalia","Cnidaria","Hydrozoa","Anthoathecata","Pennariidae","Pennaria","Hydromedusae",1,43058
3347,"Persa incolorata","urn:lsid:marinespecies.org:taxname:117862","Persa incolorata McCrady, 1859","Species","Animalia","Cnidaria","Hydrozoa","Trachymedusae","Rhopalonematidae","Persa","Hydromedusae",3,44517
3349,"Phialella fragilis","urn:lsid:marinespecies.org:taxname:285164","Phialella fragilis (Uchida, 1938)","Species","Animalia","Cnidaria","Hydrozoa","Leptothecata","Phialellidae","Phialella","Hydromedusae",1,42944
3350,"Phialella zappai","urn:lsid:marinespecies.org:taxname:285168","Phialella zappai Boero, 1987","Species","Animalia","Cnidaria","Hydrozoa","Leptothecata","Phialellidae","Phialella","Hydromedusae",1,43917
3353,"Phialopsis diegensis","urn:lsid:marinespecies.org:taxname:117526","Phialopsis diegensis Torrey, 1909","Species","Animalia","Cnidaria","Hydrozoa","Leptothecata","Eirenidae","Phialopsis","Hydromedusae",1,43547
3355,"Plotocnide borealis","urn:lsid:marinespecies.org:taxname:117458","Plotocnide borealis Wagner, 1885","Species","Animalia","Cnidaria","Hydrozoa","Anthoathecata","Boreohydridae","Plotocnide","Hydromedusae",4,42855
3356,"Podocoryna","urn:lsid:marinespecies.org:taxname:117119","Podocoryna M. Sars, 1846","Genus","Animalia","Cnidaria","Hydrozoa","Anthoathecata","Hydractiniidae","Podocoryna","Hydromedusae",1,
3357,"Podocoryna areolata","urn:lsid:marinespecies.org:taxname:117653","Podocoryna areolata (Alder, 1862)","Species","Animalia","Cnidaria","Hydrozoa","Anthoathecata","Hydractiniidae","Podocoryna","Hydromedusae",1,
3358,"Podocoryna carnea","urn:lsid:marinespecies.org:taxname:151718","Podocoryna carnea M. Sars, 1846","Species","Animalia","Cnidaria","Hydrozoa","Anthoathecata","Hydractiniidae","Podocoryna","Hydromedusae",1,41923
3359,"Podocorynoides minima","urn:lsid:marinespecies.org:taxname:284874","Podocorynoides minima (Trinci, 1903)","Species","Animalia","Cnidaria","Hydrozoa","Anthoathecata","Hydractiniidae","Podocorynoides","Hydromedusae",1,
3361,"Polyorchis haplus","urn:lsid:marinespecies.org:taxname:290840","Polyorchis haplus Skogsberg, 1948","Species","Animalia","Cnidaria","Hydrozoa","Anthoathecata","Corynidae","Polyorchis","Hydromedusae",2,43211
3362,"Polyorchis penicillatus","urn:lsid:marinespecies.org:taxname:290843","Polyorchis penicillatus (Eschscholtz, 1829)","Species","Animalia","Cnidaria","Hydrozoa","Anthoathecata","Corynidae","Polyorchis","Hydromedusae",15,43209
3364,"Porpita porpita","urn:lsid:marinespecies.org:taxname:117831","Porpita porpita (Linnaeus, 1758)","Species","Animalia","Cnidaria","Hydrozoa","Anthoathecata","Porpitidae","Porpita","Hydromedusae",7,44626
3366,"Proboscidactyla","urn:lsid:marinespecies.org:taxname:117202","Proboscidactyla Brandt, 1835","Genus","Animalia","Cnidaria","Hydrozoa","Anthoathecata","Proboscidactylidae","Proboscidactyla","Hydromedusae",2,
3367,"Proboscidactyla circumsabella","urn:lsid:marinespecies.org:taxname:285324","Proboscidactyla circumsabella Hand, 1954","Species","Animalia","Cnidaria","Hydrozoa","Anthoathecata","Proboscidactylidae","Proboscidactyla","Hydromedusae",1,43940
3368,"Proboscidactyla flavicirrata","urn:lsid:marinespecies.org:taxname:117834","Proboscidactyla flavicirrata Brandt, 1835","Species","Animalia","Cnidaria","Hydrozoa","Anthoathecata","Proboscidactylidae","Proboscidactyla","Hydromedusae",15,43595
3369,"Proboscidactyla occidentalis","urn:lsid:marinespecies.org:taxname:285327","Proboscidactyla occidentalis (Fewkes, 1889)","Species","Animalia","Cnidaria","Hydrozoa","Anthoathecata","Proboscidactylidae","Proboscidactyla","Hydromedusae",1,44323
3370,"Proboscidactyla ornata","urn:lsid:marinespecies.org:taxname:117835","Proboscidactyla ornata (McCrady, 1859)","Species","Animalia","Cnidaria","Hydrozoa","Anthoathecata","Proboscidactylidae","Proboscidactyla","Hydromedusae",3,43593
3374,"Protiaropsis anonyma","urn:lsid:marinespecies.org:taxname:221207","Protiaropsis anonyma (Maas, 1905)","Species","Animalia","Cnidaria","Hydrozoa","Anthoathecata","Bythotiaridae","Protiaropsis","Hydromedusae",4,
3376,"Ptychogastria polaris","urn:lsid:marinespecies.org:taxname:117846","Ptychogastria polaris Allman, 1878","Species","Animalia","Cnidaria","Hydrozoa","Trachymedusae","Ptychogastriidae","Ptychogastria","Hydromedusae",2,44377
3378,"Ptychogena","urn:lsid:marinespecies.org:taxname:117143","Ptychogena A. Agassiz, 1865","Genus","Animalia","Cnidaria","Hydrozoa","Leptothecata","Laodiceidae","Ptychogena","Hydromedusae",2,
3379,"Ptychogena californica","urn:lsid:marinespecies.org:taxname:285037","Ptychogena californica Torrey, 1909","Species","Animalia","Cnidaria","Hydrozoa","Leptothecata","Laodiceidae","Ptychogena","Hydromedusae",1,44285
3380,"Ptychogena lactea","urn:lsid:marinespecies.org:taxname:117728","Ptychogena lactea Agassiz, 1865","Species","Animalia","Cnidaria","Hydrozoa","Leptothecata","Laodiceidae","Ptychogena","Hydromedusae",6,44284
3382,"Ransonia krampi","urn:lsid:marinespecies.org:taxname:117863","Ransonia krampi (Ranson, 1932)","Species","Animalia","Cnidaria","Hydrozoa","Trachymedusae","Rhopalonematidae","Ransonia","Hydromedusae",3,44518
3383,"Rathkea","urn:lsid:marinespecies.org:taxname:117211","Rathkea Brandt, 1837","Genus","Animalia","Cnidaria","Hydrozoa","Anthoathecata","Rathkeidae","Rathkea","Hydromedusae",3,
3384,"Rathkea octopunctata","urn:lsid:marinespecies.org:taxname:117848","Rathkea octopunctata (M. Sars, 1835)","Species","Animalia","Cnidaria","Hydrozoa","Anthoathecata","Rathkeidae","Rathkea","Hydromedusae",25,43359
3387,"Rhacostoma atlanticum","urn:lsid:marinespecies.org:taxname:156967","Rhacostoma atlanticum L. Agassiz, 1851","Species","Animalia","Cnidaria","Hydrozoa","Leptothecata","Aequoreidae","Rhacostoma","Hydromedusae",1,43892
3389,"Rhopalonema funerarium","urn:lsid:marinespecies.org:taxname:117864","Rhopalonema funerarium Vanhöffen, 1902","Species","Animalia","Cnidaria","Hydrozoa","Trachymedusae","Rhopalonematidae","Rhopalonema","Hydromedusae",4,44524
3390,"Rhopalonema velatum","urn:lsid:marinespecies.org:taxname:117865","Rhopalonema velatum Gegenbaur, 1857","Species","Animalia","Cnidaria","Hydrozoa","Trachymedusae","Rhopalonematidae","Rhopalonema","Hydromedusae",3,44523
3392,"Sarsia","urn:lsid:marinespecies.org:taxname:117070","Sarsia Lesson, 1843","Genus","Animalia","Cnidaria","Hydrozoa","Anthoathecata","Corynidae","Sarsia","Hydromedusae",11,
3393,"Sarsia apicula","urn:lsid:marinespecies.org:taxname:284531","Sarsia apicula (Murbach & Shearer, 1902)","Species","Animalia","Cnidaria","Hydrozoa","Anthoathecata","Corynidae","Sarsia","Hydromedusae",4,43116
3394,"Sarsia princeps","urn:lsid:marinespecies.org:taxname:117487","Sarsia princeps (Haeckel, 1879)","Species","Animalia","Cnidaria","Hydrozoa","Anthoathecata","Corynidae","Sarsia","Hydromedusae",45,43110
3395,"Sarsia tubulosa","urn:lsid:marinespecies.org:taxname:117491","Sarsia tubulosa (M. Sars, 1835)","Species","Animalia","Cnidaria","Hydrozoa","Anthoathecata","Corynidae","Sarsia","Hydromedusae",114,43098
3396,"Sarsia viridis","urn:lsid:marinespecies.org:taxname:284552","Sarsia viridis Brinckmann-Voss, 1980","Species","Animalia","Cnidaria","Hydrozoa","Anthoathecata","Corynidae","Sarsia","Hydromedusae",5,93731
3398,"Scolionema suvaense","urn:lsid:marinespecies.org:taxname:231673","Scolionema suvaense (Agassiz & Mayer, 1899)","Species","Animalia","Cnidaria","Hydrozoa","Limnomedusae","Olindiidae","Scolionema","Hydromedusae",2,43867
3400,"Scrippsia pacifica","urn:lsid:marinespecies.org:taxname:291041","Scrippsia pacifica Torrey, 1909","Species","Animalia","Cnidaria","Hydrozoa","Anthoathecata","Corynidae","Scrippsia","Hydromedusae",2,43213
3402,"Sibogita geometrica","urn:lsid:marinespecies.org:taxname:221208","Sibogita geometrica Maas, 1905","Species","Animalia","Cnidaria","Hydrozoa","Anthoathecata","Bythotiaridae","Sibogita","Hydromedusae",1,43379
3404,"Slabberia halterata","urn:lsid:marinespecies.org:taxname:565148","Slabberia halterata Forbes, 1846","Species","Animalia","Cnidaria","Hydrozoa","Anthoathecata","Corynidae","Slabberia","Hydromedusae",2,
3406,"Sminthea eurygaster","urn:lsid:marinespecies.org:taxname:117867","Sminthea eurygaster Gegenbaur, 1857","Species","Animalia","Cnidaria","Hydrozoa","Trachymedusae","Rhopalonematidae","Sminthea","Hydromedusae",4,44526
3407,"Solmaris","urn:lsid:marinespecies.org:taxname:117239","Solmaris Haeckel, 1879","Genus","Animalia","Cnidaria","Hydrozoa","Narcomedusae","Solmarisidae","Solmaris","Hydromedusae",4,
3408,"Solmaris flavescens","urn:lsid:marinespecies.org:taxname:117948","Solmaris flavescens (Kölliker, 1853)","Species","Animalia","Cnidaria","Hydrozoa","Narcomedusae","Solmarisidae","Solmaris","Hydromedusae",1,44588
3409,"Solmaris leucostyla","urn:lsid:marinespecies.org:taxname:117949","Solmaris leucostyla (Will, 1844)","Species","Animalia","Cnidaria","Hydrozoa","Narcomedusae","Solmarisidae","Solmaris","Hydromedusae",2,44590
3410,"Solmaris quadrata","urn:lsid:marinespecies.org:taxname:285772","Solmaris quadrata Bouillon, Boero & Seghers, 1991","Species","Animalia","Cnidaria","Hydrozoa","Narcomedusae","Solmarisidae","Solmaris","Hydromedusae",1,77761
3411,"Solmaris solmaris","urn:lsid:marinespecies.org:taxname:117950","Solmaris solmaris (Gegenbaur, 1857)","Species","Animalia","Cnidaria","Hydrozoa","Narcomedusae","Solmarisidae","Solmaris","Hydromedusae",1,44593
3413,"Solmissus","urn:lsid:marinespecies.org:taxname:117074","Solmissus Haeckel, 1879","Genus","Animalia","Cnidaria","Hydrozoa","Narcomedusae","Cuninidae","Solmissus","Hydromedusae",19,
3414,"Solmissus albescens","urn:lsid:marinespecies.org:taxname:117503","Solmissus albescens (Gegenbaur, 1857)","Species","Animalia","Cnidaria","Hydrozoa","Narcomedusae","Cuninidae","Solmissus","Hydromedusae",4,44602
3415,"Solmissus incisa","urn:lsid:marinespecies.org:taxname:117504","Solmissus incisa (Fewkes, 1886)","Species","Animalia","Cnidaria","Hydrozoa","Narcomedusae","Cuninidae","Solmissus","Hydromedusae",48,44600
3416,"Solmissus marshalli","urn:lsid:marinespecies.org:taxname:221243","Solmissus marshalli Agassiz & Mayer, 1902","Species","Animalia","Cnidaria","Hydrozoa","Narcomedusae","Cuninidae","Solmissus","Hydromedusae",3,44601
3419,"Solmundella bitentaculata","urn:lsid:marinespecies.org:taxname:117267","Solmundella bitentaculata (Quoy & Gaimard, 1833)","Species","Animalia","Cnidaria","Hydrozoa","Narcomedusae","Solmundaeginidae","Solmundella","Hydromedusae",7,44566
3421,"Sphaerocoryne agassizii","urn:lsid:marinespecies.org:taxname:158190","Sphaerocoryne agassizii (McCrady, 1859)","Species","Animalia","Cnidaria","Hydrozoa","Anthoathecata","Sphaerocorynidae","Sphaerocoryne","Hydromedusae",1,43216
3422,"Sphaerocoryne coccometra","urn:lsid:marinespecies.org:taxname:292189","Sphaerocoryne coccometra (Bigelow, 1909)","Species","Animalia","Cnidaria","Hydrozoa","Anthoathecata","Corynidae","Sphaerocoryne","Hydromedusae",1,
3424,"Stauridiosarsia bicircella","urn:lsid:marinespecies.org:taxname:565159","Stauridiosarsia bicircella (Rees, 1977)","Species","Animalia","Cnidaria","Hydrozoa","Anthoathecata","Corynidae","Stauridiosarsia","Hydromedusae",1,
3425,"Stauridiosarsia cliffordi","urn:lsid:marinespecies.org:taxname:565160","Stauridiosarsia cliffordi (Brinckmann-Voss, 1989)","Species","Animalia","Cnidaria","Hydrozoa","Anthoathecata","Corynidae","Stauridiosarsia","Hydromedusae",1,
3426,"Stauridiosarsia gemmifera","urn:lsid:marinespecies.org:taxname:565161","Stauridiosarsia gemmifera (Forbes, 1848)","Species","Animalia","Cnidaria","Hydrozoa","Anthoathecata","Corynidae","Stauridiosarsia","Hydromedusae",1,43097
3427,"Stauridiosarsia ophiogaster","urn:lsid:marinespecies.org:taxname:565165","Stauridiosarsia ophiogaster (Haeckel, 1879)","Species","Animalia","Cnidaria","Hydrozoa","Anthoathecata","Corynidae","Stauridiosarsia","Hydromedusae",1,
3429,"Staurostoma mertensii","urn:lsid:marinespecies.org:taxname:594013","Staurostoma mertensii (Brandt, 1834)","Species","Animalia","Cnidaria","Hydrozoa","Leptothecata","Laodiceidae","Staurostoma","Hydromedusae",12,44276
3430,"Stomotoca","urn:lsid:marinespecies.org:taxname:117188","Stomotoca L. Agassiz, 1862","Genus","Animalia","Cnidaria","Hydrozoa","Anthoathecata","Pandeidae","Stomotoca","Hydromedusae",3,
3431,"Stomotoca atra","urn:lsid:marinespecies.org:taxname:221202","Stomotoca atra L. Agassiz, 1862","Species","Animalia","Cnidaria","Hydrozoa","Anthoathecata","Pandeidae","Stomotoca","Hydromedusae",108,43201
3433,"Tetraplatia volitans","urn:lsid:marinespecies.org:taxname:135278","Tetraplatia volitans Busch, 1851","Species","Animalia","Cnidaria","Hydrozoa","Narcomedusae","Tetraplatiidae","Tetraplatia","Hydromedusae",4,45034
3436,"Tetrorchis erythrogaster","urn:lsid:marinespecies.org:taxname:117868","Tetrorchis erythrogaster Bigelow, 1909","Species","Animalia","Cnidaria","Hydrozoa","Trachymedusae","Rhopalonematidae","Tetrorchis","Hydromedusae",2,44528
3440,"Tiaropsidium kelseyi","urn:lsid:marinespecies.org:taxname:285081","Tiaropsidium kelseyi Torrey, 1909","Species","Animalia","Cnidaria","Hydrozoa","Leptothecata","Tiaropsidae","Tiaropsidium","Hydromedusae",6,
3442,"Tiaropsis multicirrata","urn:lsid:marinespecies.org:taxname:117978","Tiaropsis multicirrata (M. Sars, 1835)","Species","Animalia","Cnidaria","Hydrozoa","Leptothecata","Tiaropsidae","Tiaropsis","Hydromedusae",6,42440
3443,"Tima","urn:lsid:marinespecies.org:taxname:117089","Tima Eschscholtz, 1829","Genus","Animalia","Cnidaria","Hydrozoa","Leptothecata","Eirenidae","Tima","Hydromedusae",2,
3444,"Trachymedusae","urn:lsid:marinespecies.org:taxname:16350","Trachymedusae Haeckel, 1866","Order","Animalia","Cnidaria","Hydrozoa","Trachymedusae",,,"Hydromedusae",1,
3446,"Trichydra pudica","urn:lsid:marinespecies.org:taxname:117980","Trichydra pudica Wright, 1857","Species","Animalia","Cnidaria","Hydrozoa","Anthoathecata","Trichydridae","Trichydra","Hydromedusae",2,89200
3450,"Turritopsis nutricula","urn:lsid:marinespecies.org:taxname:117440","Turritopsis nutricula McCrady, 1857","Species","Animalia","Cnidaria","Hydrozoa","Anthoathecata","Oceaniidae","Turritopsis","Hydromedusae",2,42826
3452,"Vallentinia adherens","urn:lsid:marinespecies.org:taxname:291271","Vallentinia adherens Hyman, 1947","Species","Animalia","Cnidaria","Hydrozoa","Limnomedusae","Olindiidae","Vallentinia","Hydromedusae",2,43577
3454,"Vampyrocrossota childressi","urn:lsid:marinespecies.org:taxname:291274","Vampyrocrossota childressi Thuesen, 1993","Species","Animalia","Cnidaria","Hydrozoa","Trachymedusae","Rhopalonematidae","Vampyrocrossota","Hydromedusae",1,89293
3456,"Velella velella","urn:lsid:marinespecies.org:taxname:117832","Velella velella (Linnaeus, 1758)","Species","Animalia","Cnidaria","Hydrozoa","Anthoathecata","Porpitidae","Velella","Hydromedusae",17,44629
3458,"Zanclea costata","urn:lsid:marinespecies.org:taxname:117998","Zanclea costata Gegenbaur, 1857","Species","Animalia","Cnidaria","Hydrozoa","Anthoathecata","Zancleidae","Zanclea","Hydromedusae",4,43217
3460,"Acanthomysis","urn:lsid:marinespecies.org:taxname:119831","Acanthomysis Czerniavsky, 1882","Genus","Animalia","Arthropoda","Malacostraca","Mysida","Mysidae","Acanthomysis","Mysid",9,
3463,"Afromysis hansoni","urn:lsid:marinespecies.org:taxname:161433","Afromysis hansoni Zimmer, 1916","Species","Animalia","Arthropoda","Malacostraca","Mysida","Mysidae","Afromysis","Mysid",5,22196
3464,"Alienacanthomysis","urn:lsid:marinespecies.org:taxname:226109","Alienacanthomysis Holmquist, 1981","Genus","Animalia","Arthropoda","Malacostraca","Mysida","Mysidae","Alienacanthomysis","Mysid",1,
3465,"Alienacanthomysis macropsis","urn:lsid:marinespecies.org:taxname:226662","Alienacanthomysis macropsis (W. Tattersall, 1932)","Species","Animalia","Arthropoda","Malacostraca","Mysida","Mysidae","Alienacanthomysis","Mysid",3,20903
3466,"Amathimysis brasiliana","urn:lsid:marinespecies.org:taxname:566960","Amathimysis brasiliana (Bacescu, 1984)","Species","Animalia","Arthropoda","Malacostraca","Mysida","Mysidae","Amathimysis","Mysid",3,
3467,"Amblyops","urn:lsid:marinespecies.org:taxname:119832","Amblyops G.O. Sars, 1872","Genus","Animalia","Arthropoda","Malacostraca","Mysida","Mysidae","Amblyops","Mysid",1,
3468,"Amblyops abbreviatus","urn:lsid:marinespecies.org:taxname:119941","Amblyops abbreviatus (G.O. Sars, 1869)","Species","Animalia","Arthropoda","Malacostraca","Mysida","Mysidae","Amblyops","Mysid",3,
3471,"Amblyopsoides obtusa","urn:lsid:marinespecies.org:taxname:226759","Amblyopsoides obtusa O. Tattersall, 1955","Species","Animalia","Arthropoda","Malacostraca","Mysida","Mysidae","Amblyopsoides","Mysid",3,21932
3472,"Americamysis bigelowi","urn:lsid:marinespecies.org:taxname:161344","Americamysis bigelowi (W. Tattersall, 1926)","Species","Animalia","Arthropoda","Malacostraca","Mysida","Mysidae","Americamysis","Mysid",1,152365
3474,"Anchialina truncata","urn:lsid:marinespecies.org:taxname:161492","Anchialina truncata (G.O. Sars, 1883)","Species","Animalia","Arthropoda","Malacostraca","Mysida","Mysidae","Anchialina","Mysid",3,21762
3475,"Anchialina typica","urn:lsid:marinespecies.org:taxname:161494","Anchialina typica (Krøyer, 1861)","Species","Animalia","Arthropoda","Malacostraca","Mysida","Mysidae","Anchialina","Mysid",5,20080
3478,"Antarctomysis maxima","urn:lsid:marinespecies.org:taxname:226680","Antarctomysis maxima (Holt & Tattersall, 1906)","Species","Animalia","Arthropoda","Malacostraca","Mysida","Mysidae","Antarctomysis","Mysid",14,22152
3479,"Antarctomysis ohlinii","urn:lsid:marinespecies.org:taxname:226769","Antarctomysis ohlinii Hansen, 1908","Species","Animalia","Arthropoda","Malacostraca","Mysida","Mysidae","Antarctomysis","Mysid",3,2384736
3482,"Arachnomysis leuckartii","urn:lsid:marinespecies.org:taxname:161314","Arachnomysis leuckartii Chun, 1887","Species","Animalia","Arthropoda","Malacostraca","Mysida","Mysidae","Arachnomysis","Mysid",6,142057
3483,"Arachnomysis megalops","urn:lsid:marinespecies.org:taxname:226687","Arachnomysis megalops Zimmer, 1914","Species","Animalia","Arthropoda","Malacostraca","Mysida","Mysidae","Arachnomysis","Mysid",8,
3485,"Arthromysis magellanica","urn:lsid:marinespecies.org:taxname:226668","Arthromysis magellanica (Cunningham, 1871)","Species","Animalia","Arthropoda","Malacostraca","Mysida","Mysidae","Arthromysis","Mysid",7,22141
3487,"Boreomysis","urn:lsid:marinespecies.org:taxname:119842","Boreomysis G.O. Sars, 1869","Genus","Animalia","Arthropoda","Malacostraca","Mysida","Mysidae","Boreomysis","Mysid",2,
3488,"Boreomysis acuminata","urn:lsid:marinespecies.org:taxname:226195","Boreomysis acuminata O. Tattersall, 1955","Species","Animalia","Arthropoda","Malacostraca","Mysida","Mysidae","Boreomysis","Mysid",4,21185
3489,"Boreomysis arctica","urn:lsid:marinespecies.org:taxname:119962","Boreomysis arctica (Krøyer, 1861)","Species","Animalia","Arthropoda","Malacostraca","Mysida","Mysidae","Boreomysis","Mysid",10,21184
3490,"Boreomysis atlantica","urn:lsid:marinespecies.org:taxname:119963","Boreomysis atlantica Nouvel, 1942","Species","Animalia","Arthropoda","Malacostraca","Mysida","Mysidae","Boreomysis","Mysid",4,21186
3491,"Boreomysis bispinosa","urn:lsid:marinespecies.org:taxname:119964","Boreomysis bispinosa O. Tattersall, 1955","Species","Animalia","Arthropoda","Malacostraca","Mysida","Mysidae","Boreomysis","Mysid",4,21187
3492,"Boreomysis californica","urn:lsid:marinespecies.org:taxname:226344","Boreomysis californica Ortmann, 1894","Species","Animalia","Arthropoda","Malacostraca","Mysida","Mysidae","Boreomysis","Mysid",21,20171
3493,"Boreomysis illigi","urn:lsid:marinespecies.org:taxname:226524","Boreomysis illigi O. Tattersall, 1955","Species","Animalia","Arthropoda","Malacostraca","Mysida","Mysidae","Boreomysis","Mysid",2,21195
3494,"Boreomysis insolita","urn:lsid:marinespecies.org:taxname:226546","Boreomysis insolita O. Tattersall, 1955","Species","Animalia","Arthropoda","Malacostraca","Mysida","Mysidae","Boreomysis","Mysid",3,21197
3495,"Boreomysis microps","urn:lsid:marinespecies.org:taxname:119968","Boreomysis microps G. O. Sars, 1883","Species","Animalia","Arthropoda","Malacostraca","Mysida","Mysidae","Boreomysis","Mysid",2,21168
3496,"Boreomysis rostrata","urn:lsid:marinespecies.org:taxname:226891","Boreomysis rostrata Illig, 1906","Species","Animalia","Arthropoda","Malacostraca","Mysida","Mysidae","Boreomysis","Mysid",21,21183
3498,"Brasilomysis castroi","urn:lsid:marinespecies.org:taxname:161357","Brasilomysis castroi Bacescu, 1968","Species","Animalia","Arthropoda","Malacostraca","Mysida","Mysidae","Brasilomysis","Mysid",5,21764
3499,"Caesaromysis","urn:lsid:marinespecies.org:taxname:119845","Caesaromysis Ortmann, 1893","Genus","Animalia","Arthropoda","Malacostraca","Mysida","Mysidae","Caesaromysis","Mysid",1,
3500,"Caesaromysis hispida","urn:lsid:marinespecies.org:taxname:119978","Caesaromysis hispida Ortmann, 1893","Species","Animalia","Arthropoda","Malacostraca","Mysida","Mysidae","Caesaromysis","Mysid",15,20883
3502,"Chlamydopleon dissimile","urn:lsid:marinespecies.org:taxname:432375","Chlamydopleon dissimile (Coifmann, 1937)","Species","Animalia","Arthropoda","Malacostraca","Mysida","Mysidae","Chlamydopleon","Mysid",7,
3503,"Coifmanniella merjonesi","urn:lsid:marinespecies.org:taxname:226697","Coifmanniella merjonesi (Bacescu, 1968)","Species","Animalia","Arthropoda","Malacostraca","Mysida","Mysidae","Coifmanniella","Mysid",3,
3504,"Coifmanniella mexicana","urn:lsid:marinespecies.org:taxname:421429","Coifmanniella mexicana (W. Tattersall, 1951)","Species","Animalia","Arthropoda","Malacostraca","Mysida","Mysidae","Coifmanniella","Mysid",3,
3506,"Echinomysis chuni","urn:lsid:marinespecies.org:taxname:226373","Echinomysis chuni Illig, 1905","Species","Animalia","Arthropoda","Malacostraca","Mysida","Mysidae","Echinomysis","Mysid",4,21956
3510,"Erythrops africanus","urn:lsid:marinespecies.org:taxname:852965","Erythrops africanus O. Tattersall, 1955","Species","Animalia","Arthropoda","Malacostraca","Mysida","Mysidae","Erythrops","Mysid",5,
3511,"Erythrops bidentatus","urn:lsid:marinespecies.org:taxname:852966","Erythrops bidentatus Nouvel, 1973","Species","Animalia","Arthropoda","Malacostraca","Mysida","Mysidae","Erythrops","Mysid",2,
3512,"Erythrops erythrophthalmus","urn:lsid:marinespecies.org:taxname:852968","Erythrops erythrophthalmus (Goës, 1864)","Species","Animalia","Arthropoda","Malacostraca","Mysida","Mysidae","Erythrops","Mysid",1,21692
3513,"Euchaetomera","urn:lsid:marinespecies.org:taxname:119857","Euchaetomera G.O. Sars, 1883","Genus","Animalia","Arthropoda","Malacostraca","Mysida","Mysidae","Euchaetomera","Mysid",1,
3514,"Euchaetomera glyphidophthalmica","urn:lsid:marinespecies.org:taxname:120007","Euchaetomera glyphidophthalmica Illig, 1906","Species","Animalia","Arthropoda","Malacostraca","Mysida","Mysidae","Euchaetomera","Mysid",8,21224
3515,"Euchaetomera tenuis","urn:lsid:marinespecies.org:taxname:120011","Euchaetomera tenuis G.O. Sars, 1883","Species","Animalia","Arthropoda","Malacostraca","Mysida","Mysidae","Euchaetomera","Mysid",11,20884
3516,"Euchaetomera typica","urn:lsid:marinespecies.org:taxname:120012","Euchaetomera typica G.O. Sars, 1883","Species","Animalia","Arthropoda","Malacostraca","Mysida","Mysidae","Euchaetomera","Mysid",6,21229
3517,"Euchaetomera zurstrasseni","urn:lsid:marinespecies.org:taxname:227091","Euchaetomera zurstrasseni (Illig, 1906)","Species","Animalia","Arthropoda","Malacostraca","Mysida","Mysidae","Euchaetomera","Mysid",6,21230
3518,"Euchaetomeropsis","urn:lsid:marinespecies.org:taxname:119858","Euchaetomeropsis W. Tattersall, 1909","Genus","Animalia","Arthropoda","Malacostraca","Mysida","Mysidae","Euchaetomeropsis","Mysid",1,
3519,"Euchaetomeropsis merolepis","urn:lsid:marinespecies.org:taxname:120013","Euchaetomeropsis merolepis (Illig, 1908)","Species","Animalia","Arthropoda","Malacostraca","Mysida","Mysidae","Euchaetomeropsis","Mysid",8,21232
3520,"Euchaetomeropsis pacifica","urn:lsid:marinespecies.org:taxname:226794","Euchaetomeropsis pacifica Banner, 1948","Species","Animalia","Arthropoda","Malacostraca","Mysida","Mysidae","Euchaetomeropsis","Mysid",3,21231
3521,"Exacanthomysis","urn:lsid:marinespecies.org:taxname:226092","Exacanthomysis Holmquist, 1981","Genus","Animalia","Arthropoda","Malacostraca","Mysida","Mysidae","Exacanthomysis","Mysid",1,
3522,"Exacanthomysis alaskensis","urn:lsid:marinespecies.org:taxname:226211","Exacanthomysis alaskensis (Banner, 1954)","Species","Animalia","Arthropoda","Malacostraca","Mysida","Mysidae","Exacanthomysis","Mysid",3,20904
3525,"Gastrosaccus","urn:lsid:marinespecies.org:taxname:119859","Gastrosaccus Norman, 1868","Genus","Animalia","Arthropoda","Malacostraca","Mysida","Mysidae","Gastrosaccus","Mysid",1,
3526,"Gastrosaccus brevifissura","urn:lsid:marinespecies.org:taxname:161462","Gastrosaccus brevifissura O. Tattersall, 1952","Species","Animalia","Arthropoda","Malacostraca","Mysida","Mysidae","Gastrosaccus","Mysid",5,21198
3527,"Gastrosaccus kempi","urn:lsid:marinespecies.org:taxname:226585","Gastrosaccus kempi W. Tattersall, 1922","Species","Animalia","Arthropoda","Malacostraca","Mysida","Mysidae","Gastrosaccus","Mysid",3,21206
3528,"Gastrosaccus namibensis","urn:lsid:marinespecies.org:taxname:161461","Gastrosaccus namibensis Wooldridge & McLachlan, 1987","Species","Animalia","Arthropoda","Malacostraca","Mysida","Mysidae","Gastrosaccus","Mysid",3,
3529,"Gastrosaccus olivae","urn:lsid:marinespecies.org:taxname:211212","Gastrosaccus olivae Bacescu, 1970","Species","Animalia","Arthropoda","Malacostraca","Mysida","Mysidae","Gastrosaccus","Mysid",3,21288
3530,"Gastrosaccus psammodytes","urn:lsid:marinespecies.org:taxname:161479","Gastrosaccus psammodytes O. Tattersall, 1958","Species","Animalia","Arthropoda","Malacostraca","Mysida","Mysidae","Gastrosaccus","Mysid",3,21292
3533,"Hansenomysis falklandica","urn:lsid:marinespecies.org:taxname:226449","Hansenomysis falklandica O. Tattersall, 1955","Species","Animalia","Arthropoda","Malacostraca","Mysida","Petalophthalmidae","Hansenomysis","Mysid",3,21796
3535,"Heteroerythrops purpurus","urn:lsid:marinespecies.org:taxname:852981","Heteroerythrops purpurus O. Tattersall, 1955","Species","Animalia","Arthropoda","Malacostraca","Mysida","Mysidae","Heteroerythrops","Mysid",4,
3538,"Heteromysis (Heteromysis) formosa","urn:lsid:marinespecies.org:taxname:148701","Heteromysis (Heteromysis) formosa Smith, 1873","Species","Animalia","Arthropoda","Malacostraca","Mysida","Mysidae","Heteromysis","Mysid",1,
3539,"Heteromysis (Heteromysis) mureseanui","urn:lsid:marinespecies.org:taxname:226735","Heteromysis (Heteromysis) mureseanui Bacescu, 1986","Species","Animalia","Arthropoda","Malacostraca","Mysida","Mysidae","Heteromysis","Mysid",4,
3540,"Holmesiella","urn:lsid:marinespecies.org:taxname:226155","Holmesiella Ortmann, 1908","Genus","Animalia","Arthropoda","Malacostraca","Mysida","Mysidae","Holmesiella","Mysid",1,
3541,"Holmesiella anomala","urn:lsid:marinespecies.org:taxname:226230","Holmesiella anomala Ortmann, 1908","Species","Animalia","Arthropoda","Malacostraca","Mysida","Mysidae","Holmesiella","Mysid",4,21273
3543,"Hyperamblyops megalops","urn:lsid:marinespecies.org:taxname:226686","Hyperamblyops megalops (O. Tattersall, 1955)","Species","Animalia","Arthropoda","Malacostraca","Mysida","Mysidae","Hyperamblyops","Mysid",1,22052
3544,"Hypererythrops","urn:lsid:marinespecies.org:taxname:119865","Hypererythrops Holt & Tattersall, 1905","Genus","Animalia","Arthropoda","Malacostraca","Mysida","Mysidae","Hypererythrops","Mysid",3,
3546,"Inusitatomysis","urn:lsid:marinespecies.org:taxname:566964","Inusitatomysis Ii, 1940","Genus","Animalia","Arthropoda","Malacostraca","Mysida","Mysidae","Inusitatomysis","Mysid",1,
3547,"Inusitatomysis insolita","urn:lsid:marinespecies.org:taxname:566965","Inusitatomysis insolita Ii, 1940","Species","Animalia","Arthropoda","Malacostraca","Mysida","Mysidae","Inusitatomysis","Mysid",3,21275
3549,"Katerythrops oceanae","urn:lsid:marinespecies.org:taxname:120047","Katerythrops oceanae Holt & Tattersall, 1905","Species","Animalia","Arthropoda","Malacostraca","Mysida","Mysidae","Katerythrops","Mysid",5,21278
3550,"Katerythrops resimorus","urn:lsid:marinespecies.org:taxname:852991","Katerythrops resimorus O. Tattersall, 1955","Species","Animalia","Arthropoda","Malacostraca","Mysida","Mysidae","Katerythrops","Mysid",1,
3554,"Leptomysis capensis","urn:lsid:marinespecies.org:taxname:226350","Leptomysis capensis Illig, 1906","Species","Animalia","Arthropoda","Malacostraca","Mysida","Mysidae","Leptomysis","Mysid",4,22226
3555,"Leptomysis megalops","urn:lsid:marinespecies.org:taxname:120057","Leptomysis megalops Zimmer, 1915","Species","Animalia","Arthropoda","Malacostraca","Mysida","Mysidae","Leptomysis","Mysid",5,22222
3557,"Longithorax capensis","urn:lsid:marinespecies.org:taxname:226351","Longithorax capensis Zimmer, 1914","Species","Animalia","Arthropoda","Malacostraca","Mysida","Mysidae","Longithorax","Mysid",6,22062
3559,"Mesopodopsis orientalis","urn:lsid:marinespecies.org:taxname:226780","Mesopodopsis orientalis (W. Tattersall, 1908)","Species","Animalia","Arthropoda","Malacostraca","Mysida","Mysidae","Mesopodopsis","Mysid",2,21768
3560,"Mesopodopsis wooldridgei","urn:lsid:marinespecies.org:taxname:161393","Mesopodopsis wooldridgei Wittmann, 1992","Species","Animalia","Arthropoda","Malacostraca","Mysida","Mysidae","Mesopodopsis","Mysid",3,
3562,"Metamysidopsis elongata","urn:lsid:marinespecies.org:taxname:226436","Metamysidopsis elongata (Holmes, 1900)","Species","Animalia","Arthropoda","Malacostraca","Mysida","Mysidae","Metamysidopsis","Mysid",97,21777
3563,"Metamysidopsis elongata atlantica","urn:lsid:marinespecies.org:taxname:451687","Metamysidopsis elongata atlantica Bacescu, 1968","Subspecies","Animalia","Arthropoda","Malacostraca","Mysida","Mysidae","Metamysidopsis","Mysid",3,
3564,"Metamysidopsis munda","urn:lsid:marinespecies.org:taxname:157803","Metamysidopsis munda (Zimmer, 1918)","Species","Animalia","Arthropoda","Malacostraca","Mysida","Mysidae","Metamysidopsis","Mysid",4,22237
3565,"Metamysidopsis swifti","urn:lsid:marinespecies.org:taxname:161355","Metamysidopsis swifti Bacescu, 1969","Species","Animalia","Arthropoda","Malacostraca","Mysida","Mysidae","Metamysidopsis","Mysid",3,21778
3566,"Meterythrops","urn:lsid:marinespecies.org:taxname:119879","Meterythrops S.I. Smith, 1879","Genus","Animalia","Arthropoda","Malacostraca","Mysida","Mysidae","Meterythrops","Mysid",1,
3567,"Meterythrops microphthalmus","urn:lsid:marinespecies.org:taxname:446460","Meterythrops microphthalmus W. Tattersall, 1951","Species","Animalia","Arthropoda","Malacostraca","Mysida","Mysidae","Meterythrops","Mysid",50,21549
3568,"Meterythrops pictus","urn:lsid:marinespecies.org:taxname:446461","Meterythrops pictus Holt & Tattersall, 1905","Species","Animalia","Arthropoda","Malacostraca","Mysida","Mysidae","Meterythrops","Mysid",5,
3569,"Meterythrops robustus","urn:lsid:marinespecies.org:taxname:446462","Meterythrops robustus Smith, 1879","Species","Animalia","Arthropoda","Malacostraca","Mysida","Mysidae","Meterythrops","Mysid",5,
3570,"Mysida","urn:lsid:marinespecies.org:taxname:149668","Mysida Boas, 1883","Order","Animalia","Arthropoda","Malacostraca","Mysida",,,"Mysid",116,
3573,"Mysidetes anomala","urn:lsid:marinespecies.org:taxname:226229","Mysidetes anomala O. Tattersall, 1955","Species","Animalia","Arthropoda","Malacostraca","Mysida","Mysidae","Mysidetes","Mysid",3,22104
3574,"Mysidetes brachylepis","urn:lsid:marinespecies.org:taxname:226311","Mysidetes brachylepis W. Tattersall, 1923","Species","Animalia","Arthropoda","Malacostraca","Mysida","Mysidae","Mysidetes","Mysid",4,22102
3575,"Mysidetes crassa","urn:lsid:marinespecies.org:taxname:226391","Mysidetes crassa Hansen, 1913","Species","Animalia","Arthropoda","Malacostraca","Mysida","Mysidae","Mysidetes","Mysid",3,22101
3576,"Mysidetes intermedia","urn:lsid:marinespecies.org:taxname:226553","Mysidetes intermedia O. Tattersall, 1955","Species","Animalia","Arthropoda","Malacostraca","Mysida","Mysidae","Mysidetes","Mysid",4,22097
3577,"Mysidetes macrops","urn:lsid:marinespecies.org:taxname:226656","Mysidetes macrops O. Tattersall, 1955","Species","Animalia","Arthropoda","Malacostraca","Mysida","Mysidae","Mysidetes","Mysid",5,22095
3578,"Mysidetes patagonica","urn:lsid:marinespecies.org:taxname:226813","Mysidetes patagonica O. Tattersall, 1955","Species","Animalia","Arthropoda","Malacostraca","Mysida","Mysidae","Mysidetes","Mysid",4,22093
3581,"Mysidium (Mysidium) gracile","urn:lsid:marinespecies.org:taxname:226481","Mysidium (Mysidium) gracile (Dana, 1852)","Species","Animalia","Arthropoda","Malacostraca","Mysida","Mysidae","Mysidium","Mysid",3,
3584,"Mysidopsis acuta","urn:lsid:marinespecies.org:taxname:161425","Mysidopsis acuta Hansen, 1913","Species","Animalia","Arthropoda","Malacostraca","Mysida","Mysidae","Mysidopsis","Mysid",4,21680
3585,"Mysidopsis bispinosa","urn:lsid:marinespecies.org:taxname:161408","Mysidopsis bispinosa O. Tattersall, 1969","Species","Animalia","Arthropoda","Malacostraca","Mysida","Mysidae","Mysidopsis","Mysid",3,21676
3586,"Mysidopsis camelina","urn:lsid:marinespecies.org:taxname:161410","Mysidopsis camelina O. Tattersall, 1955","Species","Animalia","Arthropoda","Malacostraca","Mysida","Mysidae","Mysidopsis","Mysid",3,21673
3587,"Mysidopsis coelhoi","urn:lsid:marinespecies.org:taxname:226377","Mysidopsis coelhoi Bacescu, 1968","Species","Animalia","Arthropoda","Malacostraca","Mysida","Mysidae","Mysidopsis","Mysid",4,21672
3588,"Mysidopsis eremita","urn:lsid:marinespecies.org:taxname:161411","Mysidopsis eremita O. Tattersall, 1962","Species","Animalia","Arthropoda","Malacostraca","Mysida","Mysidae","Mysidopsis","Mysid",2,21668
3589,"Mysidopsis juniae","urn:lsid:marinespecies.org:taxname:226581","Mysidopsis juniae da Silva, 1979","Species","Animalia","Arthropoda","Malacostraca","Mysida","Mysidae","Mysidopsis","Mysid",3,
3590,"Mysidopsis major","urn:lsid:marinespecies.org:taxname:161414","Mysidopsis major (Zimmer, 1912)","Species","Animalia","Arthropoda","Malacostraca","Mysida","Mysidae","Mysidopsis","Mysid",3,21661
3591,"Mysidopsis rionegrensis","urn:lsid:marinespecies.org:taxname:226877","Mysidopsis rionegrensis Hoffmeyer, 1993","Species","Animalia","Arthropoda","Malacostraca","Mysida","Mysidae","Mysidopsis","Mysid",4,
3592,"Mysidopsis sankarankuttyi","urn:lsid:marinespecies.org:taxname:226904","Mysidopsis sankarankuttyi Bacescu, 1984","Species","Animalia","Arthropoda","Malacostraca","Mysida","Mysidae","Mysidopsis","Mysid",2,
3593,"Mysidopsis schultzei","urn:lsid:marinespecies.org:taxname:161415","Mysidopsis schultzei (Zimmer, 1912)","Species","Animalia","Arthropoda","Malacostraca","Mysida","Mysidae","Mysidopsis","Mysid",5,21655
3594,"Mysidopsis scintilae","urn:lsid:marinespecies.org:taxname:446724","Mysidopsis scintilae dos Reis & da Silva, 1987","Species","Animalia","Arthropoda","Malacostraca","Mysida","Mysidae","Mysidopsis","Mysid",2,
3595,"Mysidopsis similis","urn:lsid:marinespecies.org:taxname:161416","Mysidopsis similis (Zimmer, 1912)","Species","Animalia","Arthropoda","Malacostraca","Mysida","Mysidae","Mysidopsis","Mysid",5,21687
3596,"Mysidopsis suedafrikana","urn:lsid:marinespecies.org:taxname:227002","Mysidopsis suedafrikana O. Tattersall, 1969","Species","Animalia","Arthropoda","Malacostraca","Mysida","Mysidae","Mysidopsis","Mysid",4,21686
3597,"Mysidopsis tortonesei","urn:lsid:marinespecies.org:taxname:227046","Mysidopsis tortonesei Bacescu, 1968","Species","Animalia","Arthropoda","Malacostraca","Mysida","Mysidae","Mysidopsis","Mysid",5,
3600,"Mysis","urn:lsid:marinespecies.org:taxname:119886","Mysis Latreille, 1802","Genus","Animalia","Arthropoda","Malacostraca","Mysida","Mysidae","Mysis","Mysid",111,
3601,"Mysis mixta","urn:lsid:marinespecies.org:taxname:120113","Mysis mixta Liljeborg, 1853","Species","Animalia","Arthropoda","Malacostraca","Mysida","Mysidae","Mysis","Mysid",1,21558
3602,"Mysis stenolepis","urn:lsid:marinespecies.org:taxname:226994","Mysis stenolepis S.I. Smith, 1873","Species","Animalia","Arthropoda","Malacostraca","Mysida","Mysidae","Mysis","Mysid",1,21563
3604,"Neomysis","urn:lsid:marinespecies.org:taxname:119888","Neomysis Czerniavsky, 1882","Genus","Animalia","Arthropoda","Malacostraca","Mysida","Mysidae","Neomysis","Mysid",3,
3605,"Neomysis americana","urn:lsid:marinespecies.org:taxname:157807","Neomysis americana (S.I. Smith, 1873)","Species","Animalia","Arthropoda","Malacostraca","Mysida","Mysidae","Neomysis","Mysid",2,21577
3606,"Neomysis integer","urn:lsid:marinespecies.org:taxname:120136","Neomysis integer (Leach, 1814)","Species","Animalia","Arthropoda","Malacostraca","Mysida","Mysidae","Neomysis","Mysid",5,21578
3607,"Neomysis kadiakensis","urn:lsid:marinespecies.org:taxname:226583","Neomysis kadiakensis Ortmann, 1908","Species","Animalia","Arthropoda","Malacostraca","Mysida","Mysidae","Neomysis","Mysid",3,21573
3608,"Neomysis mercedis","urn:lsid:marinespecies.org:taxname:226693","Neomysis mercedis Holmes, 1896","Species","Animalia","Arthropoda","Malacostraca","Mysida","Mysidae","Neomysis","Mysid",3,21574
3609,"Neomysis monticellii","urn:lsid:marinespecies.org:taxname:226726","Neomysis monticellii Colosi, 1924","Species","Animalia","Arthropoda","Malacostraca","Mysida","Mysidae","Neomysis","Mysid",6,21583
3610,"Neomysis patagona","urn:lsid:marinespecies.org:taxname:226812","Neomysis patagona Zimmer, 1907","Species","Animalia","Arthropoda","Malacostraca","Mysida","Mysidae","Neomysis","Mysid",4,21581
3611,"Neomysis rayii","urn:lsid:marinespecies.org:taxname:226869","Neomysis rayii (Murdoch, 1885)","Species","Animalia","Arthropoda","Malacostraca","Mysida","Mysidae","Neomysis","Mysid",6,21576
3613,"Nouvelia valdiviae","urn:lsid:marinespecies.org:taxname:227070","Nouvelia valdiviae (Illig, 1906)","Species","Animalia","Arthropoda","Malacostraca","Mysida","Mysidae","Nouvelia","Mysid",3,22189
3614,"Pacifacanthomysis","urn:lsid:marinespecies.org:taxname:226097","Pacifacanthomysis Holmquist, 1981","Genus","Animalia","Arthropoda","Malacostraca","Mysida","Mysidae","Pacifacanthomysis","Mysid",1,
3615,"Pacifacanthomysis nephrophthalma","urn:lsid:marinespecies.org:taxname:226746","Pacifacanthomysis nephrophthalma (Banner, 1948)","Species","Animalia","Arthropoda","Malacostraca","Mysida","Mysidae","Pacifacanthomysis","Mysid",5,
3617,"Paraleptomysis dimorpha","urn:lsid:marinespecies.org:taxname:226417","Paraleptomysis dimorpha Wittmann, 1986","Species","Animalia","Arthropoda","Malacostraca","Mysida","Mysidae","Paraleptomysis","Mysid",4,
3621,"Praunus flexuosus","urn:lsid:marinespecies.org:taxname:120177","Praunus flexuosus (Müller, 1776)","Species","Animalia","Arthropoda","Malacostraca","Mysida","Mysidae","Praunus","Mysid",1,21689
3623,"Promysis atlantica","urn:lsid:marinespecies.org:taxname:161354","Promysis atlantica W. Tattersall, 1923","Species","Animalia","Arthropoda","Malacostraca","Mysida","Mysidae","Promysis","Mysid",4,21707
3625,"Proneomysis wailesi","urn:lsid:marinespecies.org:taxname:227083","Proneomysis wailesi W. Tattersall, 1933","Species","Animalia","Arthropoda","Malacostraca","Mysida","Mysidae","Proneomysis","Mysid",3,21595
3626,"Pseudomma","urn:lsid:marinespecies.org:taxname:119900","Pseudomma G.O. Sars, 1870","Genus","Animalia","Arthropoda","Malacostraca","Mysida","Mysidae","Pseudomma","Mysid",1,
3627,"Pseudomma berkeleyi","urn:lsid:marinespecies.org:taxname:226297","Pseudomma berkeleyi W. Tattersall, 1933","Species","Animalia","Arthropoda","Malacostraca","Mysida","Mysidae","Pseudomma","Mysid",3,21609
3628,"Pseudomma calmani","urn:lsid:marinespecies.org:taxname:226347","Pseudomma calmani O. Tattersall, 1955","Species","Animalia","Arthropoda","Malacostraca","Mysida","Mysidae","Pseudomma","Mysid",5,
3629,"Pseudomma magellanensis","urn:lsid:marinespecies.org:taxname:226667","Pseudomma magellanensis O. Tattersall, 1955","Species","Animalia","Arthropoda","Malacostraca","Mysida","Mysidae","Pseudomma","Mysid",6,21631
3630,"Pseudomma minutum","urn:lsid:marinespecies.org:taxname:226718","Pseudomma minutum O. Tattersall, 1955","Species","Animalia","Arthropoda","Malacostraca","Mysida","Mysidae","Pseudomma","Mysid",3,21634
3631,"Pseudomma truncatum","urn:lsid:marinespecies.org:taxname:120193","Pseudomma truncatum S.I. Smith, 1879","Species","Animalia","Arthropoda","Malacostraca","Mysida","Mysidae","Pseudomma","Mysid",3,21610
3633,"Siriella","urn:lsid:marinespecies.org:taxname:119906","Siriella Dana, 1850","Genus","Animalia","Arthropoda","Malacostraca","Mysida","Mysidae","Siriella","Mysid",7,
3634,"Siriella aequiremis","urn:lsid:marinespecies.org:taxname:161474","Siriella aequiremis Hansen, 1910","Species","Animalia","Arthropoda","Malacostraca","Mysida","Mysidae","Siriella","Mysid",16,21711
3635,"Siriella chierchiae","urn:lsid:marinespecies.org:taxname:161477","Siriella chierchiae Coifmann, 1937","Species","Animalia","Arthropoda","Malacostraca","Mysida","Mysidae","Siriella","Mysid",3,21719
3636,"Siriella dayi","urn:lsid:marinespecies.org:taxname:161470","Siriella dayi O. Tattersall, 1952","Species","Animalia","Arthropoda","Malacostraca","Mysida","Mysidae","Siriella","Mysid",2,21722
3637,"Siriella melloi","urn:lsid:marinespecies.org:taxname:226691","Siriella melloi da Silva, 1974","Species","Animalia","Arthropoda","Malacostraca","Mysida","Mysidae","Siriella","Mysid",2,21739
3638,"Siriella thompsonii","urn:lsid:marinespecies.org:taxname:120216","Siriella thompsonii (H. Milne Edwards, 1837)","Species","Animalia","Arthropoda","Malacostraca","Mysida","Mysidae","Siriella","Mysid",17,21710
3639,"Siriella wolffi","urn:lsid:marinespecies.org:taxname:120217","Siriella wolffi O. Tattersall, 1961","Species","Animalia","Arthropoda","Malacostraca","Mysida","Mysidae","Siriella","Mysid",3,20062
3642,"Xenacanthomysis","urn:lsid:marinespecies.org:taxname:226107","Xenacanthomysis Holmquist, 1980","Genus","Animalia","Arthropoda","Malacostraca","Mysida","Mysidae","Xenacanthomysis","Mysid",1,
3643,"Xenacanthomysis pseudomacropsis","urn:lsid:marinespecies.org:taxname:226851","Xenacanthomysis pseudomacropsis (W. Tattersall, 1933)","Species","Animalia","Arthropoda","Malacostraca","Mysida","Mysidae","Xenacanthomysis","Mysid",34,
3644,"Acanthochondria","urn:lsid:marinespecies.org:taxname:128615","Acanthochondria Oakley, 1930","Genus","Animalia","Arthropoda","Copepoda","Cyclopoida","Chondracanthidae","Acanthochondria","Non-calanoid",2,
3645,"Acanthochondrites","urn:lsid:marinespecies.org:taxname:128616","Acanthochondrites Oakley, 1930","Genus","Animalia","Arthropoda","Copepoda","Cyclopoida","Chondracanthidae","Acanthochondrites","Non-calanoid",2,
3648,"Aegisthus","urn:lsid:marinespecies.org:taxname:115186","Aegisthus Giesbrecht, 1891","Genus","Animalia","Arthropoda","Copepoda","Harpacticoida","Aegisthidae","Aegisthus","Non-calanoid",1,
3649,"Aegisthus aculeatus","urn:lsid:marinespecies.org:taxname:115508","Aegisthus aculeatus Giesbrecht, 1891","Species","Animalia","Arthropoda","Copepoda","Harpacticoida","Aegisthidae","Aegisthus","Non-calanoid",5,29542
3650,"Aegisthus mucronatus","urn:lsid:marinespecies.org:taxname:115509","Aegisthus mucronatus Giesbrecht, 1891","Species","Animalia","Arthropoda","Copepoda","Harpacticoida","Aegisthidae","Aegisthus","Non-calanoid",11,29543
3651,"Aegisthus spinulosus","urn:lsid:marinespecies.org:taxname:115510","Aegisthus spinulosus Farran, 1905","Species","Animalia","Arthropoda","Copepoda","Harpacticoida","Aegisthidae","Aegisthus","Non-calanoid",3,26969
3653,"Agetus flaccus","urn:lsid:marinespecies.org:taxname:128795","Agetus flaccus (Giesbrecht, 1891)","Species","Animalia","Arthropoda","Copepoda","Cyclopoida","Corycaeidae","Agetus","Non-calanoid",21,
3654,"Agetus limbatus","urn:lsid:marinespecies.org:taxname:128796","Agetus limbatus (Brady, 1883)","Species","Animalia","Arthropoda","Copepoda","Cyclopoida","Corycaeidae","Agetus","Non-calanoid",20,
3655,"Agetus typicus","urn:lsid:marinespecies.org:taxname:128797","Agetus typicus Krøyer, 1849","Species","Animalia","Arthropoda","Copepoda","Cyclopoida","Corycaeidae","Agetus","Non-calanoid",22,
3657,"Alanlewisia fallolunulus","urn:lsid:marinespecies.org:taxname:378021","Alanlewisia fallolunulus (Lewis, A.G., 1967)","Species","Animalia","Arthropoda","Copepoda","Siphonostomatoida","Caligidae","Alanlewisia","Non-calanoid",2,
3659,"Alteutha depressa","urn:lsid:marinespecies.org:taxname:116451","Alteutha depressa (Baird, 1837)","Species","Animalia","Arthropoda","Copepoda","Harpacticoida","Peltidiidae","Alteutha","Non-calanoid",2,29934
3660,"Alteutha interrupta","urn:lsid:marinespecies.org:taxname:116452","Alteutha interrupta (Goodsir, 1845)","Species","Animalia","Arthropoda","Copepoda","Harpacticoida","Peltidiidae","Alteutha","Non-calanoid",2,27411
3661,"Andreina","urn:lsid:marinespecies.org:taxname:346744","Andreina Brian, 1939","Genus","Animalia","Arthropoda","Copepoda","Cyclopoida","Chondracanthidae","Andreina","Non-calanoid",2,
3663,"Andromastax cephaloceratus","urn:lsid:marinespecies.org:taxname:346099","Andromastax cephaloceratus Lee W. & Huys, 2000","Species","Animalia","Arthropoda","Copepoda","Harpacticoida","Aegisthidae","Andromastax","Non-calanoid",2,72173
3664,"Andromastax muricatus","urn:lsid:marinespecies.org:taxname:346100","Andromastax muricatus Conroy-Dalton & Huys, 1999","Species","Animalia","Arthropoda","Copepoda","Harpacticoida","Aegisthidae","Andromastax","Non-calanoid",2,72172
3666,"Antrisocopia prehensilis","urn:lsid:marinespecies.org:taxname:346103","Antrisocopia prehensilis Fosshagen, in Fosshagen & Iliffe, 1985","Species","Animalia","Arthropoda","Copepoda","Platycopioida","Platycopiidae","Antrisocopia","Non-calanoid",2,131335
3667,"Apodochondria","urn:lsid:marinespecies.org:taxname:346768","Apodochondria Ho & Dojiri, 1988","Genus","Animalia","Arthropoda","Copepoda","Cyclopoida","Chondracanthidae","Apodochondria","Non-calanoid",2,
3669,"Archimisophria discoveryi","urn:lsid:marinespecies.org:taxname:119203","Archimisophria discoveryi Boxshall, 1983","Species","Animalia","Arthropoda","Copepoda","Misophrioida","Speleophriidae","Archimisophria","Non-calanoid",2,
3670,"Archimisophria squamosa","urn:lsid:marinespecies.org:taxname:346106","Archimisophria squamosa Alvarez, 1985","Species","Animalia","Arthropoda","Copepoda","Misophrioida","Speleophriidae","Archimisophria","Non-calanoid",1,
3672,"Archioncaea arabica","urn:lsid:marinespecies.org:taxname:346108","Archioncaea arabica Böttger-Schnack & Huys, 1997","Species","Animalia","Arthropoda","Copepoda","Cyclopoida","Oncaeidae","Archioncaea","Non-calanoid",1,
3674,"Arcticomisophria bathylaptevensis","urn:lsid:marinespecies.org:taxname:346109","Arcticomisophria bathylaptevensis Martínez Arbizu & Seifried, 1996","Species","Animalia","Arthropoda","Copepoda","Misophrioida","Misophriidae","Arcticomisophria","Non-calanoid",1,
3675,"Arcticomisophria hispida","urn:lsid:marinespecies.org:taxname:119204","Arcticomisophria hispida Jaume & Boxshall, 1997","Species","Animalia","Arthropoda","Copepoda","Misophrioida","Misophriidae","Arcticomisophria","Non-calanoid",2,
3677,"Arrama tandani","urn:lsid:marinespecies.org:taxname:348997","Arrama tandani Dojiri & Cressey, 1991","Species","Animalia","Arthropoda","Copepoda","Siphonostomatoida","Caligidae","Arrama","Non-calanoid",2,
3679,"Atrophia glacialis","urn:lsid:marinespecies.org:taxname:346121","Atrophia glacialis (Sars G.O., 1900)","Species","Animalia","Arthropoda","Copepoda","Cyclopoida","Lubbockiidae","Atrophia","Non-calanoid",9,27896
3680,"Atrophia minuta","urn:lsid:marinespecies.org:taxname:128891","Atrophia minuta (Wolfenden, 1905)","Species","Animalia","Arthropoda","Copepoda","Cyclopoida","Lubbockiidae","Atrophia","Non-calanoid",5,27897
3681,"Auchenochondria","urn:lsid:marinespecies.org:taxname:346811","Auchenochondria Dojiri & Perkins, 1979","Genus","Animalia","Arthropoda","Copepoda","Cyclopoida","Chondracanthidae","Auchenochondria","Non-calanoid",2,
3683,"Australomonstrillopsis crassicaudata","urn:lsid:marinespecies.org:taxname:760020","Australomonstrillopsis crassicaudata Suárez-Morales & McKinnon, 2014","Species","Animalia","Arthropoda","Copepoda","Monstrilloida","Monstrillidae","Australomonstrillopsis","Non-calanoid",1,
3685,"Australopsyllus fallax","urn:lsid:marinespecies.org:taxname:346124","Australopsyllus fallax McKinnon, 1994","Species","Animalia","Arthropoda","Copepoda","Cyclopoida","Thaumatopsyllidae","Australopsyllus","Non-calanoid",1,140869
3686,"Bactrochondria","urn:lsid:marinespecies.org:taxname:346822","Bactrochondria Ho, Kim I.H. & Kumar, 2000","Genus","Animalia","Arthropoda","Copepoda","Cyclopoida","Chondracanthidae","Bactrochondria","Non-calanoid",2,
3688,"Bathyidia remota","urn:lsid:marinespecies.org:taxname:116629","Bathyidia remota Farran, 1926","Species","Animalia","Arthropoda","Copepoda","Harpacticoida","Tisbidae","Bathyidia","Non-calanoid",2,25759
3690,"Benthomisophria cornuta","urn:lsid:marinespecies.org:taxname:119205","Benthomisophria cornuta Hulsemann & Grice, 1964","Species","Animalia","Arthropoda","Copepoda","Misophrioida","Misophriidae","Benthomisophria","Non-calanoid",2,
3691,"Benthomisophria palliata","urn:lsid:marinespecies.org:taxname:119206","Benthomisophria palliata Sars G.O., 1909","Species","Animalia","Arthropoda","Copepoda","Misophrioida","Misophriidae","Benthomisophria","Non-calanoid",2,
3692,"Bereacanthus","urn:lsid:marinespecies.org:taxname:429376","Bereacanthus Huys, 2009","Genus","Animalia","Arthropoda","Copepoda","Cyclopoida","Chondracanthidae","Bereacanthus","Non-calanoid",2,
3693,"Blias","urn:lsid:marinespecies.org:taxname:346851","Blias Krøyer, 1863","Genus","Animalia","Arthropoda","Copepoda","Cyclopoida","Chondracanthidae","Blias","Non-calanoid",2,
3695,"Boxshallia bulbantennulata","urn:lsid:marinespecies.org:taxname:119212","Boxshallia bulbantennulata Huys, 1988","Species","Animalia","Arthropoda","Copepoda","Misophrioida","Speleophriidae","Boxshallia","Non-calanoid",2,
3696,"Brachiochondria","urn:lsid:marinespecies.org:taxname:346863","Brachiochondria Shiino, 1957","Genus","Animalia","Arthropoda","Copepoda","Cyclopoida","Chondracanthidae","Brachiochondria","Non-calanoid",2,
3697,"Brachiochondrites","urn:lsid:marinespecies.org:taxname:346864","Brachiochondrites Markevich, 1940","Genus","Animalia","Arthropoda","Copepoda","Cyclopoida","Chondracanthidae","Brachiochondrites","Non-calanoid",2,
3699,"Caligus","urn:lsid:marinespecies.org:taxname:135566","Caligus Müller O.F., 1785","Genus","Animalia","Arthropoda","Copepoda","Siphonostomatoida","Caligidae","Caligus","Non-calanoid",1,
3700,"Caligus acanthopagri","urn:lsid:marinespecies.org:taxname:349547","Caligus acanthopagri Lin, Ho & Chen, 1994","Species","Animalia","Arthropoda","Copepoda","Siphonostomatoida","Caligidae","Caligus","Non-calanoid",2,
3701,"Caligus chiastos","urn:lsid:marinespecies.org:taxname:362265","Caligus chiastos Lin & Ho, 2003","Species","Animalia","Arthropoda","Copepoda","Siphonostomatoida","Caligidae","Caligus","Non-calanoid",2,
3702,"Caligus clemensi","urn:lsid:marinespecies.org:taxname:349592","Caligus clemensi Parker & Margolis, 1964","Species","Animalia","Arthropoda","Copepoda","Siphonostomatoida","Caligidae","Caligus","Non-calanoid",2,30766
3703,"Caligus confusus","urn:lsid:marinespecies.org:taxname:357608","Caligus confusus Pillai N.K., 1961","Species","Animalia","Arthropoda","Copepoda","Siphonostomatoida","Caligidae","Caligus","Non-calanoid",2,30767
3704,"Caligus coryphaenae","urn:lsid:marinespecies.org:taxname:135748","Caligus coryphaenae Steenstrup & Lütken, 1861","Species","Animalia","Arthropoda","Copepoda","Siphonostomatoida","Caligidae","Caligus","Non-calanoid",2,30769
3705,"Caligus epidemicus","urn:lsid:marinespecies.org:taxname:349617","Caligus epidemicus Hewitt, 1971","Species","Animalia","Arthropoda","Copepoda","Siphonostomatoida","Caligidae","Caligus","Non-calanoid",4,141772
3706,"Caligus flexispina","urn:lsid:marinespecies.org:taxname:349623","Caligus flexispina Lewis A.G., 1964","Species","Animalia","Arthropoda","Copepoda","Siphonostomatoida","Caligidae","Caligus","Non-calanoid",2,28728
3707,"Caligus latigenitalis","urn:lsid:marinespecies.org:taxname:349664","Caligus latigenitalis Shiino, 1954","Species","Animalia","Arthropoda","Copepoda","Siphonostomatoida","Caligidae","Caligus","Non-calanoid",2,
3708,"Caligus longipedis","urn:lsid:marinespecies.org:taxname:349674","Caligus longipedis Bassett-Smith, 1898","Species","Animalia","Arthropoda","Copepoda","Siphonostomatoida","Caligidae","Caligus","Non-calanoid",2,28736
3709,"Caligus orientalis","urn:lsid:marinespecies.org:taxname:349695","Caligus orientalis Gusev, 1951","Species","Animalia","Arthropoda","Copepoda","Siphonostomatoida","Caligidae","Caligus","Non-calanoid",2,30784
3710,"Caligus pagrosomi","urn:lsid:marinespecies.org:taxname:349699","Caligus pagrosomi Yamaguti, 1939","Species","Animalia","Arthropoda","Copepoda","Siphonostomatoida","Caligidae","Caligus","Non-calanoid",2,
3711,"Caligus rogercresseyi","urn:lsid:marinespecies.org:taxname:361841","Caligus rogercresseyi Boxshall & Bravo, 2000","Species","Animalia","Arthropoda","Copepoda","Siphonostomatoida","Caligidae","Caligus","Non-calanoid",4,
3712,"Caligus rotundigenitalis","urn:lsid:marinespecies.org:taxname:349730","Caligus rotundigenitalis Yü, 1933","Species","Animalia","Arthropoda","Copepoda","Siphonostomatoida","Caligidae","Caligus","Non-calanoid",2,
3713,"Caligus seriolicolus","urn:lsid:marinespecies.org:taxname:1116230","Caligus seriolicolus Boxshall, 2018","Species","Animalia","Arthropoda","Copepoda","Siphonostomatoida","Caligidae","Caligus","Non-calanoid",2,
3714,"Caligus serratus","urn:lsid:marinespecies.org:taxname:349746","Caligus serratus Shiino, 1965","Species","Animalia","Arthropoda","Copepoda","Siphonostomatoida","Caligidae","Caligus","Non-calanoid",2,31739
3715,"Caligus tenuifurcatus","urn:lsid:marinespecies.org:taxname:349757","Caligus tenuifurcatus Wilson C.B., 1937","Species","Animalia","Arthropoda","Copepoda","Siphonostomatoida","Caligidae","Caligus","Non-calanoid",2,31743
3716,"Caligus undulatus","urn:lsid:marinespecies.org:taxname:349768","Caligus undulatus Shen & Li, 1959","Species","Animalia","Arthropoda","Copepoda","Siphonostomatoida","Caligidae","Caligus","Non-calanoid",2,
3717,"Canuella canadensis","urn:lsid:marinespecies.org:taxname:349947","Canuella canadensis Willey, 1923","Species","Animalia","Arthropoda","Copepoda","Polyarthra","Canuellidae","Canuella","Non-calanoid",1,
3720,"Caribeopsyllus amphiodiae","urn:lsid:marinespecies.org:taxname:346245","Caribeopsyllus amphiodiae Ho, Dojiri, Hendler & Deets, 2003","Species","Animalia","Arthropoda","Copepoda","Cyclopoida","Thaumatopsyllidae","Caribeopsyllus","Non-calanoid",2,140866
3721,"Caribeopsyllus chawayi","urn:lsid:marinespecies.org:taxname:346246","Caribeopsyllus chawayi Suárez-Morales, In: Suárez-Morales & Castellanos, 1998","Species","Animalia","Arthropoda","Copepoda","Cyclopoida","Thaumatopsyllidae","Caribeopsyllus","Non-calanoid",1,140865
3722,"Caromiobenella arctica","urn:lsid:marinespecies.org:taxname:1381789","Caromiobenella arctica (Davis & Green, 1974)","Species","Animalia","Arthropoda","Copepoda","Monstrilloida","Monstrillidae","Caromiobenella","Non-calanoid",1,
3723,"Caromiobenella brasiliensis","urn:lsid:marinespecies.org:taxname:1527627","Caromiobenella brasiliensis (Dias & Suárez-Morales, In: Suárez-Morales & Dias, 2000)","Species","Animalia","Arthropoda","Copepoda","Monstrilloida","Monstrillidae","Caromiobenella","Non-calanoid",1,
3724,"Caromiobenella hamatapex","urn:lsid:marinespecies.org:taxname:1381791","Caromiobenella hamatapex (Grygier & Ohtsuka, 1995)","Species","Animalia","Arthropoda","Copepoda","Monstrilloida","Monstrillidae","Caromiobenella","Non-calanoid",1,
3725,"Caromiobenella helgolandica","urn:lsid:marinespecies.org:taxname:1381786","Caromiobenella helgolandica (Claus, 1863)","Species","Animalia","Arthropoda","Copepoda","Monstrilloida","Monstrillidae","Caromiobenella","Non-calanoid",9,
3726,"Caromiobenella patagonica","urn:lsid:marinespecies.org:taxname:1381795","Caromiobenella patagonica (Suárez-Morales, Ramírez & Derisio, 2008)","Species","Animalia","Arthropoda","Copepoda","Monstrilloida","Monstrillidae","Caromiobenella","Non-calanoid",2,
3727,"Caromiobenella pygmaea","urn:lsid:marinespecies.org:taxname:1381792","Caromiobenella pygmaea (Suárez-Morales, 2000)","Species","Animalia","Arthropoda","Copepoda","Monstrilloida","Monstrillidae","Caromiobenella","Non-calanoid",1,
3728,"Caromiobenella serricornis","urn:lsid:marinespecies.org:taxname:1381787","Caromiobenella serricornis (Sars G.O., 1921)","Species","Animalia","Arthropoda","Copepoda","Monstrilloida","Monstrillidae","Caromiobenella","Non-calanoid",1,
3729,"Ceratochondria","urn:lsid:marinespecies.org:taxname:346937","Ceratochondria Yu, 1935","Genus","Animalia","Arthropoda","Copepoda","Cyclopoida","Chondracanthidae","Ceratochondria","Non-calanoid",2,
3730,"Chelonichondria","urn:lsid:marinespecies.org:taxname:346960","Chelonichondria Ho, 1994","Genus","Animalia","Arthropoda","Copepoda","Cyclopoida","Chondracanthidae","Chelonichondria","Non-calanoid",2,
3732,"Chondracanthodes","urn:lsid:marinespecies.org:taxname:128617","Chondracanthodes Wilson C.B., 1932","Genus","Animalia","Arthropoda","Copepoda","Cyclopoida","Chondracanthidae","Chondracanthodes","Non-calanoid",2,
3733,"Chondracanthus","urn:lsid:marinespecies.org:taxname:128618","Chondracanthus Delaroche, 1811","Genus","Animalia","Arthropoda","Copepoda","Cyclopoida","Chondracanthidae","Chondracanthus","Non-calanoid",2,
3734,"Clausidiidae","urn:lsid:marinespecies.org:taxname:128567","Clausidiidae Embleton, 1901","Family","Animalia","Arthropoda","Copepoda","Cyclopoida","Clausidiidae",,"Non-calanoid",5,
3736,"Clytemnestra asetosa","urn:lsid:marinespecies.org:taxname:346282","Clytemnestra asetosa Huys & Conroy-Dalton, 2000","Species","Animalia","Arthropoda","Copepoda","Harpacticoida","Peltidiidae","Clytemnestra","Non-calanoid",1,
3737,"Clytemnestra farrani","urn:lsid:marinespecies.org:taxname:346283","Clytemnestra farrani Huys & Conroy-Dalton, 2000","Species","Animalia","Arthropoda","Copepoda","Harpacticoida","Peltidiidae","Clytemnestra","Non-calanoid",2,
3738,"Clytemnestra gracilis","urn:lsid:marinespecies.org:taxname:346284","Clytemnestra gracilis (Claus, 1891)","Species","Animalia","Arthropoda","Copepoda","Harpacticoida","Peltidiidae","Clytemnestra","Non-calanoid",5,
3739,"Clytemnestra longipes","urn:lsid:marinespecies.org:taxname:346286","Clytemnestra longipes Huys & Conroy-Dalton, 2000","Species","Animalia","Arthropoda","Copepoda","Harpacticoida","Peltidiidae","Clytemnestra","Non-calanoid",1,
3740,"Clytemnestra scutellata","urn:lsid:marinespecies.org:taxname:115805","Clytemnestra scutellata Dana, 1847","Species","Animalia","Arthropoda","Copepoda","Harpacticoida","Peltidiidae","Clytemnestra","Non-calanoid",11,28982
3743,"Conaea expressa","urn:lsid:marinespecies.org:taxname:346291","Conaea expressa (Gordeeva K.T., 1973)","Species","Animalia","Arthropoda","Copepoda","Cyclopoida","Oncaeidae","Conaea","Non-calanoid",2,
3744,"Conaea hispida","urn:lsid:marinespecies.org:taxname:342446","Conaea hispida Heron, 1977","Species","Animalia","Arthropoda","Copepoda","Cyclopoida","Oncaeidae","Conaea","Non-calanoid",2,28552
3745,"Conaea rapax","urn:lsid:marinespecies.org:taxname:128917","Conaea rapax Giesbrecht, 1891","Species","Animalia","Arthropoda","Copepoda","Cyclopoida","Oncaeidae","Conaea","Non-calanoid",12,31584
3746,"Conaea succurva","urn:lsid:marinespecies.org:taxname:342447","Conaea succurva Heron, 1977","Species","Animalia","Arthropoda","Copepoda","Cyclopoida","Oncaeidae","Conaea","Non-calanoid",1,28553
3747,"Copilia","urn:lsid:marinespecies.org:taxname:128721","Copilia Dana, 1849","Genus","Animalia","Arthropoda","Copepoda","Cyclopoida","Sapphirinidae","Copilia","Non-calanoid",1,
3748,"Copilia hendorffi","urn:lsid:marinespecies.org:taxname:346293","Copilia hendorffi Dahl F., 1894","Species","Animalia","Arthropoda","Copepoda","Cyclopoida","Sapphirinidae","Copilia","Non-calanoid",4,
3749,"Copilia lata","urn:lsid:marinespecies.org:taxname:129036","Copilia lata Giesbrecht, 1891","Species","Animalia","Arthropoda","Copepoda","Cyclopoida","Sapphirinidae","Copilia","Non-calanoid",2,31155
3750,"Copilia longistylis","urn:lsid:marinespecies.org:taxname:346295","Copilia longistylis Mori, 1932","Species","Animalia","Arthropoda","Copepoda","Cyclopoida","Sapphirinidae","Copilia","Non-calanoid",1,27746
3751,"Copilia mediterranea","urn:lsid:marinespecies.org:taxname:129037","Copilia mediterranea (Claus, 1863)","Species","Animalia","Arthropoda","Copepoda","Cyclopoida","Sapphirinidae","Copilia","Non-calanoid",12,28672
3752,"Copilia mirabilis","urn:lsid:marinespecies.org:taxname:129038","Copilia mirabilis Dana, 1852-1853","Species","Animalia","Arthropoda","Copepoda","Cyclopoida","Sapphirinidae","Copilia","Non-calanoid",13,31152
3753,"Copilia quadrata","urn:lsid:marinespecies.org:taxname:129039","Copilia quadrata Dana, 1849","Species","Animalia","Arthropoda","Copepoda","Cyclopoida","Sapphirinidae","Copilia","Non-calanoid",15,31153
3754,"Copilia vitrea","urn:lsid:marinespecies.org:taxname:129040","Copilia vitrea (Haeckel, 1864)","Species","Animalia","Arthropoda","Copepoda","Cyclopoida","Sapphirinidae","Copilia","Non-calanoid",9,31154
3755,"Corycaeidae","urn:lsid:marinespecies.org:taxname:128569","Corycaeidae Dana, 1852-1853","Family","Animalia","Arthropoda","Copepoda","Cyclopoida","Corycaeidae",,"Non-calanoid",2,
3756,"Corycaeus","urn:lsid:marinespecies.org:taxname:128634","Corycaeus Dana, 1845","Genus","Animalia","Arthropoda","Copepoda","Cyclopoida","Corycaeidae","Corycaeus","Non-calanoid",137,
3757,"Corycaeus (Ditrichocorycaeus) subulatus","urn:lsid:marinespecies.org:taxname:1467647","Corycaeus (Ditrichocorycaeus) subulatus Herrick, 1887","Species","Animalia","Arthropoda","Copepoda","Cyclopoida","Corycaeidae","Corycaeus","Non-calanoid",2,
3758,"Corycaeus (Monocorycaeus) robustus","urn:lsid:marinespecies.org:taxname:851951","Corycaeus (Monocorycaeus) robustus Giesbrecht, 1891","Species","Animalia","Arthropoda","Copepoda","Cyclopoida","Corycaeidae","Corycaeus","Non-calanoid",5,
3759,"Corycaeus clausi","urn:lsid:marinespecies.org:taxname:128798","Corycaeus clausi Dahl F., 1894","Species","Animalia","Arthropoda","Copepoda","Cyclopoida","Corycaeidae","Corycaeus","Non-calanoid",18,31620
3760,"Corycaeus crassiusculus","urn:lsid:marinespecies.org:taxname:128799","Corycaeus crassiusculus Dana, 1849","Species","Animalia","Arthropoda","Copepoda","Cyclopoida","Corycaeidae","Corycaeus","Non-calanoid",14,27751
3761,"Corycaeus speciosus","urn:lsid:marinespecies.org:taxname:128800","Corycaeus speciosus Dana, 1849","Species","Animalia","Arthropoda","Copepoda","Cyclopoida","Corycaeidae","Corycaeus","Non-calanoid",32,31618
3762,"Corycaeus vitreus","urn:lsid:marinespecies.org:taxname:346298","Corycaeus vitreus Dana, 1849","Species","Animalia","Arthropoda","Copepoda","Cyclopoida","Corycaeidae","Corycaeus","Non-calanoid",2,26858
3763,"Cryptochondria","urn:lsid:marinespecies.org:taxname:347024","Cryptochondria Izawa, 1971","Genus","Animalia","Arthropoda","Copepoda","Cyclopoida","Chondracanthidae","Cryptochondria","Non-calanoid",2,
3765,"Cyclopina","urn:lsid:marinespecies.org:taxname:106437","Cyclopina Claus, 1863","Genus","Animalia","Arthropoda","Copepoda","Cyclopoida","Cyclopinidae","Cyclopina","Non-calanoid",1,
3766,"Cyclopina gracilis","urn:lsid:marinespecies.org:taxname:106525","Cyclopina gracilis Claus, 1863","Species","Animalia","Arthropoda","Copepoda","Cyclopoida","Cyclopinidae","Cyclopina","Non-calanoid",1,31160
3767,"Cyclopina schneideri","urn:lsid:marinespecies.org:taxname:106535","Cyclopina schneideri Scott T., 1904","Species","Animalia","Arthropoda","Copepoda","Cyclopoida","Cyclopinidae","Cyclopina","Non-calanoid",1,31161
3770,"Cyclopinodes elegans","urn:lsid:marinespecies.org:taxname:394163","Cyclopinodes elegans (Scott T., 1894)","Species","Animalia","Arthropoda","Copepoda","Cyclopoida","Hemicyclopinidae","Cyclopinodes","Non-calanoid",1,31166
3772,"Cyclopinoides littoralis","urn:lsid:marinespecies.org:taxname:106538","Cyclopinoides littoralis (Brady, 1872)","Species","Animalia","Arthropoda","Copepoda","Cyclopoida","Smirnovipinidae","Cyclopinoides","Non-calanoid",2,31169
3773,"Cyclopinoides longicornis","urn:lsid:marinespecies.org:taxname:357973","Cyclopinoides longicornis (Boeck, 1872)","Species","Animalia","Arthropoda","Copepoda","Cyclopoida","Smirnovipinidae","Cyclopinoides","Non-calanoid",32,31171
3774,"Cyclopoida","urn:lsid:marinespecies.org:taxname:1101","Cyclopoida Burmeister, 1834","Order","Animalia","Arthropoda","Copepoda","Cyclopoida",,,"Non-calanoid",6,
3777,"Cymbasoma agoense","urn:lsid:marinespecies.org:taxname:346326","Cymbasoma agoense Sekiguchi, 1982","Species","Animalia","Arthropoda","Copepoda","Monstrilloida","Monstrillidae","Cymbasoma","Non-calanoid",1,
3778,"Cymbasoma alvaroi","urn:lsid:marinespecies.org:taxname:724731","Cymbasoma alvaroi Suárez-Morales & Carrillo, 2013","Species","Animalia","Arthropoda","Copepoda","Monstrilloida","Monstrillidae","Cymbasoma","Non-calanoid",1,
3779,"Cymbasoma bali","urn:lsid:marinespecies.org:taxname:346327","Cymbasoma bali Desai & Krishnaswamy, 1962","Species","Animalia","Arthropoda","Copepoda","Monstrilloida","Monstrillidae","Cymbasoma","Non-calanoid",2,
3780,"Cymbasoma bowmani","urn:lsid:marinespecies.org:taxname:346328","Cymbasoma bowmani Suárez-Morales & Gasca, 1998","Species","Animalia","Arthropoda","Copepoda","Monstrilloida","Monstrillidae","Cymbasoma","Non-calanoid",1,
3781,"Cymbasoma boxshalli","urn:lsid:marinespecies.org:taxname:346329","Cymbasoma boxshalli (Suárez-Morales, 1993)","Species","Animalia","Arthropoda","Copepoda","Monstrilloida","Monstrillidae","Cymbasoma","Non-calanoid",1,
3782,"Cymbasoma bullatum","urn:lsid:marinespecies.org:taxname:346330","Cymbasoma bullatum (Scott A., 1909)","Species","Animalia","Arthropoda","Copepoda","Monstrilloida","Monstrillidae","Cymbasoma","Non-calanoid",1,
3783,"Cymbasoma californiense","urn:lsid:marinespecies.org:taxname:346331","Cymbasoma californiense Suárez-Morales & Palomares-Garcia, 1999","Species","Animalia","Arthropoda","Copepoda","Monstrilloida","Monstrillidae","Cymbasoma","Non-calanoid",1,
3784,"Cymbasoma chelemense","urn:lsid:marinespecies.org:taxname:346332","Cymbasoma chelemense Suárez-Morales & Escamilla, 1997","Species","Animalia","Arthropoda","Copepoda","Monstrilloida","Monstrillidae","Cymbasoma","Non-calanoid",2,
3785,"Cymbasoma claparedei","urn:lsid:marinespecies.org:taxname:815387","Cymbasoma claparedei (Giesbrecht, 1892)","Species","Animalia","Arthropoda","Copepoda","Monstrilloida","Monstrillidae","Cymbasoma","Non-calanoid",2,
3786,"Cymbasoma cocoense","urn:lsid:marinespecies.org:taxname:405290","Cymbasoma cocoense Suárez-Morales & Morales-Ramírez, 2009","Species","Animalia","Arthropoda","Copepoda","Monstrilloida","Monstrillidae","Cymbasoma","Non-calanoid",1,
3787,"Cymbasoma concepcionae","urn:lsid:marinespecies.org:taxname:346333","Cymbasoma concepcionae Suárez-Morales & Morales Ramírez, 2003","Species","Animalia","Arthropoda","Copepoda","Monstrilloida","Monstrillidae","Cymbasoma","Non-calanoid",1,
3788,"Cymbasoma davisi","urn:lsid:marinespecies.org:taxname:380462","Cymbasoma davisi Suárez-Morales & Pilz, 2008","Species","Animalia","Arthropoda","Copepoda","Monstrilloida","Monstrillidae","Cymbasoma","Non-calanoid",1,
3789,"Cymbasoma frondipes","urn:lsid:marinespecies.org:taxname:119783","Cymbasoma frondipes Isaac in Grygier & Suárez-Morales, 2018","Species","Animalia","Arthropoda","Copepoda","Monstrilloida","Monstrillidae","Cymbasoma","Non-calanoid",2,
3790,"Cymbasoma germanicum","urn:lsid:marinespecies.org:taxname:346334","Cymbasoma germanicum (Timm, 1893)","Species","Animalia","Arthropoda","Copepoda","Monstrilloida","Monstrillidae","Cymbasoma","Non-calanoid",1,
3791,"Cymbasoma ghardaqanum","urn:lsid:marinespecies.org:taxname:361659","Cymbasoma ghardaqanum (Isaac, 1975)","Species","Animalia","Arthropoda","Copepoda","Monstrilloida","Monstrillidae","Cymbasoma","Non-calanoid",1,
3792,"Cymbasoma gigas","urn:lsid:marinespecies.org:taxname:346336","Cymbasoma gigas (Scott A., 1909)","Species","Animalia","Arthropoda","Copepoda","Monstrilloida","Monstrillidae","Cymbasoma","Non-calanoid",1,
3793,"Cymbasoma gracile","urn:lsid:marinespecies.org:taxname:346337","Cymbasoma gracile Gurney, 1927","Species","Animalia","Arthropoda","Copepoda","Monstrilloida","Monstrillidae","Cymbasoma","Non-calanoid",3,
3794,"Cymbasoma guererrense","urn:lsid:marinespecies.org:taxname:468935","Cymbasoma guererrense Suárez-Morales, 2009","Species","Animalia","Arthropoda","Copepoda","Monstrilloida","Monstrillidae","Cymbasoma","Non-calanoid",1,
3795,"Cymbasoma janetae","urn:lsid:marinespecies.org:taxname:478791","Cymbasoma janetae Mageed, 2010","Species","Animalia","Arthropoda","Copepoda","Monstrilloida","Monstrillidae","Cymbasoma","Non-calanoid",1,
3796,"Cymbasoma javensis","urn:lsid:marinespecies.org:taxname:346338","Cymbasoma javensis (Isaac, 1974)","Species","Animalia","Arthropoda","Copepoda","Monstrilloida","Monstrillidae","Cymbasoma","Non-calanoid",1,
3797,"Cymbasoma longispinosum","urn:lsid:marinespecies.org:taxname:119784","Cymbasoma longispinosum (Bourne, 1890)","Species","Animalia","Arthropoda","Copepoda","Monstrilloida","Monstrillidae","Cymbasoma","Non-calanoid",8,
3798,"Cymbasoma malaquini","urn:lsid:marinespecies.org:taxname:119785","Cymbasoma malaquini (Caullery & Mesnil, 1914)","Species","Animalia","Arthropoda","Copepoda","Monstrilloida","Monstrillidae","Cymbasoma","Non-calanoid",3,
3799,"Cymbasoma mcalicei","urn:lsid:marinespecies.org:taxname:346339","Cymbasoma mcalicei Suárez-Morales, 1996","Species","Animalia","Arthropoda","Copepoda","Monstrilloida","Monstrillidae","Cymbasoma","Non-calanoid",1,
3800,"Cymbasoma morii","urn:lsid:marinespecies.org:taxname:346340","Cymbasoma morii Sekiguchi, 1982","Species","Animalia","Arthropoda","Copepoda","Monstrilloida","Monstrillidae","Cymbasoma","Non-calanoid",2,
3801,"Cymbasoma nicolettae","urn:lsid:marinespecies.org:taxname:346341","Cymbasoma nicolettae Suárez-Morales, 2002","Species","Animalia","Arthropoda","Copepoda","Monstrilloida","Monstrillidae","Cymbasoma","Non-calanoid",1,
3802,"Cymbasoma pallidum","urn:lsid:marinespecies.org:taxname:119786","Cymbasoma pallidum (Isaac, 1974)","Species","Animalia","Arthropoda","Copepoda","Monstrilloida","Monstrillidae","Cymbasoma","Non-calanoid",4,
3803,"Cymbasoma quadridens","urn:lsid:marinespecies.org:taxname:346342","Cymbasoma quadridens Davis, 1947","Species","Animalia","Arthropoda","Copepoda","Monstrilloida","Monstrillidae","Cymbasoma","Non-calanoid",2,
3804,"Cymbasoma quintanarooense","urn:lsid:marinespecies.org:taxname:346343","Cymbasoma quintanarooense (Suárez-Morales, 1994)","Species","Animalia","Arthropoda","Copepoda","Monstrilloida","Monstrillidae","Cymbasoma","Non-calanoid",2,
3805,"Cymbasoma reticulatum","urn:lsid:marinespecies.org:taxname:119787","Cymbasoma reticulatum (Giesbrecht, 1893)","Species","Animalia","Arthropoda","Copepoda","Monstrilloida","Monstrillidae","Cymbasoma","Non-calanoid",3,
3806,"Cymbasoma rigidum","urn:lsid:marinespecies.org:taxname:119788","Cymbasoma rigidum Thompson I.C., 1888","Species","Animalia","Arthropoda","Copepoda","Monstrilloida","Monstrillidae","Cymbasoma","Non-calanoid",10,
3807,"Cymbasoma rochai","urn:lsid:marinespecies.org:taxname:346344","Cymbasoma rochai Suárez-Morales & Dias, 2001","Species","Animalia","Arthropoda","Copepoda","Monstrilloida","Monstrillidae","Cymbasoma","Non-calanoid",1,
3808,"Cymbasoma rostratum","urn:lsid:marinespecies.org:taxname:119789","Cymbasoma rostratum (Scott T., 1904)","Species","Animalia","Arthropoda","Copepoda","Monstrilloida","Monstrillidae","Cymbasoma","Non-calanoid",4,
3809,"Cymbasoma similirostratum","urn:lsid:marinespecies.org:taxname:119790","Cymbasoma similirostratum (Isaac, 1974)","Species","Animalia","Arthropoda","Copepoda","Monstrilloida","Monstrillidae","Cymbasoma","Non-calanoid",2,
3810,"Cymbasoma sinopense","urn:lsid:marinespecies.org:taxname:828006","Cymbasoma sinopense Üstün, Terbiyik & Suárez-Morales, 2014","Species","Animalia","Arthropoda","Copepoda","Monstrilloida","Monstrillidae","Cymbasoma","Non-calanoid",1,
3811,"Cymbasoma striatum","urn:lsid:marinespecies.org:taxname:119791","Cymbasoma striatum Isaac, 1974","Species","Animalia","Arthropoda","Copepoda","Monstrilloida","Monstrillidae","Cymbasoma","Non-calanoid",2,
3812,"Cymbasoma striifrons","urn:lsid:marinespecies.org:taxname:606460","Cymbasoma striifrons Chang, 2012","Species","Animalia","Arthropoda","Copepoda","Monstrilloida","Monstrillidae","Cymbasoma","Non-calanoid",1,
3813,"Cymbasoma tenue","urn:lsid:marinespecies.org:taxname:119792","Cymbasoma tenue (Isaac, 1974)","Species","Animalia","Arthropoda","Copepoda","Monstrilloida","Monstrillidae","Cymbasoma","Non-calanoid",2,
3814,"Cymbasoma thompsonii","urn:lsid:marinespecies.org:taxname:358124","Cymbasoma thompsonii (Giesbrecht, 1893)","Species","Animalia","Arthropoda","Copepoda","Monstrilloida","Monstrillidae","Cymbasoma","Non-calanoid",8,
3815,"Cymbasoma tropicum","urn:lsid:marinespecies.org:taxname:346347","Cymbasoma tropicum (Wolfenden, 1906)","Species","Animalia","Arthropoda","Copepoda","Monstrilloida","Monstrillidae","Cymbasoma","Non-calanoid",2,
3816,"Cymbasoma tumorifrons","urn:lsid:marinespecies.org:taxname:119794","Cymbasoma tumorifrons (Isaac, 1975)","Species","Animalia","Arthropoda","Copepoda","Monstrilloida","Monstrillidae","Cymbasoma","Non-calanoid",4,
3817,"Cymbasoma zetlandicum","urn:lsid:marinespecies.org:taxname:119795","Cymbasoma zetlandicum (Scott T., 1904)","Species","Animalia","Arthropoda","Copepoda","Monstrilloida","Monstrillidae","Cymbasoma","Non-calanoid",8,
3820,"Diarthrodes cystoecus","urn:lsid:marinespecies.org:taxname:293126","Diarthrodes cystoecus Fahrenbach, 1954","Species","Animalia","Arthropoda","Copepoda","Harpacticoida","Dactylopusiidae","Diarthrodes","Non-calanoid",2,31492
3822,"Dimisophria cavernicola","urn:lsid:marinespecies.org:taxname:119213","Dimisophria cavernicola Boxshall & Iliffe, 1987","Species","Animalia","Arthropoda","Copepoda","Misophrioida","Misophriidae","Dimisophria","Non-calanoid",1,
3823,"Diocus","urn:lsid:marinespecies.org:taxname:157742","Diocus Krøyer, 1863","Genus","Animalia","Arthropoda","Copepoda","Cyclopoida","Chondracanthidae","Diocus","Non-calanoid",2,
3825,"Dioithona horai","urn:lsid:marinespecies.org:taxname:358315","Dioithona horai (Sewell, 1934)","Species","Animalia","Arthropoda","Copepoda","Cyclopoida","Oithonidae","Dioithona","Non-calanoid",2,
3826,"Dioithona indogallica","urn:lsid:marinespecies.org:taxname:351061","Dioithona indogallica Lindberg, 1940","Species","Animalia","Arthropoda","Copepoda","Cyclopoida","Oithonidae","Dioithona","Non-calanoid",1,
3827,"Dioithona minuta","urn:lsid:marinespecies.org:taxname:346357","Dioithona minuta Shuvalov, 1980","Species","Animalia","Arthropoda","Copepoda","Cyclopoida","Oithonidae","Dioithona","Non-calanoid",2,
3828,"Dioithona oculata","urn:lsid:marinespecies.org:taxname:346358","Dioithona oculata (Farran, 1913)","Species","Animalia","Arthropoda","Copepoda","Cyclopoida","Oithonidae","Dioithona","Non-calanoid",4,28383
3829,"Dioithona propinqua","urn:lsid:marinespecies.org:taxname:346359","Dioithona propinqua Herbst, 1964","Species","Animalia","Arthropoda","Copepoda","Cyclopoida","Oithonidae","Dioithona","Non-calanoid",1,
3830,"Dioithona rigida","urn:lsid:marinespecies.org:taxname:346360","Dioithona rigida (Giesbrecht, 1896)","Species","Animalia","Arthropoda","Copepoda","Cyclopoida","Oithonidae","Dioithona","Non-calanoid",8,
3832,"Distioculus minor","urn:lsid:marinespecies.org:taxname:116381","Distioculus minor (Scott T., 1894)","Species","Animalia","Arthropoda","Copepoda","Harpacticoida","Miraciidae","Distioculus","Non-calanoid",8,29031
3833,"Ditrichocorycaeus","urn:lsid:marinespecies.org:taxname:128635","Ditrichocorycaeus Dahl M., 1912","Genus","Animalia","Arthropoda","Copepoda","Cyclopoida","Corycaeidae","Ditrichocorycaeus","Non-calanoid",2,
3834,"Ditrichocorycaeus affinis","urn:lsid:marinespecies.org:taxname:764943","Ditrichocorycaeus affinis (McMurrich, 1916)","Species","Animalia","Arthropoda","Copepoda","Cyclopoida","Corycaeidae","Ditrichocorycaeus","Non-calanoid",16,
3835,"Ditrichocorycaeus africanus","urn:lsid:marinespecies.org:taxname:128802","Ditrichocorycaeus africanus (Dahl F., 1894)","Species","Animalia","Arthropoda","Copepoda","Cyclopoida","Corycaeidae","Ditrichocorycaeus","Non-calanoid",2,
3836,"Ditrichocorycaeus amazonicus","urn:lsid:marinespecies.org:taxname:358326","Ditrichocorycaeus amazonicus (Dahl F., 1894)","Species","Animalia","Arthropoda","Copepoda","Cyclopoida","Corycaeidae","Ditrichocorycaeus","Non-calanoid",6,
3837,"Ditrichocorycaeus andrewsi","urn:lsid:marinespecies.org:taxname:128804","Ditrichocorycaeus andrewsi (Farran, 1911)","Species","Animalia","Arthropoda","Copepoda","Cyclopoida","Corycaeidae","Ditrichocorycaeus","Non-calanoid",5,27749
3838,"Ditrichocorycaeus anglicus","urn:lsid:marinespecies.org:taxname:128805","Ditrichocorycaeus anglicus (Lubbock, 1857)","Species","Animalia","Arthropoda","Copepoda","Cyclopoida","Corycaeidae","Ditrichocorycaeus","Non-calanoid",36,
3839,"Ditrichocorycaeus asiaticus","urn:lsid:marinespecies.org:taxname:358328","Ditrichocorycaeus asiaticus (Dahl F., 1894)","Species","Animalia","Arthropoda","Copepoda","Cyclopoida","Corycaeidae","Ditrichocorycaeus","Non-calanoid",5,
3840,"Ditrichocorycaeus aucklandicus","urn:lsid:marinespecies.org:taxname:764978","Ditrichocorycaeus aucklandicus (Krämer, 1895)","Species","Animalia","Arthropoda","Copepoda","Cyclopoida","Corycaeidae","Ditrichocorycaeus","Non-calanoid",8,
3841,"Ditrichocorycaeus brehmi","urn:lsid:marinespecies.org:taxname:128806","Ditrichocorycaeus brehmi (Steuer, 1910)","Species","Animalia","Arthropoda","Copepoda","Cyclopoida","Corycaeidae","Ditrichocorycaeus","Non-calanoid",18,
3842,"Ditrichocorycaeus dahli","urn:lsid:marinespecies.org:taxname:764980","Ditrichocorycaeus dahli (Tanaka, 1957)","Species","Animalia","Arthropoda","Copepoda","Cyclopoida","Corycaeidae","Ditrichocorycaeus","Non-calanoid",8,26855
3843,"Ditrichocorycaeus erythraeus","urn:lsid:marinespecies.org:taxname:764981","Ditrichocorycaeus erythraeus (Cleve, 1904)","Species","Animalia","Arthropoda","Copepoda","Cyclopoida","Corycaeidae","Ditrichocorycaeus","Non-calanoid",11,
3844,"Ditrichocorycaeus lubbocki","urn:lsid:marinespecies.org:taxname:128807","Ditrichocorycaeus lubbocki (Giesbrecht, 1891)","Species","Animalia","Arthropoda","Copepoda","Cyclopoida","Corycaeidae","Ditrichocorycaeus","Non-calanoid",1,26856
3845,"Ditrichocorycaeus minimus","urn:lsid:marinespecies.org:taxname:128808","Ditrichocorycaeus minimus (Dahl F., 1894)","Species","Animalia","Arthropoda","Copepoda","Cyclopoida","Corycaeidae","Ditrichocorycaeus","Non-calanoid",9,
3846,"Ditrichocorycaeus subtilis","urn:lsid:marinespecies.org:taxname:128809","Ditrichocorycaeus subtilis (Dahl M., 1912)","Species","Animalia","Arthropoda","Copepoda","Cyclopoida","Corycaeidae","Ditrichocorycaeus","Non-calanoid",2,81234
3847,"Ditrichocorycaeus tenuis","urn:lsid:marinespecies.org:taxname:128810","Ditrichocorycaeus tenuis (Giesbrecht, 1891)","Species","Animalia","Arthropoda","Copepoda","Cyclopoida","Corycaeidae","Ditrichocorycaeus","Non-calanoid",1,
3849,"Epicalymma","urn:lsid:marinespecies.org:taxname:128689","Epicalymma Heron, 1977","Genus","Animalia","Arthropoda","Copepoda","Cyclopoida","Oncaeidae","Epicalymma","Non-calanoid",6,
3850,"Epicalymma ancora","urn:lsid:marinespecies.org:taxname:128918","Epicalymma ancora (Gordeeva K.T., 1973)","Species","Animalia","Arthropoda","Copepoda","Cyclopoida","Oncaeidae","Epicalymma","Non-calanoid",1,
3851,"Epicalymma brittoni","urn:lsid:marinespecies.org:taxname:128919","Epicalymma brittoni Heron, English & Damkaer, 1984","Species","Animalia","Arthropoda","Copepoda","Cyclopoida","Oncaeidae","Epicalymma","Non-calanoid",1,28554
3852,"Epicalymma bulbosa","urn:lsid:marinespecies.org:taxname:424072","Epicalymma bulbosa Böttger-Schnack, 2009","Species","Animalia","Arthropoda","Copepoda","Cyclopoida","Oncaeidae","Epicalymma","Non-calanoid",2,
3853,"Epicalymma exigua","urn:lsid:marinespecies.org:taxname:128920","Epicalymma exigua (Farran, 1908)","Species","Animalia","Arthropoda","Copepoda","Cyclopoida","Oncaeidae","Epicalymma","Non-calanoid",5,28555
3854,"Epicalymma schmitti","urn:lsid:marinespecies.org:taxname:128921","Epicalymma schmitti Heron, 1977","Species","Animalia","Arthropoda","Copepoda","Cyclopoida","Oncaeidae","Epicalymma","Non-calanoid",2,28556
3855,"Epicalymma umbonata","urn:lsid:marinespecies.org:taxname:128922","Epicalymma umbonata Heron, 1977","Species","Animalia","Arthropoda","Copepoda","Cyclopoida","Oncaeidae","Epicalymma","Non-calanoid",2,28557
3856,"Epicalymma vervoorti","urn:lsid:marinespecies.org:taxname:346397","Epicalymma vervoorti Heron, English & Damkaer, 1984","Species","Animalia","Arthropoda","Copepoda","Cyclopoida","Oncaeidae","Epicalymma","Non-calanoid",2,28558
3857,"Ergasilida","urn:lsid:marinespecies.org:taxname:1381349","Ergasilida Khodami, Mercado-Salas, Tang & Martinez Arbizu, 2019","Suborder","Animalia","Arthropoda","Copepoda","Cyclopoida",,,"Non-calanoid",4,
3859,"Euterpina acutifrons","urn:lsid:marinespecies.org:taxname:116162","Euterpina acutifrons (Dana, 1847)","Species","Animalia","Arthropoda","Copepoda","Harpacticoida","Tachidiidae","Euterpina","Non-calanoid",64,30097
3861,"Expansophria apoda","urn:lsid:marinespecies.org:taxname:346459","Expansophria apoda Boxshall & Iliffe, 1987","Species","Animalia","Arthropoda","Copepoda","Misophrioida","Speleophriidae","Expansophria","Non-calanoid",1,
3862,"Expansophria dimorpha","urn:lsid:marinespecies.org:taxname:119214","Expansophria dimorpha Boxshall & Iliffe, 1987","Species","Animalia","Arthropoda","Copepoda","Misophrioida","Speleophriidae","Expansophria","Non-calanoid",2,
3863,"Expansophria galapagensis","urn:lsid:marinespecies.org:taxname:346460","Expansophria galapagensis Boxshall & Iliffe, 1990","Species","Animalia","Arthropoda","Copepoda","Misophrioida","Speleophriidae","Expansophria","Non-calanoid",1,
3865,"Farranula carinata","urn:lsid:marinespecies.org:taxname:128811","Farranula carinata (Giesbrecht, 1891)","Species","Animalia","Arthropoda","Copepoda","Cyclopoida","Corycaeidae","Farranula","Non-calanoid",23,31632
3866,"Farranula concinna","urn:lsid:marinespecies.org:taxname:346476","Farranula concinna (Dana, 1849)","Species","Animalia","Arthropoda","Copepoda","Cyclopoida","Corycaeidae","Farranula","Non-calanoid",11,26859
3867,"Farranula curta","urn:lsid:marinespecies.org:taxname:128812","Farranula curta (Farran, 1911)","Species","Animalia","Arthropoda","Copepoda","Cyclopoida","Corycaeidae","Farranula","Non-calanoid",11,26860
3868,"Farranula gibbula","urn:lsid:marinespecies.org:taxname:346477","Farranula gibbula (Giesbrecht, 1891)","Species","Animalia","Arthropoda","Copepoda","Cyclopoida","Corycaeidae","Farranula","Non-calanoid",11,26861
3869,"Farranula gracilis","urn:lsid:marinespecies.org:taxname:128813","Farranula gracilis (Dana, 1849)","Species","Animalia","Arthropoda","Copepoda","Cyclopoida","Corycaeidae","Farranula","Non-calanoid",11,31631
3870,"Farranula longicaudis","urn:lsid:marinespecies.org:taxname:358643","Farranula longicaudis (Dana, 1849)","Species","Animalia","Arthropoda","Copepoda","Cyclopoida","Corycaeidae","Farranula","Non-calanoid",1,
3871,"Farranula orbisa","urn:lsid:marinespecies.org:taxname:743918","Farranula orbisa Wi & Soh, 2013","Species","Animalia","Arthropoda","Copepoda","Cyclopoida","Corycaeidae","Farranula","Non-calanoid",2,
3872,"Farranula rostrata","urn:lsid:marinespecies.org:taxname:128814","Farranula rostrata (Claus, 1863)","Species","Animalia","Arthropoda","Copepoda","Cyclopoida","Corycaeidae","Farranula","Non-calanoid",24,31633
3874,"Fosshageniella glabra","urn:lsid:marinespecies.org:taxname:119207","Fosshageniella glabra Jaume & Boxshall, 1997","Species","Animalia","Arthropoda","Copepoda","Misophrioida","Misophriidae","Fosshageniella","Non-calanoid",2,29163
3876,"Giselina cristata","urn:lsid:marinespecies.org:taxname:346501","Giselina cristata Martínez Arbizu, 2000","Species","Animalia","Arthropoda","Copepoda","Cyclopoida","Giselinidae","Giselina","Non-calanoid",1,
3877,"Giselina gerdesi","urn:lsid:marinespecies.org:taxname:346502","Giselina gerdesi Martínez Arbizu, 2000","Species","Animalia","Arthropoda","Copepoda","Cyclopoida","Giselinidae","Giselina","Non-calanoid",1,
3880,"Goniopsyllus brasiliensis","urn:lsid:marinespecies.org:taxname:346508","Goniopsyllus brasiliensis Huys & Conroy-Dalton, 2000","Species","Animalia","Arthropoda","Copepoda","Harpacticoida","Peltidiidae","Goniopsyllus","Non-calanoid",1,
3881,"Goniopsyllus clausi","urn:lsid:marinespecies.org:taxname:346509","Goniopsyllus clausi Huys & Conroy-Dalton, 2000","Species","Animalia","Arthropoda","Copepoda","Harpacticoida","Peltidiidae","Goniopsyllus","Non-calanoid",5,
3882,"Goniopsyllus dokdoensis","urn:lsid:marinespecies.org:taxname:503155","Goniopsyllus dokdoensis Cho, W.S. Kim & Lee, 2010","Species","Animalia","Arthropoda","Copepoda","Harpacticoida","Peltidiidae","Goniopsyllus","Non-calanoid",2,
3883,"Goniopsyllus rostratus","urn:lsid:marinespecies.org:taxname:346510","Goniopsyllus rostratus Brady, 1883","Species","Animalia","Arthropoda","Copepoda","Harpacticoida","Peltidiidae","Goniopsyllus","Non-calanoid",17,
3885,"Haplopodia petersoni","urn:lsid:marinespecies.org:taxname:346523","Haplopodia petersoni (Heron & Damkaer, 1978)","Species","Animalia","Arthropoda","Copepoda","Cyclopoida","Lubbockiidae","Haplopodia","Non-calanoid",4,27898
3887,"Harpacticoida","urn:lsid:marinespecies.org:taxname:1102","Harpacticoida Sars G.O., 1903","Order","Animalia","Arthropoda","Copepoda","Harpacticoida",,,"Non-calanoid",5,
3889,"Harpacticus uniremis uniremis","urn:lsid:marinespecies.org:taxname:116863","Harpacticus uniremis uniremis Krøyer in Gaimard, 1842-1845?","Species","Animalia","Arthropoda","Copepoda","Harpacticoida","Harpacticidae","Harpacticus","Non-calanoid",1,
3891,"Heterochondria","urn:lsid:marinespecies.org:taxname:347251","Heterochondria Yu, 1935","Genus","Animalia","Arthropoda","Copepoda","Cyclopoida","Chondracanthidae","Heterochondria","Non-calanoid",2,
3892,"Hoia","urn:lsid:marinespecies.org:taxname:347259","Hoia Avdeev & Kazachenko, 1986","Genus","Animalia","Arthropoda","Copepoda","Cyclopoida","Chondracanthidae","Hoia","Non-calanoid",2,
3894,"Homeognathia brevis","urn:lsid:marinespecies.org:taxname:128892","Homeognathia brevis (Farran, 1908)","Species","Animalia","Arthropoda","Copepoda","Cyclopoida","Lubbockiidae","Homeognathia","Non-calanoid",7,27899
3895,"Homeognathia flemingi","urn:lsid:marinespecies.org:taxname:360830","Homeognathia flemingi (Heron & Damkaer, 1978)","Species","Animalia","Arthropoda","Copepoda","Cyclopoida","Lubbockiidae","Homeognathia","Non-calanoid",4,27900
3897,"Huntemannia jadensis","urn:lsid:marinespecies.org:taxname:116190","Huntemannia jadensis Poppe, 1884","Species","Animalia","Arthropoda","Copepoda","Harpacticoida","Nannopodidae","Huntemannia","Non-calanoid",1,29691
3899,"Huysia bahamensis","urn:lsid:marinespecies.org:taxname:346563","Huysia bahamensis Jaume, Boxshall & Iliffe, 1998","Species","Animalia","Arthropoda","Copepoda","Misophrioida","Speleophriidae","Huysia","Non-calanoid",2,
3901,"Hyalopontius alatus","urn:lsid:marinespecies.org:taxname:135894","Hyalopontius alatus Boxshall, 1979","Species","Animalia","Arthropoda","Copepoda","Siphonostomatoida","Megapontiidae","Hyalopontius","Non-calanoid",1,
3902,"Hyalopontius boxshalli","urn:lsid:marinespecies.org:taxname:346564","Hyalopontius boxshalli Humes, 1988","Species","Animalia","Arthropoda","Copepoda","Siphonostomatoida","Megapontiidae","Hyalopontius","Non-calanoid",1,72234
3903,"Hyalopontius cinctus","urn:lsid:marinespecies.org:taxname:135895","Hyalopontius cinctus Boxshall, 1979","Species","Animalia","Arthropoda","Copepoda","Siphonostomatoida","Megapontiidae","Hyalopontius","Non-calanoid",1,
3904,"Hyalopontius enormis","urn:lsid:marinespecies.org:taxname:135896","Hyalopontius enormis Boxshall, 1979","Species","Animalia","Arthropoda","Copepoda","Siphonostomatoida","Megapontiidae","Hyalopontius","Non-calanoid",1,25761
3905,"Hyalopontius hulsemannae","urn:lsid:marinespecies.org:taxname:135897","Hyalopontius hulsemannae Boxshall, 1979","Species","Animalia","Arthropoda","Copepoda","Siphonostomatoida","Megapontiidae","Hyalopontius","Non-calanoid",1,
3906,"Hyalopontius pleurospinosus","urn:lsid:marinespecies.org:taxname:346565","Hyalopontius pleurospinosus (Heptner, 1968)","Species","Animalia","Arthropoda","Copepoda","Siphonostomatoida","Megapontiidae","Hyalopontius","Non-calanoid",1,
3907,"Hyalopontius roei","urn:lsid:marinespecies.org:taxname:135898","Hyalopontius roei Boxshall, 1979","Species","Animalia","Arthropoda","Copepoda","Siphonostomatoida","Megapontiidae","Hyalopontius","Non-calanoid",1,
3908,"Hyalopontius spinatus","urn:lsid:marinespecies.org:taxname:135899","Hyalopontius spinatus Boxshall, 1979","Species","Animalia","Arthropoda","Copepoda","Siphonostomatoida","Megapontiidae","Hyalopontius","Non-calanoid",1,
3909,"Hyalopontius typicus","urn:lsid:marinespecies.org:taxname:135900","Hyalopontius typicus Sars G.O., 1909","Species","Animalia","Arthropoda","Copepoda","Siphonostomatoida","Megapontiidae","Hyalopontius","Non-calanoid",2,171773
3911,"Jamstecia terazakii","urn:lsid:marinespecies.org:taxname:346577","Jamstecia terazakii Lee W. & Huys, 2000","Species","Animalia","Arthropoda","Copepoda","Harpacticoida","Aegisthidae","Jamstecia","Non-calanoid",1,72176
3912,"Juanettia","urn:lsid:marinespecies.org:taxname:347333","Juanettia Wilson C.B., 1921","Genus","Animalia","Arthropoda","Copepoda","Cyclopoida","Chondracanthidae","Juanettia","Non-calanoid",2,
3913,"Jusheyhoea","urn:lsid:marinespecies.org:taxname:347335","Jusheyhoea Villalba & Fernandez, 1985","Genus","Animalia","Arthropoda","Copepoda","Cyclopoida","Chondracanthidae","Jusheyhoea","Non-calanoid",2,
3914,"Lagochondria","urn:lsid:marinespecies.org:taxname:347363","Lagochondria Ho & Dojiri, 1988","Genus","Animalia","Arthropoda","Copepoda","Cyclopoida","Chondracanthidae","Lagochondria","Non-calanoid",2,
3916,"Laitmatobius crinitus","urn:lsid:marinespecies.org:taxname:346617","Laitmatobius crinitus Humes, 1987","Species","Animalia","Arthropoda","Copepoda","Cyclopoida","Lubbockiidae","Laitmatobius","Non-calanoid",1,27901
3918,"Lateracanthus","urn:lsid:marinespecies.org:taxname:347376","Lateracanthus Kabata & Gusev, 1966","Genus","Animalia","Arthropoda","Copepoda","Cyclopoida","Chondracanthidae","Lateracanthus","Non-calanoid",2,
3920,"Lepeophtheirus acutus","urn:lsid:marinespecies.org:taxname:352707","Lepeophtheirus acutus Heegaard, 1943","Species","Animalia","Arthropoda","Copepoda","Siphonostomatoida","Caligidae","Lepeophtheirus","Non-calanoid",2,
3921,"Lepeophtheirus bagri","urn:lsid:marinespecies.org:taxname:358935","Lepeophtheirus bagri Dana, 1849","Species","Animalia","Arthropoda","Copepoda","Siphonostomatoida","Caligidae","Lepeophtheirus","Non-calanoid",2,31791
3922,"Lepeophtheirus elegans","urn:lsid:marinespecies.org:taxname:352721","Lepeophtheirus elegans Gusev, 1951","Species","Animalia","Arthropoda","Copepoda","Siphonostomatoida","Caligidae","Lepeophtheirus","Non-calanoid",2,
3923,"Lepeophtheirus salmonis salmonis","urn:lsid:marinespecies.org:taxname:762378","Lepeophtheirus salmonis salmonis (Krøyer, 1837)","Subspecies","Animalia","Arthropoda","Copepoda","Siphonostomatoida","Caligidae","Lepeophtheirus","Non-calanoid",3,
3924,"Lernentoma","urn:lsid:marinespecies.org:taxname:128619","Lernentoma Blainville, 1822","Genus","Animalia","Arthropoda","Copepoda","Cyclopoida","Chondracanthidae","Lernentoma","Non-calanoid",2,
3926,"Limnoithona tetraspina","urn:lsid:marinespecies.org:taxname:346621","Limnoithona tetraspina Zhang & Li, 1976","Species","Animalia","Arthropoda","Copepoda","Cyclopoida","Cyclopettidae","Limnoithona","Non-calanoid",3,28385
3928,"Lubbockia aculeata","urn:lsid:marinespecies.org:taxname:128893","Lubbockia aculeata Giesbrecht, 1891","Species","Animalia","Arthropoda","Copepoda","Cyclopoida","Lubbockiidae","Lubbockia","Non-calanoid",11,31588
3929,"Lubbockia extenuata","urn:lsid:marinespecies.org:taxname:346625","Lubbockia extenuata Boxshall, 1977","Species","Animalia","Arthropoda","Copepoda","Cyclopoida","Lubbockiidae","Lubbockia","Non-calanoid",4,
3930,"Lubbockia marukawai","urn:lsid:marinespecies.org:taxname:346626","Lubbockia marukawai Mori, 1937","Species","Animalia","Arthropoda","Copepoda","Cyclopoida","Lubbockiidae","Lubbockia","Non-calanoid",1,
3931,"Lubbockia squillimana","urn:lsid:marinespecies.org:taxname:128894","Lubbockia squillimana Claus, 1863","Species","Animalia","Arthropoda","Copepoda","Cyclopoida","Lubbockiidae","Lubbockia","Non-calanoid",24,31589
3932,"Lubbockia wilsonae","urn:lsid:marinespecies.org:taxname:344609","Lubbockia wilsonae Heron & Damkaer, 1969","Species","Animalia","Arthropoda","Copepoda","Cyclopoida","Lubbockiidae","Lubbockia","Non-calanoid",4,31587
3934,"Macrosetella","urn:lsid:marinespecies.org:taxname:115408","Macrosetella Scott A., 1909","Genus","Animalia","Arthropoda","Copepoda","Harpacticoida","Miraciidae","Macrosetella","Non-calanoid",19,
3935,"Macrosetella gracilis","urn:lsid:marinespecies.org:taxname:116382","Macrosetella gracilis (Dana, 1846)","Species","Animalia","Arthropoda","Copepoda","Harpacticoida","Miraciidae","Macrosetella","Non-calanoid",20,31464
3937,"Maemonstrilla crenulata","urn:lsid:marinespecies.org:taxname:760140","Maemonstrilla crenulata Suárez-Morales & McKinnon, 2014","Species","Animalia","Arthropoda","Copepoda","Monstrilloida","Monstrillidae","Maemonstrilla","Non-calanoid",1,
3938,"Maemonstrilla hoi","urn:lsid:marinespecies.org:taxname:760138","Maemonstrilla hoi Suárez-Morales & McKinnon, 2014","Species","Animalia","Arthropoda","Copepoda","Monstrilloida","Monstrillidae","Maemonstrilla","Non-calanoid",1,
3939,"Maemonstrilla hyottoko","urn:lsid:marinespecies.org:taxname:362508","Maemonstrilla hyottoko Grygier & Ohtsuka, 2008","Species","Animalia","Arthropoda","Copepoda","Monstrilloida","Monstrillidae","Maemonstrilla","Non-calanoid",1,
3940,"Maemonstrilla longipes","urn:lsid:marinespecies.org:taxname:362514","Maemonstrilla longipes (Scott A., 1909)","Species","Animalia","Arthropoda","Copepoda","Monstrilloida","Monstrillidae","Maemonstrilla","Non-calanoid",1,
3941,"Maemonstrilla ohtsukai","urn:lsid:marinespecies.org:taxname:760135","Maemonstrilla ohtsukai Suárez-Morales & McKinnon, 2014","Species","Animalia","Arthropoda","Copepoda","Monstrilloida","Monstrillidae","Maemonstrilla","Non-calanoid",1,
3942,"Maemonstrilla okame","urn:lsid:marinespecies.org:taxname:362512","Maemonstrilla okame Grygier & Ohtsuka, 2008","Species","Animalia","Arthropoda","Copepoda","Monstrilloida","Monstrillidae","Maemonstrilla","Non-calanoid",1,
3943,"Maemonstrilla polka","urn:lsid:marinespecies.org:taxname:362509","Maemonstrilla polka Grygier & Ohtsuka, 2008","Species","Animalia","Arthropoda","Copepoda","Monstrilloida","Monstrillidae","Maemonstrilla","Non-calanoid",1,
3944,"Maemonstrilla protuberans","urn:lsid:marinespecies.org:taxname:760139","Maemonstrilla protuberans Suárez-Morales & McKinnon, 2014","Species","Animalia","Arthropoda","Copepoda","Monstrilloida","Monstrillidae","Maemonstrilla","Non-calanoid",1,
3945,"Maemonstrilla simplex","urn:lsid:marinespecies.org:taxname:362511","Maemonstrilla simplex Grygier & Ohtsuka, 2008","Species","Animalia","Arthropoda","Copepoda","Monstrilloida","Monstrillidae","Maemonstrilla","Non-calanoid",1,
3946,"Maemonstrilla spinicoxa","urn:lsid:marinespecies.org:taxname:362510","Maemonstrilla spinicoxa Grygier & Ohtsuka, 2008","Species","Animalia","Arthropoda","Copepoda","Monstrilloida","Monstrillidae","Maemonstrilla","Non-calanoid",1,
3947,"Maemonstrilla turgida","urn:lsid:marinespecies.org:taxname:362513","Maemonstrilla turgida (Scott A., 1909)","Species","Animalia","Arthropoda","Copepoda","Monstrilloida","Monstrillidae","Maemonstrilla","Non-calanoid",1,
3948,"Mecaderochondria","urn:lsid:marinespecies.org:taxname:347459","Mecaderochondria Ho & Dojiri, 1987","Genus","Animalia","Arthropoda","Copepoda","Cyclopoida","Chondracanthidae","Mecaderochondria","Non-calanoid",2,
3949,"Medesicaste","urn:lsid:marinespecies.org:taxname:347462","Medesicaste Krøyer, 1863","Genus","Animalia","Arthropoda","Copepoda","Cyclopoida","Chondracanthidae","Medesicaste","Non-calanoid",2,
3952,"Metacaligus latus","urn:lsid:marinespecies.org:taxname:366088","Metacaligus latus Ho & Lin, 2002","Species","Animalia","Arthropoda","Copepoda","Siphonostomatoida","Caligidae","Metacaligus","Non-calanoid",2,
3953,"Metacaligus rufus","urn:lsid:marinespecies.org:taxname:366085","Metacaligus rufus (Wilson C.B., 1908)","Species","Animalia","Arthropoda","Copepoda","Siphonostomatoida","Caligidae","Metacaligus","Non-calanoid",2,28756
3954,"Metacaligus unguidentatus","urn:lsid:marinespecies.org:taxname:596515","Metacaligus unguidentatus (Rangnekar & Murti, 1950)","Species","Animalia","Arthropoda","Copepoda","Siphonostomatoida","Caligidae","Metacaligus","Non-calanoid",2,
3955,"Metacaligus yucatanensis","urn:lsid:marinespecies.org:taxname:710879","Metacaligus yucatanensis Suárez-Morales, Kim I.H. & Escamilla, 2012","Species","Animalia","Arthropoda","Copepoda","Siphonostomatoida","Caligidae","Metacaligus","Non-calanoid",2,
3956,"Microsetella","urn:lsid:marinespecies.org:taxname:115341","Microsetella Brady & Robertson, 1873","Genus","Animalia","Arthropoda","Copepoda","Harpacticoida","Ectinosomatidae","Microsetella","Non-calanoid",3,
3957,"Microsetella norvegica","urn:lsid:marinespecies.org:taxname:116115","Microsetella norvegica (Boeck, 1865)","Species","Animalia","Arthropoda","Copepoda","Harpacticoida","Ectinosomatidae","Microsetella","Non-calanoid",79,29873
3958,"Microsetella rosea","urn:lsid:marinespecies.org:taxname:116116","Microsetella rosea (Dana, 1847)","Species","Animalia","Arthropoda","Copepoda","Harpacticoida","Ectinosomatidae","Microsetella","Non-calanoid",24,29874
3960,"Miracia efferata","urn:lsid:marinespecies.org:taxname:116383","Miracia efferata Dana, 1849","Species","Animalia","Arthropoda","Copepoda","Harpacticoida","Miraciidae","Miracia","Non-calanoid",9,31466
3964,"Misophria pallida","urn:lsid:marinespecies.org:taxname:119208","Misophria pallida Boeck, 1865","Species","Animalia","Arthropoda","Copepoda","Misophrioida","Misophriidae","Misophria","Non-calanoid",2,26999
3966,"Misophriella schminkei","urn:lsid:marinespecies.org:taxname:344695","Misophriella schminkei Martínez Arbizu & Jaume, 1999","Species","Animalia","Arthropoda","Copepoda","Misophrioida","Misophriidae","Misophriella","Non-calanoid",1,
3967,"Misophriella tetraspina","urn:lsid:marinespecies.org:taxname:119209","Misophriella tetraspina Boxshall, 1983","Species","Animalia","Arthropoda","Copepoda","Misophrioida","Misophriidae","Misophriella","Non-calanoid",1,
3968,"Misophriidae","urn:lsid:marinespecies.org:taxname:119187","Misophriidae Brady, 1878","Family","Animalia","Arthropoda","Copepoda","Misophrioida","Misophriidae",,"Non-calanoid",1,
3969,"Misophrioida","urn:lsid:marinespecies.org:taxname:22597","Misophrioida Gurney, 1933","Order","Animalia","Arthropoda","Copepoda","Misophrioida",,,"Non-calanoid",2,
3971,"Misophriopsis australis","urn:lsid:marinespecies.org:taxname:344694","Misophriopsis australis Martínez Arbizu & Jaume, 1999","Species","Animalia","Arthropoda","Copepoda","Misophrioida","Misophriidae","Misophriopsis","Non-calanoid",1,
3972,"Misophriopsis dichotoma","urn:lsid:marinespecies.org:taxname:119210","Misophriopsis dichotoma Boxshall, 1983","Species","Animalia","Arthropoda","Copepoda","Misophrioida","Misophriidae","Misophriopsis","Non-calanoid",1,
3973,"Misophriopsis longicauda","urn:lsid:marinespecies.org:taxname:348215","Misophriopsis longicauda Humes, 1999","Species","Animalia","Arthropoda","Copepoda","Misophrioida","Misophriidae","Misophriopsis","Non-calanoid",2,
3974,"Misophriopsis okinawensis","urn:lsid:marinespecies.org:taxname:348216","Misophriopsis okinawensis Huys, Ohtsuka, Boxshall & Itô Tat, 1992","Species","Animalia","Arthropoda","Copepoda","Misophrioida","Misophriidae","Misophriopsis","Non-calanoid",2,
3975,"Misophriopsis sinensis","urn:lsid:marinespecies.org:taxname:348217","Misophriopsis sinensis (Boxshall, 1990)","Species","Animalia","Arthropoda","Copepoda","Misophrioida","Misophriidae","Misophriopsis","Non-calanoid",1,173055
3977,"Monothula subtilis","urn:lsid:marinespecies.org:taxname:237984","Monothula subtilis (Giesbrecht, 1893)","Species","Animalia","Arthropoda","Copepoda","Cyclopoida","Oncaeidae","Monothula","Non-calanoid",30,
3978,"Monstrilla","urn:lsid:marinespecies.org:taxname:119780","Monstrilla Dana, 1849","Genus","Animalia","Arthropoda","Copepoda","Monstrilloida","Monstrillidae","Monstrilla","Non-calanoid",2,
3979,"Monstrilla anglica","urn:lsid:marinespecies.org:taxname:119797","Monstrilla anglica Lubbock, 1857","Species","Animalia","Arthropoda","Copepoda","Monstrilloida","Monstrillidae","Monstrilla","Non-calanoid",4,27608
3980,"Monstrilla angustipes","urn:lsid:marinespecies.org:taxname:729939","Monstrilla angustipes (Isaac, 1974)","Species","Animalia","Arthropoda","Copepoda","Monstrilloida","Monstrillidae","Monstrilla","Non-calanoid",2,
3981,"Monstrilla armoricana","urn:lsid:marinespecies.org:taxname:889408","Monstrilla armoricana (Hesse, 1868)","Species","Animalia","Arthropoda","Copepoda","Monstrilloida","Monstrillidae","Monstrilla","Non-calanoid",2,
3982,"Monstrilla bahiana","urn:lsid:marinespecies.org:taxname:361907","Monstrilla bahiana Suárez-Morales & Dias, 2001","Species","Animalia","Arthropoda","Copepoda","Monstrilloida","Monstrillidae","Monstrilla","Non-calanoid",1,
3983,"Monstrilla barbata","urn:lsid:marinespecies.org:taxname:353538","Monstrilla barbata Suárez-Morales & Gasca-Serrano, 1992","Species","Animalia","Arthropoda","Copepoda","Monstrilloida","Monstrillidae","Monstrilla","Non-calanoid",1,
3984,"Monstrilla brevicornis","urn:lsid:marinespecies.org:taxname:353539","Monstrilla brevicornis Isaac, 1974","Species","Animalia","Arthropoda","Copepoda","Monstrilloida","Monstrillidae","Monstrilla","Non-calanoid",1,
3985,"Monstrilla capitellicola","urn:lsid:marinespecies.org:taxname:353540","Monstrilla capitellicola Hartman, 1961","Species","Animalia","Arthropoda","Copepoda","Monstrilloida","Monstrillidae","Monstrilla","Non-calanoid",1,
3986,"Monstrilla careli","urn:lsid:marinespecies.org:taxname:361747","Monstrilla careli Suárez-Morales & Dias, 2000","Species","Animalia","Arthropoda","Copepoda","Monstrilloida","Monstrillidae","Monstrilla","Non-calanoid",1,
3987,"Monstrilla careloides","urn:lsid:marinespecies.org:taxname:361877","Monstrilla careloides Suárez-Morales, 2001","Species","Animalia","Arthropoda","Copepoda","Monstrilloida","Monstrillidae","Monstrilla","Non-calanoid",1,
3988,"Monstrilla ciqroi","urn:lsid:marinespecies.org:taxname:743383","Monstrilla ciqroi (Suárez-Morales, 1993)","Species","Animalia","Arthropoda","Copepoda","Monstrilloida","Monstrillidae","Monstrilla","Non-calanoid",1,
3989,"Monstrilla conjunctiva","urn:lsid:marinespecies.org:taxname:119798","Monstrilla conjunctiva Giesbrecht, 1902","Species","Animalia","Arthropoda","Copepoda","Monstrilloida","Monstrillidae","Monstrilla","Non-calanoid",4,27609
3990,"Monstrilla cymbula","urn:lsid:marinespecies.org:taxname:353541","Monstrilla cymbula Scott A., 1909","Species","Animalia","Arthropoda","Copepoda","Monstrilloida","Monstrillidae","Monstrilla","Non-calanoid",1,
3991,"Monstrilla elongata","urn:lsid:marinespecies.org:taxname:353542","Monstrilla elongata Suárez-Morales, 1994","Species","Animalia","Arthropoda","Copepoda","Monstrilloida","Monstrillidae","Monstrilla","Non-calanoid",1,
3992,"Monstrilla floridana","urn:lsid:marinespecies.org:taxname:149795","Monstrilla floridana Davis, 1949","Species","Animalia","Arthropoda","Copepoda","Monstrilloida","Monstrillidae","Monstrilla","Non-calanoid",2,29164
3993,"Monstrilla gibbosa","urn:lsid:marinespecies.org:taxname:356733","Monstrilla gibbosa Suárez-Morales & Palomares-García, 1995","Species","Animalia","Arthropoda","Copepoda","Monstrilloida","Monstrillidae","Monstrilla","Non-calanoid",1,
3994,"Monstrilla globosa","urn:lsid:marinespecies.org:taxname:362093","Monstrilla globosa Suárez-Morales, 2003","Species","Animalia","Arthropoda","Copepoda","Monstrilloida","Monstrillidae","Monstrilla","Non-calanoid",1,
3995,"Monstrilla gracilicauda","urn:lsid:marinespecies.org:taxname:119800","Monstrilla gracilicauda Giesbrecht, 1893","Species","Animalia","Arthropoda","Copepoda","Monstrilloida","Monstrillidae","Monstrilla","Non-calanoid",4,27610
3996,"Monstrilla grandis","urn:lsid:marinespecies.org:taxname:119801","Monstrilla grandis Giesbrecht, 1891","Species","Animalia","Arthropoda","Copepoda","Monstrilloida","Monstrillidae","Monstrilla","Non-calanoid",6,27611
3997,"Monstrilla grygieri","urn:lsid:marinespecies.org:taxname:361639","Monstrilla grygieri Suárez-Morales, 2000","Species","Animalia","Arthropoda","Copepoda","Monstrilloida","Monstrillidae","Monstrilla","Non-calanoid",1,
3998,"Monstrilla humesi","urn:lsid:marinespecies.org:taxname:361968","Monstrilla humesi Suárez-Morales, 2001","Species","Animalia","Arthropoda","Copepoda","Monstrilloida","Monstrillidae","Monstrilla","Non-calanoid",1,
3999,"Monstrilla inserta","urn:lsid:marinespecies.org:taxname:353545","Monstrilla inserta Scott A., 1909","Species","Animalia","Arthropoda","Copepoda","Monstrilloida","Monstrillidae","Monstrilla","Non-calanoid",1,
4000,"Monstrilla investigatoris","urn:lsid:marinespecies.org:taxname:353546","Monstrilla investigatoris Sewell, 1949","Species","Animalia","Arthropoda","Copepoda","Monstrilloida","Monstrillidae","Monstrilla","Non-calanoid",1,
4001,"Monstrilla lata","urn:lsid:marinespecies.org:taxname:149807","Monstrilla lata Desai & Bal, 1962","Species","Animalia","Arthropoda","Copepoda","Monstrilloida","Monstrillidae","Monstrilla","Non-calanoid",4,
4002,"Monstrilla leucopis","urn:lsid:marinespecies.org:taxname:149797","Monstrilla leucopis Sars G.O., 1921","Species","Animalia","Arthropoda","Copepoda","Monstrilloida","Monstrillidae","Monstrilla","Non-calanoid",3,
4003,"Monstrilla longa","urn:lsid:marinespecies.org:taxname:362550","Monstrilla longa (Isaac, 1974)","Species","Animalia","Arthropoda","Copepoda","Monstrilloida","Monstrillidae","Monstrilla","Non-calanoid",1,
4004,"Monstrilla longicornis","urn:lsid:marinespecies.org:taxname:119804","Monstrilla longicornis Thompson I.C., 1890","Species","Animalia","Arthropoda","Copepoda","Monstrilloida","Monstrillidae","Monstrilla","Non-calanoid",9,31727
4005,"Monstrilla longiremis","urn:lsid:marinespecies.org:taxname:119805","Monstrilla longiremis Giesbrecht, 1893","Species","Animalia","Arthropoda","Copepoda","Monstrilloida","Monstrillidae","Monstrilla","Non-calanoid",8,31723
4006,"Monstrilla mariaeugeniae","urn:lsid:marinespecies.org:taxname:353548","Monstrilla mariaeugeniae Suárez-Morales & Islas-Landeros, 1993","Species","Animalia","Arthropoda","Copepoda","Monstrilloida","Monstrillidae","Monstrilla","Non-calanoid",2,
4007,"Monstrilla marioi","urn:lsid:marinespecies.org:taxname:362092","Monstrilla marioi Suárez-Morales, 2003","Species","Animalia","Arthropoda","Copepoda","Monstrilloida","Monstrillidae","Monstrilla","Non-calanoid",1,
4008,"Monstrilla minuta","urn:lsid:marinespecies.org:taxname:119806","Monstrilla minuta Isaac, 1975","Species","Animalia","Arthropoda","Copepoda","Monstrilloida","Monstrillidae","Monstrilla","Non-calanoid",2,27612
4009,"Monstrilla mixta","urn:lsid:marinespecies.org:taxname:345852","Monstrilla mixta Scott T., 1914","Species","Animalia","Arthropoda","Copepoda","Monstrilloida","Monstrillidae","Monstrilla","Non-calanoid",1,
4010,"Monstrilla nasuta","urn:lsid:marinespecies.org:taxname:353549","Monstrilla nasuta Davis & Green, 1974","Species","Animalia","Arthropoda","Copepoda","Monstrilloida","Monstrillidae","Monstrilla","Non-calanoid",1,29165
4011,"Monstrilla nicholsii","urn:lsid:marinespecies.org:taxname:362552","Monstrilla nicholsii Davis, 1949","Species","Animalia","Arthropoda","Copepoda","Monstrilloida","Monstrillidae","Monstrilla","Non-calanoid",1,
4012,"Monstrilla obesa","urn:lsid:marinespecies.org:taxname:119807","Monstrilla obesa Isaac, 1975","Species","Animalia","Arthropoda","Copepoda","Monstrilloida","Monstrillidae","Monstrilla","Non-calanoid",4,
4013,"Monstrilla orcula","urn:lsid:marinespecies.org:taxname:353550","Monstrilla orcula Scott A., 1909","Species","Animalia","Arthropoda","Copepoda","Monstrilloida","Monstrillidae","Monstrilla","Non-calanoid",1,
4014,"Monstrilla papilliremis","urn:lsid:marinespecies.org:taxname:353552","Monstrilla papilliremis Isaac, 1975","Species","Animalia","Arthropoda","Copepoda","Monstrilloida","Monstrillidae","Monstrilla","Non-calanoid",1,
4015,"Monstrilla pustulata","urn:lsid:marinespecies.org:taxname:361803","Monstrilla pustulata Suárez-Morales & Dias, 2001","Species","Animalia","Arthropoda","Copepoda","Monstrilloida","Monstrillidae","Monstrilla","Non-calanoid",1,
4016,"Monstrilla rebis","urn:lsid:marinespecies.org:taxname:353553","Monstrilla rebis Suárez-Morales, 1993","Species","Animalia","Arthropoda","Copepoda","Monstrilloida","Monstrillidae","Monstrilla","Non-calanoid",1,
4017,"Monstrilla reidae","urn:lsid:marinespecies.org:taxname:353554","Monstrilla reidae Suárez-Morales, 1993","Species","Animalia","Arthropoda","Copepoda","Monstrilloida","Monstrillidae","Monstrilla","Non-calanoid",1,
4018,"Monstrilla rugosa","urn:lsid:marinespecies.org:taxname:149803","Monstrilla rugosa Davis, 1947","Species","Animalia","Arthropoda","Copepoda","Monstrilloida","Monstrillidae","Monstrilla","Non-calanoid",2,29166
4019,"Monstrilla satchmoi","urn:lsid:marinespecies.org:taxname:361908","Monstrilla satchmoi Suárez-Morales & Dias, 2001","Species","Animalia","Arthropoda","Copepoda","Monstrilloida","Monstrillidae","Monstrilla","Non-calanoid",1,
4020,"Monstrilla scotti","urn:lsid:marinespecies.org:taxname:364457","Monstrilla scotti Isaac, 1975 in Grygier & Suárez-Morales, 2018","Species","Animalia","Arthropoda","Copepoda","Monstrilloida","Monstrillidae","Monstrilla","Non-calanoid",4,
4021,"Monstrilla wandelii","urn:lsid:marinespecies.org:taxname:353556","Monstrilla wandelii Stephensen, 1913","Species","Animalia","Arthropoda","Copepoda","Monstrilloida","Monstrillidae","Monstrilla","Non-calanoid",4,31725
4023,"Monstrilloida","urn:lsid:marinespecies.org:taxname:1106","Monstrilloida Sars G.O., 1901","Order","Animalia","Arthropoda","Copepoda","Monstrilloida",,,"Non-calanoid",3,
4025,"Monstrillopsis bernardensis","urn:lsid:marinespecies.org:taxname:1034790","Monstrillopsis bernardensis (Willey, 1920)","Species","Animalia","Arthropoda","Copepoda","Monstrilloida","Monstrillidae","Monstrillopsis","Non-calanoid",1,
4026,"Monstrillopsis cahuitae","urn:lsid:marinespecies.org:taxname:724730","Monstrillopsis cahuitae Suárez-Morales & Carrillo, 2013","Species","Animalia","Arthropoda","Copepoda","Monstrilloida","Monstrillidae","Monstrillopsis","Non-calanoid",1,
4027,"Monstrillopsis chilensis","urn:lsid:marinespecies.org:taxname:362352","Monstrillopsis chilensis Suárez-Morales, Bello-Smith & Palma, 2006","Species","Animalia","Arthropoda","Copepoda","Monstrilloida","Monstrillidae","Monstrillopsis","Non-calanoid",2,
4028,"Monstrillopsis dubia","urn:lsid:marinespecies.org:taxname:119811","Monstrillopsis dubia (Scott T., 1904)","Species","Animalia","Arthropoda","Copepoda","Monstrilloida","Monstrillidae","Monstrillopsis","Non-calanoid",6,29168
4029,"Monstrillopsis dubioides","urn:lsid:marinespecies.org:taxname:362276","Monstrillopsis dubioides Suárez-Morales & Ivanenko, 2004","Species","Animalia","Arthropoda","Copepoda","Monstrilloida","Monstrillidae","Monstrillopsis","Non-calanoid",2,
4030,"Monstrillopsis ferrarii","urn:lsid:marinespecies.org:taxname:362275","Monstrillopsis ferrarii Suárez-Morales & Ivanenko, 2004","Species","Animalia","Arthropoda","Copepoda","Monstrilloida","Monstrillidae","Monstrillopsis","Non-calanoid",1,
4031,"Monstrillopsis igniterra","urn:lsid:marinespecies.org:taxname:406013","Monstrillopsis igniterra Suárez-Morales, Ramírez & Derisio, 2008","Species","Animalia","Arthropoda","Copepoda","Monstrilloida","Monstrillidae","Monstrillopsis","Non-calanoid",1,
4032,"Monstrillopsis reticulata","urn:lsid:marinespecies.org:taxname:149796","Monstrillopsis reticulata (Davis, 1949)","Species","Animalia","Arthropoda","Copepoda","Monstrilloida","Monstrillidae","Monstrillopsis","Non-calanoid",4,29169
4033,"Monstrillopsis sarsi","urn:lsid:marinespecies.org:taxname:119813","Monstrillopsis sarsi Isaac, 1975","Species","Animalia","Arthropoda","Copepoda","Monstrilloida","Monstrillidae","Monstrillopsis","Non-calanoid",2,31728
4034,"Monstrillopsis zernowi","urn:lsid:marinespecies.org:taxname:119814","Monstrillopsis zernowi Dolgopol'skaya, 1948","Species","Animalia","Arthropoda","Copepoda","Monstrilloida","Monstrillidae","Monstrillopsis","Non-calanoid",2,
4036,"Mormonilla phasma","urn:lsid:marinespecies.org:taxname:119818","Mormonilla phasma Giesbrecht, 1891","Species","Animalia","Arthropoda","Copepoda","Mormonilloida","Mormonillidae","Mormonilla","Non-calanoid",11,29804
4038,"Mormonilloida","urn:lsid:marinespecies.org:taxname:22598","Mormonilloida Boxshall, 1979","Order","Animalia","Arthropoda","Copepoda","Mormonilloida",,,"Non-calanoid",2,
4041,"Nanocopia minuta","urn:lsid:marinespecies.org:taxname:356708","Nanocopia minuta Fosshagen in Fosshagen & Iliffe, 1988","Species","Animalia","Arthropoda","Copepoda","Platycopioida","Platycopiidae","Nanocopia","Non-calanoid",2,94425
4042,"Neobrachiochondria","urn:lsid:marinespecies.org:taxname:347564","Neobrachiochondria Kabata, 1969","Genus","Animalia","Arthropoda","Copepoda","Cyclopoida","Chondracanthidae","Neobrachiochondria","Non-calanoid",2,
4044,"Neomormonilla extremata","urn:lsid:marinespecies.org:taxname:362371","Neomormonilla extremata Ivanenko & Defaye, 2006","Species","Animalia","Arthropoda","Copepoda","Mormonilloida","Mormonillidae","Neomormonilla","Non-calanoid",1,
4045,"Neomormonilla minor","urn:lsid:marinespecies.org:taxname:344703","Neomormonilla minor (Giesbrecht, 1891)","Species","Animalia","Arthropoda","Copepoda","Mormonilloida","Mormonillidae","Neomormonilla","Non-calanoid",9,29803
4046,"Neomormonilla polaris","urn:lsid:marinespecies.org:taxname:348320","Neomormonilla polaris (Sars G.O., 1900)","Species","Animalia","Arthropoda","Copepoda","Mormonilloida","Mormonillidae","Neomormonilla","Non-calanoid",5,
4048,"Neotisbella gigas","urn:lsid:marinespecies.org:taxname:353760","Neotisbella gigas Boxshall, 1979","Species","Animalia","Arthropoda","Copepoda","Harpacticoida","Tisbidae","Neotisbella","Non-calanoid",2,25760
4050,"Nudivorax todai","urn:lsid:marinespecies.org:taxname:361601","Nudivorax todai Lee W. & Huys, 2000","Species","Animalia","Arthropoda","Copepoda","Harpacticoida","Aegisthidae","Nudivorax","Non-calanoid",2,
4052,"Oculosetella gracilis","urn:lsid:marinespecies.org:taxname:116384","Oculosetella gracilis (Dana, 1849)","Species","Animalia","Arthropoda","Copepoda","Harpacticoida","Miraciidae","Oculosetella","Non-calanoid",9,31465
4053,"Oithona","urn:lsid:marinespecies.org:taxname:106485","Oithona Baird, 1843","Genus","Animalia","Arthropoda","Copepoda","Cyclopoida","Oithonidae","Oithona","Non-calanoid",11,
4054,"Oithona alvarezi","urn:lsid:marinespecies.org:taxname:353985","Oithona alvarezi Lindberg, 1955","Species","Animalia","Arthropoda","Copepoda","Cyclopoida","Oithonidae","Oithona","Non-calanoid",2,
4055,"Oithona amazonica","urn:lsid:marinespecies.org:taxname:353986","Oithona amazonica Burckhardt, 1913","Species","Animalia","Arthropoda","Copepoda","Cyclopoida","Oithonidae","Oithona","Non-calanoid",2,
4056,"Oithona aruensis","urn:lsid:marinespecies.org:taxname:353987","Oithona aruensis Früchtl, 1923","Species","Animalia","Arthropoda","Copepoda","Cyclopoida","Oithonidae","Oithona","Non-calanoid",2,173079
4057,"Oithona atlantica","urn:lsid:marinespecies.org:taxname:106642","Oithona atlantica Farran, 1908","Species","Animalia","Arthropoda","Copepoda","Cyclopoida","Oithonidae","Oithona","Non-calanoid",34,31669
4058,"Oithona attenuata","urn:lsid:marinespecies.org:taxname:220944","Oithona attenuata Farran, 1913","Species","Animalia","Arthropoda","Copepoda","Cyclopoida","Oithonidae","Oithona","Non-calanoid",10,28386
4059,"Oithona australis","urn:lsid:marinespecies.org:taxname:353988","Oithona australis Nishida, 1986","Species","Animalia","Arthropoda","Copepoda","Cyclopoida","Oithonidae","Oithona","Non-calanoid",2,
4060,"Oithona bjornbergae","urn:lsid:marinespecies.org:taxname:353989","Oithona bjornbergae Ferrari F.D. & Bowman, 1980","Species","Animalia","Arthropoda","Copepoda","Cyclopoida","Oithonidae","Oithona","Non-calanoid",2,
4061,"Oithona bowmani","urn:lsid:marinespecies.org:taxname:353990","Oithona bowmani Rocha C.E.F., 1986","Species","Animalia","Arthropoda","Copepoda","Cyclopoida","Oithonidae","Oithona","Non-calanoid",2,
4062,"Oithona brevicornis brevicornis","urn:lsid:marinespecies.org:taxname:367245","Oithona brevicornis brevicornis Giesbrecht, 1891","Subspecies","Animalia","Arthropoda","Copepoda","Cyclopoida","Oithonidae","Oithona","Non-calanoid",11,
4063,"Oithona colcarva","urn:lsid:marinespecies.org:taxname:353993","Oithona colcarva Bowman, 1975","Species","Animalia","Arthropoda","Copepoda","Cyclopoida","Oithonidae","Oithona","Non-calanoid",16,31139
4064,"Oithona cruralis","urn:lsid:marinespecies.org:taxname:353994","Oithona cruralis Nishida, Tanaka & Omori, 1977","Species","Animalia","Arthropoda","Copepoda","Cyclopoida","Oithonidae","Oithona","Non-calanoid",1,
4065,"Oithona davisae","urn:lsid:marinespecies.org:taxname:353995","Oithona davisae Ferrari F.D. & Orsi, 1984","Species","Animalia","Arthropoda","Copepoda","Cyclopoida","Oithonidae","Oithona","Non-calanoid",281,31670
4066,"Oithona decipiens","urn:lsid:marinespecies.org:taxname:106644","Oithona decipiens Farran, 1913","Species","Animalia","Arthropoda","Copepoda","Cyclopoida","Oithonidae","Oithona","Non-calanoid",14,31660
4067,"Oithona dissimilis","urn:lsid:marinespecies.org:taxname:353996","Oithona dissimilis Lindberg, 1940","Species","Animalia","Arthropoda","Copepoda","Cyclopoida","Oithonidae","Oithona","Non-calanoid",2,173080
4068,"Oithona fallax","urn:lsid:marinespecies.org:taxname:106645","Oithona fallax Farran, 1913","Species","Animalia","Arthropoda","Copepoda","Cyclopoida","Oithonidae","Oithona","Non-calanoid",13,31663
4069,"Oithona flemingeri","urn:lsid:marinespecies.org:taxname:815648","Oithona flemingeri (Ferrari & Bowman, 1980)","Species","Animalia","Arthropoda","Copepoda","Cyclopoida","Oithonidae","Oithona","Non-calanoid",1,
4070,"Oithona fonsecae","urn:lsid:marinespecies.org:taxname:353998","Oithona fonsecae Ferrari & Bowman, 1980","Species","Animalia","Arthropoda","Copepoda","Cyclopoida","Oithonidae","Oithona","Non-calanoid",1,141825
4071,"Oithona fragilis","urn:lsid:marinespecies.org:taxname:353999","Oithona fragilis Nishida, 1979","Species","Animalia","Arthropoda","Copepoda","Cyclopoida","Oithonidae","Oithona","Non-calanoid",1,28387
4072,"Oithona frigida","urn:lsid:marinespecies.org:taxname:344712","Oithona frigida Giesbrecht, 1902","Species","Animalia","Arthropoda","Copepoda","Cyclopoida","Oithonidae","Oithona","Non-calanoid",8,31668
4073,"Oithona gessneri","urn:lsid:marinespecies.org:taxname:354000","Oithona gessneri Kiefer, 1954","Species","Animalia","Arthropoda","Copepoda","Cyclopoida","Oithonidae","Oithona","Non-calanoid",1,
4074,"Oithona hamata","urn:lsid:marinespecies.org:taxname:106646","Oithona hamata Rosendorn, 1917","Species","Animalia","Arthropoda","Copepoda","Cyclopoida","Oithonidae","Oithona","Non-calanoid",1,31666
4075,"Oithona hebes","urn:lsid:marinespecies.org:taxname:106647","Oithona hebes Giesbrecht, 1891","Species","Animalia","Arthropoda","Copepoda","Cyclopoida","Oithonidae","Oithona","Non-calanoid",7,31062
4076,"Oithona linearis","urn:lsid:marinespecies.org:taxname:106648","Oithona linearis Giesbrecht, 1891","Species","Animalia","Arthropoda","Copepoda","Cyclopoida","Oithonidae","Oithona","Non-calanoid",9,31136
4077,"Oithona longispina","urn:lsid:marinespecies.org:taxname:106649","Oithona longispina Nishida, Tanaka & Omori, 1977","Species","Animalia","Arthropoda","Copepoda","Cyclopoida","Oithonidae","Oithona","Non-calanoid",14,27721
4078,"Oithona nana","urn:lsid:marinespecies.org:taxname:106651","Oithona nana Giesbrecht, 1893","Species","Animalia","Arthropoda","Copepoda","Cyclopoida","Oithonidae","Oithona","Non-calanoid",82,31061
4079,"Oithona nishidai","urn:lsid:marinespecies.org:taxname:361662","Oithona nishidai McKinnon, 2000","Species","Animalia","Arthropoda","Copepoda","Cyclopoida","Oithonidae","Oithona","Non-calanoid",2,
4080,"Oithona oswaldocruzi","urn:lsid:marinespecies.org:taxname:354005","Oithona oswaldocruzi Oliveira, 1945","Species","Animalia","Arthropoda","Copepoda","Cyclopoida","Oithonidae","Oithona","Non-calanoid",5,
4081,"Oithona pacifica","urn:lsid:marinespecies.org:taxname:815797","Oithona pacifica (Nishida, 1985)","Species","Animalia","Arthropoda","Copepoda","Cyclopoida","Oithonidae","Oithona","Non-calanoid",2,
4082,"Oithona parvula","urn:lsid:marinespecies.org:taxname:815821","Oithona parvula (Farran, 1908)","Species","Animalia","Arthropoda","Copepoda","Cyclopoida","Oithonidae","Oithona","Non-calanoid",14,
4083,"Oithona plumifera","urn:lsid:marinespecies.org:taxname:106652","Oithona plumifera Baird, 1843","Species","Animalia","Arthropoda","Copepoda","Cyclopoida","Oithonidae","Oithona","Non-calanoid",31,31132
4084,"Oithona pseudofrigida","urn:lsid:marinespecies.org:taxname:106653","Oithona pseudofrigida Rosendorn, 1917","Species","Animalia","Arthropoda","Copepoda","Cyclopoida","Oithonidae","Oithona","Non-calanoid",2,173081
4085,"Oithona pseudovivida","urn:lsid:marinespecies.org:taxname:354010","Oithona pseudovivida Shuvalov, 1980","Species","Animalia","Arthropoda","Copepoda","Cyclopoida","Oithonidae","Oithona","Non-calanoid",1,
4086,"Oithona pulla","urn:lsid:marinespecies.org:taxname:815823","Oithona pulla (Farran, 1913)","Species","Animalia","Arthropoda","Copepoda","Cyclopoida","Oithonidae","Oithona","Non-calanoid",6,
4087,"Oithona robertsoni","urn:lsid:marinespecies.org:taxname:361663","Oithona robertsoni McKinnon, 2000","Species","Animalia","Arthropoda","Copepoda","Cyclopoida","Oithonidae","Oithona","Non-calanoid",2,
4088,"Oithona robusta","urn:lsid:marinespecies.org:taxname:106654","Oithona robusta Giesbrecht, 1891","Species","Animalia","Arthropoda","Copepoda","Cyclopoida","Oithonidae","Oithona","Non-calanoid",6,31661
4089,"Oithona rostralis","urn:lsid:marinespecies.org:taxname:354011","Oithona rostralis Nishida, Tanaka & Omori, 1977","Species","Animalia","Arthropoda","Copepoda","Cyclopoida","Oithonidae","Oithona","Non-calanoid",1,
4090,"Oithona setigera setigera","urn:lsid:marinespecies.org:taxname:734517","Oithona setigera setigera (Dana, 1849)","Subspecies","Animalia","Arthropoda","Copepoda","Cyclopoida","Oithonidae","Oithona","Non-calanoid",33,
4091,"Oithona similis","urn:lsid:marinespecies.org:taxname:106656","Oithona similis Claus, 1866","Species","Animalia","Arthropoda","Copepoda","Cyclopoida","Oithonidae","Oithona","Non-calanoid",225,31133
4092,"Oithona simplex simplex","urn:lsid:marinespecies.org:taxname:734518","Oithona simplex simplex Farran, 1913","Species","Animalia","Arthropoda","Copepoda","Cyclopoida","Oithonidae","Oithona","Non-calanoid",17,
4093,"Oithona tenuis","urn:lsid:marinespecies.org:taxname:106658","Oithona tenuis Rosendorn, 1917","Species","Animalia","Arthropoda","Copepoda","Cyclopoida","Oithonidae","Oithona","Non-calanoid",15,31664
4094,"Oithona vivida","urn:lsid:marinespecies.org:taxname:106659","Oithona vivida Farran, 1913","Species","Animalia","Arthropoda","Copepoda","Cyclopoida","Oithonidae","Oithona","Non-calanoid",9,31665
4095,"Oithona wellershausi","urn:lsid:marinespecies.org:taxname:354017","Oithona wellershausi Ferrari F.D., 1982","Species","Animalia","Arthropoda","Copepoda","Cyclopoida","Oithonidae","Oithona","Non-calanoid",2,173068
4098,"Oncaea","urn:lsid:marinespecies.org:taxname:128690","Oncaea Philippi, 1843","Genus","Animalia","Arthropoda","Copepoda","Cyclopoida","Oncaeidae","Oncaea","Non-calanoid",17,
4099,"Oncaea africana","urn:lsid:marinespecies.org:taxname:128923","Oncaea africana Shmeleva, 1979","Species","Animalia","Arthropoda","Copepoda","Cyclopoida","Oncaeidae","Oncaea","Non-calanoid",1,
4100,"Oncaea alboranica","urn:lsid:marinespecies.org:taxname:128924","Oncaea alboranica Shmeleva, 1979","Species","Animalia","Arthropoda","Copepoda","Cyclopoida","Oncaeidae","Oncaea","Non-calanoid",1,
4101,"Oncaea atlantica","urn:lsid:marinespecies.org:taxname:128926","Oncaea atlantica Shmeleva, 1967","Species","Animalia","Arthropoda","Copepoda","Cyclopoida","Oncaeidae","Oncaea","Non-calanoid",2,28559
4102,"Oncaea bathyalis","urn:lsid:marinespecies.org:taxname:128927","Oncaea bathyalis Shmeleva, 1968","Species","Animalia","Arthropoda","Copepoda","Cyclopoida","Oncaeidae","Oncaea","Non-calanoid",6,
4103,"Oncaea bispinosa","urn:lsid:marinespecies.org:taxname:362080","Oncaea bispinosa Böttger-Schnack, 2002","Species","Animalia","Arthropoda","Copepoda","Cyclopoida","Oncaeidae","Oncaea","Non-calanoid",8,
4104,"Oncaea bowmani","urn:lsid:marinespecies.org:taxname:344715","Oncaea bowmani Heron, 1977","Species","Animalia","Arthropoda","Copepoda","Cyclopoida","Oncaeidae","Oncaea","Non-calanoid",1,
4105,"Oncaea brocha","urn:lsid:marinespecies.org:taxname:344716","Oncaea brocha Heron, 1977","Species","Animalia","Arthropoda","Copepoda","Cyclopoida","Oncaeidae","Oncaea","Non-calanoid",2,
4106,"Oncaea brodskii","urn:lsid:marinespecies.org:taxname:128928","Oncaea brodskii Shmeleva, 1968","Species","Animalia","Arthropoda","Copepoda","Cyclopoida","Oncaeidae","Oncaea","Non-calanoid",2,
4107,"Oncaea clevei","urn:lsid:marinespecies.org:taxname:354022","Oncaea clevei Früchtl, 1923","Species","Animalia","Arthropoda","Copepoda","Cyclopoida","Oncaeidae","Oncaea","Non-calanoid",13,80294
4108,"Oncaea compacta","urn:lsid:marinespecies.org:taxname:344717","Oncaea compacta Heron, 1977","Species","Animalia","Arthropoda","Copepoda","Cyclopoida","Oncaeidae","Oncaea","Non-calanoid",2,28561
4109,"Oncaea convexa","urn:lsid:marinespecies.org:taxname:344718","Oncaea convexa Heron, 1977","Species","Animalia","Arthropoda","Copepoda","Cyclopoida","Oncaeidae","Oncaea","Non-calanoid",1,
4110,"Oncaea cristata","urn:lsid:marinespecies.org:taxname:362166","Oncaea cristata Böttger-Schnack, 2005","Species","Animalia","Arthropoda","Copepoda","Cyclopoida","Oncaeidae","Oncaea","Non-calanoid",2,
4111,"Oncaea crypta","urn:lsid:marinespecies.org:taxname:362165","Oncaea crypta Böttger-Schnack, 2005","Species","Animalia","Arthropoda","Copepoda","Cyclopoida","Oncaeidae","Oncaea","Non-calanoid",2,
4112,"Oncaea curta","urn:lsid:marinespecies.org:taxname:128929","Oncaea curta Sars G.O., 1916","Species","Animalia","Arthropoda","Copepoda","Cyclopoida","Oncaeidae","Oncaea","Non-calanoid",19,28562
4113,"Oncaea curvata","urn:lsid:marinespecies.org:taxname:344719","Oncaea curvata Giesbrecht, 1902","Species","Animalia","Arthropoda","Copepoda","Cyclopoida","Oncaeidae","Oncaea","Non-calanoid",8,27806
4114,"Oncaea damkaeri","urn:lsid:marinespecies.org:taxname:344720","Oncaea damkaeri Heron, 1977","Species","Animalia","Arthropoda","Copepoda","Cyclopoida","Oncaeidae","Oncaea","Non-calanoid",2,28563
4115,"Oncaea delicata","urn:lsid:marinespecies.org:taxname:128930","Oncaea delicata Heron, English & Damkaer, 1984","Species","Animalia","Arthropoda","Copepoda","Cyclopoida","Oncaeidae","Oncaea","Non-calanoid",2,28564
4116,"Oncaea englishi","urn:lsid:marinespecies.org:taxname:128931","Oncaea englishi Heron, 1977","Species","Animalia","Arthropoda","Copepoda","Cyclopoida","Oncaeidae","Oncaea","Non-calanoid",9,28566
4117,"Oncaea furnestini","urn:lsid:marinespecies.org:taxname:128932","Oncaea furnestini Shmeleva, 1979","Species","Animalia","Arthropoda","Copepoda","Cyclopoida","Oncaeidae","Oncaea","Non-calanoid",1,
4118,"Oncaea glabra","urn:lsid:marinespecies.org:taxname:361691","Oncaea glabra Heron & Frost, 2000","Species","Animalia","Arthropoda","Copepoda","Cyclopoida","Oncaeidae","Oncaea","Non-calanoid",2,28568
4119,"Oncaea grossa","urn:lsid:marinespecies.org:taxname:361689","Oncaea grossa Heron & Frost, 2000","Species","Animalia","Arthropoda","Copepoda","Cyclopoida","Oncaeidae","Oncaea","Non-calanoid",29,28569
4120,"Oncaea heronae","urn:lsid:marinespecies.org:taxname:354025","Oncaea heronae Malt, 1982","Species","Animalia","Arthropoda","Copepoda","Cyclopoida","Oncaeidae","Oncaea","Non-calanoid",1,
4121,"Oncaea illgi","urn:lsid:marinespecies.org:taxname:344721","Oncaea illgi Heron, 1977","Species","Animalia","Arthropoda","Copepoda","Cyclopoida","Oncaeidae","Oncaea","Non-calanoid",2,28570
4122,"Oncaea infantula","urn:lsid:marinespecies.org:taxname:128933","Oncaea infantula Gordeeva K.T., 1972","Species","Animalia","Arthropoda","Copepoda","Cyclopoida","Oncaeidae","Oncaea","Non-calanoid",2,
4123,"Oncaea insolita","urn:lsid:marinespecies.org:taxname:361687","Oncaea insolita Heron & Frost, 2000","Species","Animalia","Arthropoda","Copepoda","Cyclopoida","Oncaeidae","Oncaea","Non-calanoid",2,28571
4124,"Oncaea lacinia","urn:lsid:marinespecies.org:taxname:128935","Oncaea lacinia Heron, English & Damkaer, 1984","Species","Animalia","Arthropoda","Copepoda","Cyclopoida","Oncaeidae","Oncaea","Non-calanoid",2,28652
4125,"Oncaea latimana","urn:lsid:marinespecies.org:taxname:354027","Oncaea latimana Gordeeva K.T., 1975","Species","Animalia","Arthropoda","Copepoda","Cyclopoida","Oncaeidae","Oncaea","Non-calanoid",2,
4126,"Oncaea longipes","urn:lsid:marinespecies.org:taxname:128936","Oncaea longipes Shmeleva, 1968","Species","Animalia","Arthropoda","Copepoda","Cyclopoida","Oncaeidae","Oncaea","Non-calanoid",2,
4127,"Oncaea longiseta","urn:lsid:marinespecies.org:taxname:128937","Oncaea longiseta Shmeleva, 1968","Species","Animalia","Arthropoda","Copepoda","Cyclopoida","Oncaeidae","Oncaea","Non-calanoid",2,
4128,"Oncaea macilenta","urn:lsid:marinespecies.org:taxname:344722","Oncaea macilenta Heron, 1977","Species","Animalia","Arthropoda","Copepoda","Cyclopoida","Oncaeidae","Oncaea","Non-calanoid",2,28653
4129,"Oncaea media","urn:lsid:marinespecies.org:taxname:128938","Oncaea media Giesbrecht, 1891","Species","Animalia","Arthropoda","Copepoda","Cyclopoida","Oncaeidae","Oncaea","Non-calanoid",45,31602
4130,"Oncaea mediterranea","urn:lsid:marinespecies.org:taxname:128939","Oncaea mediterranea (Claus, 1863)","Species","Animalia","Arthropoda","Copepoda","Cyclopoida","Oncaeidae","Oncaea","Non-calanoid",201,31599
4132,"Oncaea memorata","urn:lsid:marinespecies.org:taxname:354028","Oncaea memorata Gordeeva K.T., 1973","Species","Animalia","Arthropoda","Copepoda","Cyclopoida","Oncaeidae","Oncaea","Non-calanoid",2,
4133,"Oncaea minima","urn:lsid:marinespecies.org:taxname:128940","Oncaea minima Shmeleva, 1968","Species","Animalia","Arthropoda","Copepoda","Cyclopoida","Oncaeidae","Oncaea","Non-calanoid",2,
4134,"Oncaea minor","urn:lsid:marinespecies.org:taxname:128941","Oncaea minor Shmeleva, 1979","Species","Animalia","Arthropoda","Copepoda","Cyclopoida","Oncaeidae","Oncaea","Non-calanoid",1,
4135,"Oncaea mollicula","urn:lsid:marinespecies.org:taxname:128942","Oncaea mollicula Gordeeva K.T., 1975","Species","Animalia","Arthropoda","Copepoda","Cyclopoida","Oncaeidae","Oncaea","Non-calanoid",2,
4136,"Oncaea neobscura","urn:lsid:marinespecies.org:taxname:354029","Oncaea neobscura Razouls, 1969","Species","Animalia","Arthropoda","Copepoda","Cyclopoida","Oncaeidae","Oncaea","Non-calanoid",1,
4137,"Oncaea notopus","urn:lsid:marinespecies.org:taxname:128943","Oncaea notopus Giesbrecht, 1891","Species","Animalia","Arthropoda","Copepoda","Cyclopoida","Oncaeidae","Oncaea","Non-calanoid",10,31593
4138,"Oncaea obscura","urn:lsid:marinespecies.org:taxname:354030","Oncaea obscura Farran, 1908","Species","Animalia","Arthropoda","Copepoda","Cyclopoida","Oncaeidae","Oncaea","Non-calanoid",2,
4139,"Oncaea oceanica","urn:lsid:marinespecies.org:taxname:354031","Oncaea oceanica Gordeeva K.T., 1972","Species","Animalia","Arthropoda","Copepoda","Cyclopoida","Oncaeidae","Oncaea","Non-calanoid",2,
4140,"Oncaea olsoni","urn:lsid:marinespecies.org:taxname:344723","Oncaea olsoni Heron, 1977","Species","Animalia","Arthropoda","Copepoda","Cyclopoida","Oncaeidae","Oncaea","Non-calanoid",2,28654
4141,"Oncaea ornata","urn:lsid:marinespecies.org:taxname:128944","Oncaea ornata Giesbrecht, 1891","Species","Animalia","Arthropoda","Copepoda","Cyclopoida","Oncaeidae","Oncaea","Non-calanoid",22,31594
4142,"Oncaea ovalis","urn:lsid:marinespecies.org:taxname:128945","Oncaea ovalis Shmeleva, 1966","Species","Animalia","Arthropoda","Copepoda","Cyclopoida","Oncaeidae","Oncaea","Non-calanoid",13,28655
4143,"Oncaea parabathyalis","urn:lsid:marinespecies.org:taxname:362164","Oncaea parabathyalis Böttger-Schnack, 2005","Species","Animalia","Arthropoda","Copepoda","Cyclopoida","Oncaeidae","Oncaea","Non-calanoid",2,
4144,"Oncaea paraclevei","urn:lsid:marinespecies.org:taxname:361875","Oncaea paraclevei Böttger-Schnack, 2001","Species","Animalia","Arthropoda","Copepoda","Cyclopoida","Oncaeidae","Oncaea","Non-calanoid",1,
4145,"Oncaea parila","urn:lsid:marinespecies.org:taxname:128946","Oncaea parila Heron, 1977","Species","Animalia","Arthropoda","Copepoda","Cyclopoida","Oncaeidae","Oncaea","Non-calanoid",29,28656
4146,"Oncaea petila","urn:lsid:marinespecies.org:taxname:344724","Oncaea petila Heron, 1977","Species","Animalia","Arthropoda","Copepoda","Cyclopoida","Oncaeidae","Oncaea","Non-calanoid",1,
4147,"Oncaea platysetosa","urn:lsid:marinespecies.org:taxname:215779","Oncaea platysetosa Boxshall & Böttger, 1987","Species","Animalia","Arthropoda","Copepoda","Cyclopoida","Oncaeidae","Oncaea","Non-calanoid",1,
4148,"Oncaea prendeli","urn:lsid:marinespecies.org:taxname:128947","Oncaea prendeli Shmeleva, 1966","Species","Animalia","Arthropoda","Copepoda","Cyclopoida","Oncaeidae","Oncaea","Non-calanoid",2,31595
4149,"Oncaea prolata","urn:lsid:marinespecies.org:taxname:344725","Oncaea prolata Heron, 1977","Species","Animalia","Arthropoda","Copepoda","Cyclopoida","Oncaeidae","Oncaea","Non-calanoid",5,31598
4150,"Oncaea pumilis","urn:lsid:marinespecies.org:taxname:128948","Oncaea pumilis Heron, 1977","Species","Animalia","Arthropoda","Copepoda","Cyclopoida","Oncaeidae","Oncaea","Non-calanoid",2,28657
4151,"Oncaea rimula","urn:lsid:marinespecies.org:taxname:361690","Oncaea rimula Heron & Frost, 2000","Species","Animalia","Arthropoda","Copepoda","Cyclopoida","Oncaeidae","Oncaea","Non-calanoid",2,28659
4152,"Oncaea rotata","urn:lsid:marinespecies.org:taxname:361688","Oncaea rotata Heron & Frost, 2000","Species","Animalia","Arthropoda","Copepoda","Cyclopoida","Oncaeidae","Oncaea","Non-calanoid",2,28660
4153,"Oncaea rotunda","urn:lsid:marinespecies.org:taxname:344726","Oncaea rotunda Heron, 1977","Species","Animalia","Arthropoda","Copepoda","Cyclopoida","Oncaeidae","Oncaea","Non-calanoid",2,
4154,"Oncaea rotundata","urn:lsid:marinespecies.org:taxname:128949","Oncaea rotundata Boxshall, 1977","Species","Animalia","Arthropoda","Copepoda","Cyclopoida","Oncaeidae","Oncaea","Non-calanoid",4,28661
4155,"Oncaea scottodicarloi","urn:lsid:marinespecies.org:taxname:128950","Oncaea scottodicarloi Heron & Bradford-Grieve, 1995","Species","Animalia","Arthropoda","Copepoda","Cyclopoida","Oncaeidae","Oncaea","Non-calanoid",25,28662
4156,"Oncaea serrulata","urn:lsid:marinespecies.org:taxname:574334","Oncaea serrulata Böttger-Schnack, 2011","Species","Animalia","Arthropoda","Copepoda","Cyclopoida","Oncaeidae","Oncaea","Non-calanoid",2,
4157,"Oncaea setosa","urn:lsid:marinespecies.org:taxname:344727","Oncaea setosa Heron, 1977","Species","Animalia","Arthropoda","Copepoda","Cyclopoida","Oncaeidae","Oncaea","Non-calanoid",2,
4158,"Oncaea shmelevi","urn:lsid:marinespecies.org:taxname:128951","Oncaea shmelevi Gordeeva K.T., 1972","Species","Animalia","Arthropoda","Copepoda","Cyclopoida","Oncaeidae","Oncaea","Non-calanoid",8,
4159,"Oncaea tenella","urn:lsid:marinespecies.org:taxname:128953","Oncaea tenella Sars G.O., 1916","Species","Animalia","Arthropoda","Copepoda","Cyclopoida","Oncaeidae","Oncaea","Non-calanoid",6,28664
4160,"Oncaea tenuimana","urn:lsid:marinespecies.org:taxname:354035","Oncaea tenuimana Giesbrecht, 1891","Species","Animalia","Arthropoda","Copepoda","Cyclopoida","Oncaeidae","Oncaea","Non-calanoid",2,
4161,"Oncaea tregoubovi","urn:lsid:marinespecies.org:taxname:354036","Oncaea tregoubovi Shmeleva, 1968","Species","Animalia","Arthropoda","Copepoda","Cyclopoida","Oncaeidae","Oncaea","Non-calanoid",4,
4162,"Oncaea venusta","urn:lsid:marinespecies.org:taxname:128954","Oncaea venusta Philippi, 1843","Species","Animalia","Arthropoda","Copepoda","Cyclopoida","Oncaeidae","Oncaea","Non-calanoid",78,31601
4163,"Oncaea vodjanitskii","urn:lsid:marinespecies.org:taxname:354038","Oncaea vodjanitskii Shmeleva & Delalo, 1965","Species","Animalia","Arthropoda","Copepoda","Cyclopoida","Oncaeidae","Oncaea","Non-calanoid",7,
4164,"Oncaea waldemari","urn:lsid:marinespecies.org:taxname:360846","Oncaea waldemari Bersano & Boxshall, 1996","Species","Animalia","Arthropoda","Copepoda","Cyclopoida","Oncaeidae","Oncaea","Non-calanoid",23,
4165,"Oncaea walleni","urn:lsid:marinespecies.org:taxname:344729","Oncaea walleni Heron, 1977","Species","Animalia","Arthropoda","Copepoda","Cyclopoida","Oncaeidae","Oncaea","Non-calanoid",1,
4166,"Oncaea zernovi","urn:lsid:marinespecies.org:taxname:128955","Oncaea zernovi Shmeleva, 1966","Species","Animalia","Arthropoda","Copepoda","Cyclopoida","Oncaeidae","Oncaea","Non-calanoid",2,31597
4167,"Oncaeidae","urn:lsid:marinespecies.org:taxname:128586","Oncaeidae Giesbrecht, 1893","Family","Animalia","Arthropoda","Copepoda","Cyclopoida","Oncaeidae",,"Non-calanoid",3,
4169,"Onychocorycaeus agilis","urn:lsid:marinespecies.org:taxname:359743","Onychocorycaeus agilis (Dana, 1849)","Species","Animalia","Arthropoda","Copepoda","Cyclopoida","Corycaeidae","Onychocorycaeus","Non-calanoid",12,27748
4170,"Onychocorycaeus catus","urn:lsid:marinespecies.org:taxname:128816","Onychocorycaeus catus (Dahl F., 1894)","Species","Animalia","Arthropoda","Copepoda","Cyclopoida","Corycaeidae","Onychocorycaeus","Non-calanoid",11,31619
4171,"Onychocorycaeus giesbrechti","urn:lsid:marinespecies.org:taxname:128817","Onychocorycaeus giesbrechti (Dahl F., 1894)","Species","Animalia","Arthropoda","Copepoda","Cyclopoida","Corycaeidae","Onychocorycaeus","Non-calanoid",22,
4172,"Onychocorycaeus latus","urn:lsid:marinespecies.org:taxname:128818","Onychocorycaeus latus (Dana, 1849)","Species","Animalia","Arthropoda","Copepoda","Cyclopoida","Corycaeidae","Onychocorycaeus","Non-calanoid",18,
4173,"Onychocorycaeus ovalis","urn:lsid:marinespecies.org:taxname:128819","Onychocorycaeus ovalis (Claus, 1863)","Species","Animalia","Arthropoda","Copepoda","Cyclopoida","Corycaeidae","Onychocorycaeus","Non-calanoid",20,
4174,"Onychocorycaeus pacificus","urn:lsid:marinespecies.org:taxname:359744","Onychocorycaeus pacificus (Dahl F., 1894)","Species","Animalia","Arthropoda","Copepoda","Cyclopoida","Corycaeidae","Onychocorycaeus","Non-calanoid",8,27753
4175,"Onychocorycaeus pumilus","urn:lsid:marinespecies.org:taxname:128820","Onychocorycaeus pumilus (Dahl M., 1912)","Species","Animalia","Arthropoda","Copepoda","Cyclopoida","Corycaeidae","Onychocorycaeus","Non-calanoid",2,
4177,"Orientopsyllus investigatoris","urn:lsid:marinespecies.org:taxname:354082","Orientopsyllus investigatoris Sewell, 1949","Species","Animalia","Arthropoda","Copepoda","Cyclopoida","Thaumatopsyllidae","Orientopsyllus","Non-calanoid",1,30758
4179,"Pachos dentatum","urn:lsid:marinespecies.org:taxname:364138","Pachos dentatum (Mori, 1932)","Species","Animalia","Arthropoda","Copepoda","Cyclopoida","Cyclopoida incertae sedis","Pachos","Non-calanoid",1,
4180,"Pachos punctatum","urn:lsid:marinespecies.org:taxname:129002","Pachos punctatum (Claus, 1863)","Species","Animalia","Arthropoda","Copepoda","Cyclopoida","Cyclopoida incertae sedis","Pachos","Non-calanoid",7,31606
4181,"Pachos trispinosum","urn:lsid:marinespecies.org:taxname:361575","Pachos trispinosum Rose M., 1943","Species","Animalia","Arthropoda","Copepoda","Cyclopoida","Cyclopoida incertae sedis","Pachos","Non-calanoid",1,
4182,"Pachos tuberosum","urn:lsid:marinespecies.org:taxname:354112","Pachos tuberosum (Giesbrecht, 1891)","Species","Animalia","Arthropoda","Copepoda","Cyclopoida","Cyclopoida incertae sedis","Pachos","Non-calanoid",2,
4184,"Palpophria aestheta","urn:lsid:marinespecies.org:taxname:119211","Palpophria aestheta Boxshall & Iliffe, 1987","Species","Animalia","Arthropoda","Copepoda","Misophrioida","Palpophriidae","Palpophria","Non-calanoid",1,
4187,"Paracyclopina sacklerae","urn:lsid:marinespecies.org:taxname:593285","Paracyclopina sacklerae Boxshall & Jaume, 2012","Species","Animalia","Arthropoda","Copepoda","Cyclopoida","Cyclopettidae","Paracyclopina","Non-calanoid",2,
4189,"Paralubbockia longipedia","urn:lsid:marinespecies.org:taxname:354270","Paralubbockia longipedia Boxshall, 1977","Species","Animalia","Arthropoda","Copepoda","Cyclopoida","Paralubbockiidae","Paralubbockia","Non-calanoid",2,
4193,"Parathalestris croni","urn:lsid:marinespecies.org:taxname:724226","Parathalestris croni (Krøyer in Gaimard, 1842)","Species","Animalia","Arthropoda","Copepoda","Harpacticoida","Thalestridae","Parathalestris","Non-calanoid",6,31481
4194,"Parathalestris jejuensis","urn:lsid:marinespecies.org:taxname:549163","Parathalestris jejuensis Song & Hwang, 2010","Species","Animalia","Arthropoda","Copepoda","Harpacticoida","Thalestridae","Parathalestris","Non-calanoid",2,
4196,"Paronychocamptus nanus","urn:lsid:marinespecies.org:taxname:116307","Paronychocamptus nanus (Sars G.O., 1908)","Species","Animalia","Arthropoda","Copepoda","Harpacticoida","Laophontidae","Paronychocamptus","Non-calanoid",1,30391
4200,"Peltidium purpureum","urn:lsid:marinespecies.org:taxname:116462","Peltidium purpureum Philippi, 1839","Species","Animalia","Arthropoda","Copepoda","Harpacticoida","Peltidiidae","Peltidium","Non-calanoid",2,29938
4201,"Pennellidae","urn:lsid:marinespecies.org:taxname:135532","Pennellidae Burmeister, 1835","Family","Animalia","Arthropoda","Copepoda","Siphonostomatoida","Pennellidae",,"Non-calanoid",1,
4202,"Pharodes","urn:lsid:marinespecies.org:taxname:128692","Pharodes Wilson C.B., 1935","Genus","Animalia","Arthropoda","Copepoda","Cyclopoida","Chondracanthidae","Pharodes","Non-calanoid",2,
4203,"Platycopia","urn:lsid:marinespecies.org:taxname:128557","Platycopia Sars G.O., 1911","Genus","Animalia","Arthropoda","Copepoda","Platycopioida","Platycopiidae","Platycopia","Non-calanoid",2,
4204,"Platycopia compacta","urn:lsid:marinespecies.org:taxname:361289","Platycopia compacta Ohtsuka, Soh & Ueda, 1998","Species","Animalia","Arthropoda","Copepoda","Platycopioida","Platycopiidae","Platycopia","Non-calanoid",1,
4205,"Platycopia inornata","urn:lsid:marinespecies.org:taxname:354836","Platycopia inornata Fosshagen, 1972","Species","Animalia","Arthropoda","Copepoda","Platycopioida","Platycopiidae","Platycopia","Non-calanoid",2,
4206,"Platycopia orientalis","urn:lsid:marinespecies.org:taxname:354837","Platycopia orientalis Ohtsuka & Boxshall, 1994","Species","Animalia","Arthropoda","Copepoda","Platycopioida","Platycopiidae","Platycopia","Non-calanoid",2,
4207,"Platycopia perplexa","urn:lsid:marinespecies.org:taxname:128558","Platycopia perplexa Sars G.O., 1911","Species","Animalia","Arthropoda","Copepoda","Platycopioida","Platycopiidae","Platycopia","Non-calanoid",4,25734
4208,"Platycopia pygmaea","urn:lsid:marinespecies.org:taxname:128559","Platycopia pygmaea Sars G.O., 1919","Species","Animalia","Arthropoda","Copepoda","Platycopioida","Platycopiidae","Platycopia","Non-calanoid",4,25735
4209,"Platycopia robusta","urn:lsid:marinespecies.org:taxname:128560","Platycopia robusta Andronov, 1985","Species","Animalia","Arthropoda","Copepoda","Platycopioida","Platycopiidae","Platycopia","Non-calanoid",2,
4210,"Platycopia sarsi","urn:lsid:marinespecies.org:taxname:356709","Platycopia sarsi Wilson M.S., 1946","Species","Animalia","Arthropoda","Copepoda","Platycopioida","Platycopiidae","Platycopia","Non-calanoid",1,29176
4211,"Platycopia tumida","urn:lsid:marinespecies.org:taxname:356710","Platycopia tumida (Wilson C.B., 1935)","Species","Animalia","Arthropoda","Copepoda","Platycopioida","Platycopiidae","Platycopia","Non-calanoid",2,29177
4213,"Platycopioida","urn:lsid:marinespecies.org:taxname:22605","Platycopioida Fosshagen, in Fosshagen & Iliffe, 1985","Order","Animalia","Arthropoda","Copepoda","Platycopioida",,,"Non-calanoid",1,
4216,"Pontoeciella abyssicola","urn:lsid:marinespecies.org:taxname:136003","Pontoeciella abyssicola (Scott T., 1893)","Species","Animalia","Arthropoda","Copepoda","Siphonostomatoida","Pontoeciellidae","Pontoeciella","Non-calanoid",2,31610
4220,"Porcellidium fimbriatum fimbriatum","urn:lsid:marinespecies.org:taxname:746006","Porcellidium fimbriatum fimbriatum Claus, 1863","Species","Animalia","Arthropoda","Copepoda","Harpacticoida","Porcellidiidae","Porcellidium","Non-calanoid",3,
4221,"Praecidochondria","urn:lsid:marinespecies.org:taxname:347818","Praecidochondria Kabata, 1968","Genus","Animalia","Arthropoda","Copepoda","Cyclopoida","Chondracanthidae","Praecidochondria","Non-calanoid",2,
4222,"Prochondracanthopsis","urn:lsid:marinespecies.org:taxname:347827","Prochondracanthopsis Shiino, 1960","Genus","Animalia","Arthropoda","Copepoda","Cyclopoida","Chondracanthidae","Prochondracanthopsis","Non-calanoid",2,
4223,"Prochondracanthus","urn:lsid:marinespecies.org:taxname:347828","Prochondracanthus Yamaguti, 1939","Genus","Animalia","Arthropoda","Copepoda","Cyclopoida","Chondracanthidae","Prochondracanthus","Non-calanoid",2,
4224,"Protochondracanthus","urn:lsid:marinespecies.org:taxname:347835","Protochondracanthus Kirtisinghe, 1950","Genus","Animalia","Arthropoda","Copepoda","Cyclopoida","Chondracanthidae","Protochondracanthus","Non-calanoid",2,
4225,"Protochondria","urn:lsid:marinespecies.org:taxname:347836","Protochondria Ho, 1970","Genus","Animalia","Arthropoda","Copepoda","Cyclopoida","Chondracanthidae","Protochondria","Non-calanoid",2,
4227,"Protospeleophria lucayae","urn:lsid:marinespecies.org:taxname:361314","Protospeleophria lucayae Jaume, Boxshall & Iliffe, 1998","Species","Animalia","Arthropoda","Copepoda","Misophrioida","Speleophriidae","Protospeleophria","Non-calanoid",1,
4228,"Pseudacanthocanthopsis","urn:lsid:marinespecies.org:taxname:347846","Pseudacanthocanthopsis Yamaguti & Yamasu, 1959","Genus","Animalia","Arthropoda","Copepoda","Cyclopoida","Chondracanthidae","Pseudacanthocanthopsis","Non-calanoid",2,
4230,"Pseudanuretes papernai","urn:lsid:marinespecies.org:taxname:355050","Pseudanuretes papernai Kabata & Deets, 1988","Species","Animalia","Arthropoda","Copepoda","Siphonostomatoida","Caligidae","Pseudanuretes","Non-calanoid",2,
4231,"Pseudoblias","urn:lsid:marinespecies.org:taxname:347853","Pseudoblias Heegaard, 1962","Genus","Animalia","Arthropoda","Copepoda","Cyclopoida","Chondracanthidae","Pseudoblias","Non-calanoid",2,
4232,"Pseudochondracanthus","urn:lsid:marinespecies.org:taxname:347859","Pseudochondracanthus Wilson C.B., 1908","Genus","Animalia","Arthropoda","Copepoda","Cyclopoida","Chondracanthidae","Pseudochondracanthus","Non-calanoid",2,
4233,"Pseudodiocus","urn:lsid:marinespecies.org:taxname:347867","Pseudodiocus Ho, 1972","Genus","Animalia","Arthropoda","Copepoda","Cyclopoida","Chondracanthidae","Pseudodiocus","Non-calanoid",2,
4235,"Pseudolubbockia dilatata","urn:lsid:marinespecies.org:taxname:128895","Pseudolubbockia dilatata Sars G.O., 1909","Species","Animalia","Arthropoda","Copepoda","Cyclopoida","Lubbockiidae","Pseudolubbockia","Non-calanoid",2,31604
4237,"Ratania atlantica","urn:lsid:marinespecies.org:taxname:136005","Ratania atlantica Farran, 1926","Species","Animalia","Arthropoda","Copepoda","Siphonostomatoida","Rataniidae","Ratania","Non-calanoid",3,31608
4238,"Ratania flava","urn:lsid:marinespecies.org:taxname:136006","Ratania flava Giesbrecht, 1893","Species","Animalia","Arthropoda","Copepoda","Siphonostomatoida","Rataniidae","Ratania","Non-calanoid",3,31609
4241,"Rhamphochela carinata","urn:lsid:marinespecies.org:taxname:345269","Rhamphochela carinata (Heron & Damkaer, 1978)","Species","Animalia","Arthropoda","Copepoda","Cyclopoida","Lubbockiidae","Rhamphochela","Non-calanoid",4,27902
4242,"Rhamphochela forcipula","urn:lsid:marinespecies.org:taxname:345270","Rhamphochela forcipula (Heron & Damkaer, 1978)","Species","Animalia","Arthropoda","Copepoda","Cyclopoida","Lubbockiidae","Rhamphochela","Non-calanoid",1,27903
4243,"Rhynchochondria","urn:lsid:marinespecies.org:taxname:347943","Rhynchochondria Ho, 1967","Genus","Animalia","Arthropoda","Copepoda","Cyclopoida","Chondracanthidae","Rhynchochondria","Non-calanoid",2,
4244,"Rohdea","urn:lsid:marinespecies.org:taxname:347951","Rohdea Kabata, 1992","Genus","Animalia","Arthropoda","Copepoda","Cyclopoida","Chondracanthidae","Rohdea","Non-calanoid",2,
4245,"Saphirella tropica","urn:lsid:marinespecies.org:taxname:196788","Saphirella tropica Wolfenden, 1906","Species","Animalia","Arthropoda","Copepoda","Cyclopoida","Clausidiidae","Saphirella","Non-calanoid",1,31658
4246,"Sapphirina","urn:lsid:marinespecies.org:taxname:128722","Sapphirina Thompson J., 1829","Genus","Animalia","Arthropoda","Copepoda","Cyclopoida","Sapphirinidae","Sapphirina","Non-calanoid",4,
4247,"Sapphirina angusta","urn:lsid:marinespecies.org:taxname:129041","Sapphirina angusta Dana, 1849","Species","Animalia","Arthropoda","Copepoda","Cyclopoida","Sapphirinidae","Sapphirina","Non-calanoid",17,31144
4248,"Sapphirina auronitens","urn:lsid:marinespecies.org:taxname:129042","Sapphirina auronitens Claus, 1863","Species","Animalia","Arthropoda","Copepoda","Cyclopoida","Sapphirinidae","Sapphirina","Non-calanoid",12,31147
4249,"Sapphirina bicuspidata","urn:lsid:marinespecies.org:taxname:129043","Sapphirina bicuspidata Giesbrecht, 1891","Species","Animalia","Arthropoda","Copepoda","Cyclopoida","Sapphirinidae","Sapphirina","Non-calanoid",6,31148
4250,"Sapphirina darwinii","urn:lsid:marinespecies.org:taxname:360445","Sapphirina darwinii Haeckel, 1864","Species","Animalia","Arthropoda","Copepoda","Cyclopoida","Sapphirinidae","Sapphirina","Non-calanoid",4,
4251,"Sapphirina gastrica","urn:lsid:marinespecies.org:taxname:129045","Sapphirina gastrica Giesbrecht, 1891","Species","Animalia","Arthropoda","Copepoda","Cyclopoida","Sapphirinidae","Sapphirina","Non-calanoid",6,27716
4252,"Sapphirina gemma","urn:lsid:marinespecies.org:taxname:129046","Sapphirina gemma Dana, 1852-1853","Species","Animalia","Arthropoda","Copepoda","Cyclopoida","Sapphirinidae","Sapphirina","Non-calanoid",38,27717
4253,"Sapphirina intestinata","urn:lsid:marinespecies.org:taxname:129048","Sapphirina intestinata Giesbrecht, 1891","Species","Animalia","Arthropoda","Copepoda","Cyclopoida","Sapphirinidae","Sapphirina","Non-calanoid",11,31149
4254,"Sapphirina iris","urn:lsid:marinespecies.org:taxname:129049","Sapphirina iris Dana, 1849","Species","Animalia","Arthropoda","Copepoda","Cyclopoida","Sapphirinidae","Sapphirina","Non-calanoid",7,27494
4255,"Sapphirina lactens","urn:lsid:marinespecies.org:taxname:129050","Sapphirina lactens Giesbrecht, 1893","Species","Animalia","Arthropoda","Copepoda","Cyclopoida","Sapphirinidae","Sapphirina","Non-calanoid",9,31150
4256,"Sapphirina maculosa","urn:lsid:marinespecies.org:taxname:129051","Sapphirina maculosa Giesbrecht, 1893","Species","Animalia","Arthropoda","Copepoda","Cyclopoida","Sapphirinidae","Sapphirina","Non-calanoid",6,31151
4257,"Sapphirina metallina","urn:lsid:marinespecies.org:taxname:129052","Sapphirina metallina Dana, 1849","Species","Animalia","Arthropoda","Copepoda","Cyclopoida","Sapphirinidae","Sapphirina","Non-calanoid",14,31141
4258,"Sapphirina nigromaculata","urn:lsid:marinespecies.org:taxname:129053","Sapphirina nigromaculata Claus, 1863","Species","Animalia","Arthropoda","Copepoda","Cyclopoida","Sapphirinidae","Sapphirina","Non-calanoid",23,31142
4259,"Sapphirina opalina","urn:lsid:marinespecies.org:taxname:129054","Sapphirina opalina Dana, 1849","Species","Animalia","Arthropoda","Copepoda","Cyclopoida","Sapphirinidae","Sapphirina","Non-calanoid",17,31145
4260,"Sapphirina ovatolanceolata","urn:lsid:marinespecies.org:taxname:129055","Sapphirina ovatolanceolata Dana, 1849","Species","Animalia","Arthropoda","Copepoda","Cyclopoida","Sapphirinidae","Sapphirina","Non-calanoid",17,31143
4261,"Sapphirina pyrosomatis","urn:lsid:marinespecies.org:taxname:129056","Sapphirina pyrosomatis Giesbrecht, 1893","Species","Animalia","Arthropoda","Copepoda","Cyclopoida","Sapphirinidae","Sapphirina","Non-calanoid",2,28674
4262,"Sapphirina sali","urn:lsid:marinespecies.org:taxname:129057","Sapphirina sali Farran, 1929","Species","Animalia","Arthropoda","Copepoda","Cyclopoida","Sapphirinidae","Sapphirina","Non-calanoid",7,27495
4263,"Sapphirina scarlata","urn:lsid:marinespecies.org:taxname:129058","Sapphirina scarlata Giesbrecht, 1891","Species","Animalia","Arthropoda","Copepoda","Cyclopoida","Sapphirinidae","Sapphirina","Non-calanoid",18,31672
4264,"Sapphirina sinuicauda","urn:lsid:marinespecies.org:taxname:129059","Sapphirina sinuicauda Brady, 1883","Species","Animalia","Arthropoda","Copepoda","Cyclopoida","Sapphirinidae","Sapphirina","Non-calanoid",4,81232
4265,"Sapphirina stellata","urn:lsid:marinespecies.org:taxname:129060","Sapphirina stellata Giesbrecht, 1891","Species","Animalia","Arthropoda","Copepoda","Cyclopoida","Sapphirinidae","Sapphirina","Non-calanoid",10,31146
4266,"Sapphirina vorax","urn:lsid:marinespecies.org:taxname:129061","Sapphirina vorax Giesbrecht, 1891","Species","Animalia","Arthropoda","Copepoda","Cyclopoida","Sapphirinidae","Sapphirina","Non-calanoid",7,28675
4269,"Sarsicopia polaris","urn:lsid:marinespecies.org:taxname:361226","Sarsicopia polaris Martínez Arbizu, 1997","Species","Animalia","Arthropoda","Copepoda","Platycopioida","Platycopiidae","Sarsicopia","Non-calanoid",2,
4271,"Scabrantenna yooi","urn:lsid:marinespecies.org:taxname:361602","Scabrantenna yooi Lee W. & Huys, 2000","Species","Animalia","Arthropoda","Copepoda","Harpacticoida","Aegisthidae","Scabrantenna","Non-calanoid",2,72177
4274,"Sensogiselina potteki","urn:lsid:marinespecies.org:taxname:361749","Sensogiselina potteki Martínez Arbizu, 2000","Species","Animalia","Arthropoda","Copepoda","Cyclopoida","Giselinidae","Sensogiselina","Non-calanoid",1,
4275,"Sensogiselina reducta","urn:lsid:marinespecies.org:taxname:361750","Sensogiselina reducta Martínez Arbizu, 2000","Species","Animalia","Arthropoda","Copepoda","Cyclopoida","Giselinidae","Sensogiselina","Non-calanoid",1,
4276,"Siphonostomatoida","urn:lsid:marinespecies.org:taxname:1104","Siphonostomatoida Burmeister, 1835","Order","Animalia","Arthropoda","Copepoda","Siphonostomatoida",,,"Non-calanoid",4,
4279,"Speleoithona bermudensis","urn:lsid:marinespecies.org:taxname:355686","Speleoithona bermudensis Rocha C.E.F. & Iliffe, 1993","Species","Animalia","Arthropoda","Copepoda","Cyclopoida","Speleoithonidae","Speleoithona","Non-calanoid",2,100090
4280,"Speleoithona eleutherensis","urn:lsid:marinespecies.org:taxname:355687","Speleoithona eleutherensis Rocha C.E.F. & Iliffe, 1991","Species","Animalia","Arthropoda","Copepoda","Cyclopoida","Speleoithonidae","Speleoithona","Non-calanoid",2,
4281,"Speleoithona salvadorensis","urn:lsid:marinespecies.org:taxname:355688","Speleoithona salvadorensis Rocha C.E.F. & Iliffe, 1991","Species","Animalia","Arthropoda","Copepoda","Cyclopoida","Speleoithonidae","Speleoithona","Non-calanoid",2,
4284,"Speleophria bivexilla","urn:lsid:marinespecies.org:taxname:355689","Speleophria bivexilla Boxshall & Iliffe, 1986","Species","Animalia","Arthropoda","Copepoda","Misophrioida","Speleophriidae","Speleophria","Non-calanoid",1,
4285,"Speleophria bunderae","urn:lsid:marinespecies.org:taxname:361852","Speleophria bunderae Jaume, Boxshall & Humphreys, 2001","Species","Animalia","Arthropoda","Copepoda","Misophrioida","Speleophriidae","Speleophria","Non-calanoid",2,
4286,"Speleophria gymnesica","urn:lsid:marinespecies.org:taxname:119216","Speleophria gymnesica Jaume & Boxshall, 1996","Species","Animalia","Arthropoda","Copepoda","Misophrioida","Speleophriidae","Speleophria","Non-calanoid",1,
4287,"Speleophria mestrovi","urn:lsid:marinespecies.org:taxname:367619","Speleophria mestrovi Kršinic, 2008","Species","Animalia","Arthropoda","Copepoda","Misophrioida","Speleophriidae","Speleophria","Non-calanoid",2,
4290,"Speleophriopsis balearicus","urn:lsid:marinespecies.org:taxname:119217","Speleophriopsis balearicus Jaume & Boxshall, 1996","Species","Animalia","Arthropoda","Copepoda","Misophrioida","Speleophriidae","Speleophriopsis","Non-calanoid",2,
4291,"Speleophriopsis campaneri","urn:lsid:marinespecies.org:taxname:359813","Speleophriopsis campaneri (Boxshall & Iliffe, 1990)","Species","Animalia","Arthropoda","Copepoda","Misophrioida","Speleophriidae","Speleophriopsis","Non-calanoid",1,
4292,"Speleophriopsis canariensis","urn:lsid:marinespecies.org:taxname:119218","Speleophriopsis canariensis Jaume & Boxshall, 1996","Species","Animalia","Arthropoda","Copepoda","Misophrioida","Speleophriidae","Speleophriopsis","Non-calanoid",2,
4293,"Speleophriopsis scottodicarloi","urn:lsid:marinespecies.org:taxname:359812","Speleophriopsis scottodicarloi (Boxshall & Iliffe, 1990)","Species","Animalia","Arthropoda","Copepoda","Misophrioida","Speleophriidae","Speleophriopsis","Non-calanoid",1,
4294,"Spinomonstrilla spinosa","urn:lsid:marinespecies.org:taxname:1381951","Spinomonstrilla spinosa (Park, 1967)","Species","Animalia","Arthropoda","Copepoda","Monstrilloida","Monstrillidae","Spinomonstrilla","Non-calanoid",3,
4296,"Spinoncaea humesi","urn:lsid:marinespecies.org:taxname:362082","Spinoncaea humesi Böttger-Schnack, 2003","Species","Animalia","Arthropoda","Copepoda","Cyclopoida","Oncaeidae","Spinoncaea","Non-calanoid",2,
4297,"Spinoncaea ivlevi","urn:lsid:marinespecies.org:taxname:362083","Spinoncaea ivlevi (Shmeleva, 1966)","Species","Animalia","Arthropoda","Copepoda","Cyclopoida","Oncaeidae","Spinoncaea","Non-calanoid",11,
4298,"Spinoncaea tenuis","urn:lsid:marinespecies.org:taxname:362084","Spinoncaea tenuis Böttger-Schnack, 2003","Species","Animalia","Arthropoda","Copepoda","Cyclopoida","Oncaeidae","Spinoncaea","Non-calanoid",2,
4299,"Strabax","urn:lsid:marinespecies.org:taxname:128620","Strabax Nordmann, 1864","Genus","Animalia","Arthropoda","Copepoda","Cyclopoida","Chondracanthidae","Strabax","Non-calanoid",2,
4301,"Stygomisophria kororiensis","urn:lsid:marinespecies.org:taxname:355929","Stygomisophria kororiensis (Boxshall & Iliffe, 1987)","Species","Animalia","Arthropoda","Copepoda","Misophrioida","Misophriidae","Stygomisophria","Non-calanoid",1,
4304,"Tachidius (Tachidius) discipes","urn:lsid:marinespecies.org:taxname:116814","Tachidius (Tachidius) discipes Giesbrecht, 1881","Species","Animalia","Arthropoda","Copepoda","Harpacticoida","Tachidiidae","Tachidius","Non-calanoid",1,
4308,"Thaumatopsyllus paradoxus","urn:lsid:marinespecies.org:taxname:106662","Thaumatopsyllus paradoxus Sars G.O., 1913","Species","Animalia","Arthropoda","Copepoda","Cyclopoida","Thaumatopsyllidae","Thaumatopsyllus","Non-calanoid",3,140868
4311,"Tigriopus californicus","urn:lsid:marinespecies.org:taxname:293140","Tigriopus californicus (Baker, 1912)","Species","Animalia","Arthropoda","Copepoda","Harpacticoida","Harpacticidae","Tigriopus","Non-calanoid",1,28619
4313,"Tisbe cucumariae","urn:lsid:marinespecies.org:taxname:116658","Tisbe cucumariae Humes, 1957","Species","Animalia","Arthropoda","Copepoda","Harpacticoida","Tisbidae","Tisbe","Non-calanoid",2,29150
4317,"Triconia antarctica","urn:lsid:marinespecies.org:taxname:345368","Triconia antarctica (Heron, 1977)","Species","Animalia","Arthropoda","Copepoda","Cyclopoida","Oncaeidae","Triconia","Non-calanoid",18,
4318,"Triconia borealis","urn:lsid:marinespecies.org:taxname:128956","Triconia borealis (Sars G.O., 1918)","Species","Animalia","Arthropoda","Copepoda","Cyclopoida","Oncaeidae","Triconia","Non-calanoid",42,31590
4319,"Triconia canadensis","urn:lsid:marinespecies.org:taxname:385744","Triconia canadensis (Heron & Frost, 2000)","Species","Animalia","Arthropoda","Copepoda","Cyclopoida","Oncaeidae","Triconia","Non-calanoid",31,
4320,"Triconia conifera","urn:lsid:marinespecies.org:taxname:128957","Triconia conifera (Giesbrecht, 1891)","Species","Animalia","Arthropoda","Copepoda","Cyclopoida","Oncaeidae","Triconia","Non-calanoid",50,31591
4321,"Triconia constricta","urn:lsid:marinespecies.org:taxname:608074","Triconia constricta Wi, Böttger-Schnack & Soh, 2012","Species","Animalia","Arthropoda","Copepoda","Cyclopoida","Oncaeidae","Triconia","Non-calanoid",2,
4322,"Triconia denticula","urn:lsid:marinespecies.org:taxname:590076","Triconia denticula Wi, Shin & Soh, 2011","Species","Animalia","Arthropoda","Copepoda","Cyclopoida","Oncaeidae","Triconia","Non-calanoid",1,
4323,"Triconia dentipes","urn:lsid:marinespecies.org:taxname:128958","Triconia dentipes (Giesbrecht, 1891)","Species","Animalia","Arthropoda","Copepoda","Cyclopoida","Oncaeidae","Triconia","Non-calanoid",23,
4324,"Triconia derivata","urn:lsid:marinespecies.org:taxname:361552","Triconia derivata (Heron & Bradford-Grieve, 1995)","Species","Animalia","Arthropoda","Copepoda","Cyclopoida","Oncaeidae","Triconia","Non-calanoid",2,
4325,"Triconia elongata","urn:lsid:marinespecies.org:taxname:361555","Triconia elongata Böttger-Schnack, 1999","Species","Animalia","Arthropoda","Copepoda","Cyclopoida","Oncaeidae","Triconia","Non-calanoid",7,
4326,"Triconia furcula","urn:lsid:marinespecies.org:taxname:128959","Triconia furcula (Farran, 1936)","Species","Animalia","Arthropoda","Copepoda","Cyclopoida","Oncaeidae","Triconia","Non-calanoid",2,
4327,"Triconia giesbrechti","urn:lsid:marinespecies.org:taxname:361556","Triconia giesbrechti Böttger-Schnack, 1999","Species","Animalia","Arthropoda","Copepoda","Cyclopoida","Oncaeidae","Triconia","Non-calanoid",7,
4328,"Triconia gonopleura","urn:lsid:marinespecies.org:taxname:361557","Triconia gonopleura Böttger-Schnack, 1999","Species","Animalia","Arthropoda","Copepoda","Cyclopoida","Oncaeidae","Triconia","Non-calanoid",1,
4329,"Triconia hawii","urn:lsid:marinespecies.org:taxname:361550","Triconia hawii (Böttger-Schnack & Boxshall, 1990)","Species","Animalia","Arthropoda","Copepoda","Cyclopoida","Oncaeidae","Triconia","Non-calanoid",7,
4330,"Triconia hirsuta","urn:lsid:marinespecies.org:taxname:537146","Triconia hirsuta Wi, Böttger-Schnack & Soh, 2010","Species","Animalia","Arthropoda","Copepoda","Cyclopoida","Oncaeidae","Triconia","Non-calanoid",1,
4331,"Triconia inflexa","urn:lsid:marinespecies.org:taxname:345369","Triconia inflexa (Heron, 1977)","Species","Animalia","Arthropoda","Copepoda","Cyclopoida","Oncaeidae","Triconia","Non-calanoid",7,
4332,"Triconia minuta","urn:lsid:marinespecies.org:taxname:128960","Triconia minuta (Giesbrecht, 1893)","Species","Animalia","Arthropoda","Copepoda","Cyclopoida","Oncaeidae","Triconia","Non-calanoid",27,
4333,"Triconia pacifica","urn:lsid:marinespecies.org:taxname:739559","Triconia pacifica Cho, Kim W.S., Böttger-Schnack & Lee, 2013","Species","Animalia","Arthropoda","Copepoda","Cyclopoida","Oncaeidae","Triconia","Non-calanoid",2,
4334,"Triconia pararedacta","urn:lsid:marinespecies.org:taxname:608075","Triconia pararedacta Wi, Böttger-Schnack & Soh, 2012","Species","Animalia","Arthropoda","Copepoda","Cyclopoida","Oncaeidae","Triconia","Non-calanoid",1,
4335,"Triconia parasimilis","urn:lsid:marinespecies.org:taxname:361558","Triconia parasimilis Böttger-Schnack, 1999","Species","Animalia","Arthropoda","Copepoda","Cyclopoida","Oncaeidae","Triconia","Non-calanoid",2,
4336,"Triconia quadrata","urn:lsid:marinespecies.org:taxname:361553","Triconia quadrata (Heron & Bradford-Grieve, 1995)","Species","Animalia","Arthropoda","Copepoda","Cyclopoida","Oncaeidae","Triconia","Non-calanoid",2,166928
4337,"Triconia recta","urn:lsid:marinespecies.org:taxname:361559","Triconia recta Böttger-Schnack, 1999","Species","Animalia","Arthropoda","Copepoda","Cyclopoida","Oncaeidae","Triconia","Non-calanoid",7,
4338,"Triconia redacta","urn:lsid:marinespecies.org:taxname:361554","Triconia redacta (Heron & Bradford-Grieve, 1995)","Species","Animalia","Arthropoda","Copepoda","Cyclopoida","Oncaeidae","Triconia","Non-calanoid",2,
4339,"Triconia rufa","urn:lsid:marinespecies.org:taxname:361549","Triconia rufa (Boxshall & Böttger, 1987)","Species","Animalia","Arthropoda","Copepoda","Cyclopoida","Oncaeidae","Triconia","Non-calanoid",7,
4340,"Triconia similis","urn:lsid:marinespecies.org:taxname:128961","Triconia similis (Sars G.O., 1918)","Species","Animalia","Arthropoda","Copepoda","Cyclopoida","Oncaeidae","Triconia","Non-calanoid",23,
4341,"Triconia thoresoni","urn:lsid:marinespecies.org:taxname:387246","Triconia thoresoni (Heron & Frost, 2000)","Species","Animalia","Arthropoda","Copepoda","Cyclopoida","Oncaeidae","Triconia","Non-calanoid",2,
4342,"Triconia umerus","urn:lsid:marinespecies.org:taxname:361551","Triconia umerus (Böttger-Schnack & Boxshall, 1990)","Species","Animalia","Arthropoda","Copepoda","Cyclopoida","Oncaeidae","Triconia","Non-calanoid",11,
4344,"Urocopia deeveyae","urn:lsid:marinespecies.org:taxname:360760","Urocopia deeveyae (Boxshall, 1981)","Species","Animalia","Arthropoda","Copepoda","Cyclopoida","Urocopiidae","Urocopia","Non-calanoid",1,
4345,"Urocopia singularis","urn:lsid:marinespecies.org:taxname:356353","Urocopia singularis Sars G.O., 1917","Species","Animalia","Arthropoda","Copepoda","Cyclopoida","Urocopiidae","Urocopia","Non-calanoid",2,28714
4347,"Urocorycaeus","urn:lsid:marinespecies.org:taxname:128639","Urocorycaeus Dahl, 1912","Genus","Animalia","Arthropoda","Copepoda","Cyclopoida","Corycaeidae","Urocorycaeus","Non-calanoid",1,
4348,"Urocorycaeus furcifer","urn:lsid:marinespecies.org:taxname:128821","Urocorycaeus furcifer (Claus, 1863)","Species","Animalia","Arthropoda","Copepoda","Cyclopoida","Corycaeidae","Urocorycaeus","Non-calanoid",18,
4349,"Urocorycaeus lautus","urn:lsid:marinespecies.org:taxname:128822","Urocorycaeus lautus (Dana, 1849)","Species","Animalia","Arthropoda","Copepoda","Cyclopoida","Corycaeidae","Urocorycaeus","Non-calanoid",14,
4350,"Urocorycaeus longistylis","urn:lsid:marinespecies.org:taxname:765217","Urocorycaeus longistylis (Dana, 1849)","Species","Animalia","Arthropoda","Copepoda","Cyclopoida","Corycaeidae","Urocorycaeus","Non-calanoid",11,
4352,"Vettoria granulosa","urn:lsid:marinespecies.org:taxname:129062","Vettoria granulosa (Giesbrecht, 1891)","Species","Animalia","Arthropoda","Copepoda","Cyclopoida","Sapphirinidae","Vettoria","Non-calanoid",14,31156
4353,"Vettoria indica","urn:lsid:marinespecies.org:taxname:360765","Vettoria indica (Krishnaswamy, 1952)","Species","Animalia","Arthropoda","Copepoda","Cyclopoida","Sapphirinidae","Vettoria","Non-calanoid",2,
4354,"Vettoria longifurca","urn:lsid:marinespecies.org:taxname:129063","Vettoria longifurca (Rose & Vaissière, 1952)","Species","Animalia","Arthropoda","Copepoda","Cyclopoida","Sapphirinidae","Vettoria","Non-calanoid",5,
4355,"Vettoria parva","urn:lsid:marinespecies.org:taxname:129064","Vettoria parva (Farran, 1936)","Species","Animalia","Arthropoda","Copepoda","Cyclopoida","Sapphirinidae","Vettoria","Non-calanoid",11,28676
4357,"Volkmannia attenuata","urn:lsid:marinespecies.org:taxname:356368","Volkmannia attenuata Boxshall, 1979","Species","Animalia","Arthropoda","Copepoda","Harpacticoida","Tisbidae","Volkmannia","Non-calanoid",1,
4358,"Volkmannia forficula","urn:lsid:marinespecies.org:taxname:356369","Volkmannia forficula Boxshall, 1979","Species","Animalia","Arthropoda","Copepoda","Harpacticoida","Tisbidae","Volkmannia","Non-calanoid",2,
4359,"Zaus","urn:lsid:marinespecies.org:taxname:115352","Zaus Goodsir, 1845","Genus","Animalia","Arthropoda","Copepoda","Harpacticoida","Harpacticidae","Zaus","Non-calanoid",6,
4360,"Zaus spinatus spinatus","urn:lsid:marinespecies.org:taxname:116864","Zaus spinatus spinatus Goodsir, 1845","Species","Animalia","Arthropoda","Copepoda","Harpacticoida","Harpacticidae","Zaus","Non-calanoid",3,
4361,"Alacia","urn:lsid:marinespecies.org:taxname:127528","Alacia Poulsen, 1973","Genus","Animalia","Arthropoda","Ostracoda","Halocyprida","Halocyprididae","Alacia","Ostracod",3,
4362,"Alacia alata","urn:lsid:marinespecies.org:taxname:127732","Alacia alata (Müller, 1906)","Species","Animalia","Arthropoda","Ostracoda","Halocyprida","Halocyprididae","Alacia","Ostracod",11,81235
4363,"Alacia belgicae","urn:lsid:marinespecies.org:taxname:172453","Alacia belgicae (Müller, G. W., 1906)","Species","Animalia","Arthropoda","Ostracoda","Halocyprida","Halocyprididae","Alacia","Ostracod",4,142339
4364,"Alacia hettacra","urn:lsid:marinespecies.org:taxname:172456","Alacia hettacra (Müller, G. W., 1906)","Species","Animalia","Arthropoda","Ostracoda","Halocyprida","Halocyprididae","Alacia","Ostracod",4,142340
4365,"Alacia leptothrix","urn:lsid:marinespecies.org:taxname:127733","Alacia leptothrix (Müller, G. W., 1906)","Species","Animalia","Arthropoda","Ostracoda","Halocyprida","Halocyprididae","Alacia","Ostracod",3,
4366,"Alacia major","urn:lsid:marinespecies.org:taxname:422960","Alacia major Chavtur, 1978","Species","Animalia","Arthropoda","Ostracoda","Halocyprida","Halocyprididae","Alacia","Ostracod",4,
4367,"Alacia minor","urn:lsid:marinespecies.org:taxname:172451","Alacia minor (McHardy, R.A., 1964)","Subspecies","Animalia","Arthropoda","Ostracoda","Halocyprida","Halocyprididae","Alacia","Ostracod",5,
4368,"Alacia valdiviae","urn:lsid:marinespecies.org:taxname:127734","Alacia valdiviae (Müller, 1906)","Species","Animalia","Arthropoda","Ostracoda","Halocyprida","Halocyprididae","Alacia","Ostracod",4,
4369,"Archiconchoecemma simula","urn:lsid:marinespecies.org:taxname:175463","Archiconchoecemma simula (Deevey, 1982)","Species","Animalia","Arthropoda","Ostracoda","Halocyprida","Halocyprididae","Archiconchoecemma","Ostracod",6,
4370,"Archiconchoecerra longiseta","urn:lsid:marinespecies.org:taxname:176653","Archiconchoecerra longiseta (Deevey, 1978)","Species","Animalia","Arthropoda","Ostracoda","Halocyprida","Halocyprididae","Archiconchoecerra","Ostracod",3,
4372,"Archiconchoecetta bidens","urn:lsid:marinespecies.org:taxname:175688","Archiconchoecetta bidens (Deevey, 1982)","Species","Animalia","Arthropoda","Ostracoda","Halocyprida","Halocyprididae","Archiconchoecetta","Ostracod",2,
4373,"Archiconchoecetta bifurcata","urn:lsid:marinespecies.org:taxname:176640","Archiconchoecetta bifurcata (Deevey, 1978)","Species","Animalia","Arthropoda","Ostracoda","Halocyprida","Halocyprididae","Archiconchoecetta","Ostracod",4,
4374,"Archiconchoecetta bimucronata","urn:lsid:marinespecies.org:taxname:176644","Archiconchoecetta bimucronata (Deevey, 1978)","Species","Animalia","Arthropoda","Ostracoda","Halocyprida","Halocyprididae","Archiconchoecetta","Ostracod",4,
4375,"Archiconchoecetta bispicula","urn:lsid:marinespecies.org:taxname:176642","Archiconchoecetta bispicula (Deevey, 1978)","Species","Animalia","Arthropoda","Ostracoda","Halocyprida","Halocyprididae","Archiconchoecetta","Ostracod",4,
4376,"Archiconchoecetta ventricosa","urn:lsid:marinespecies.org:taxname:176635","Archiconchoecetta ventricosa (Müller, G. W., 1906)","Species","Animalia","Arthropoda","Ostracoda","Halocyprida","Halocyprididae","Archiconchoecetta","Ostracod",4,
4377,"Archiconchoecia","urn:lsid:marinespecies.org:taxname:127529","Archiconchoecia Müller, 1894","Genus","Animalia","Arthropoda","Ostracoda","Halocyprida","Halocyprididae","Archiconchoecia","Ostracod",2,
4378,"Archiconchoecia cucullata","urn:lsid:marinespecies.org:taxname:127738","Archiconchoecia cucullata (Brady, 1902)","Species","Animalia","Arthropoda","Ostracoda","Halocyprida","Halocyprididae","Archiconchoecia","Ostracod",13,31748
4379,"Archiconchoecia cuneata","urn:lsid:marinespecies.org:taxname:127739","Archiconchoecia cuneata Müller, G. W., 1908","Species","Animalia","Arthropoda","Ostracoda","Halocyprida","Halocyprididae","Archiconchoecia","Ostracod",4,87188
4380,"Archiconchoecia striata","urn:lsid:marinespecies.org:taxname:127746","Archiconchoecia striata Müller, G. W., 1894","Species","Animalia","Arthropoda","Ostracoda","Halocyprida","Halocyprididae","Archiconchoecia","Ostracod",5,87187
4381,"Archiconchoecia versicula","urn:lsid:marinespecies.org:taxname:127748","Archiconchoecia versicula Deevey, 1978","Species","Animalia","Arthropoda","Ostracoda","Halocyprida","Halocyprididae","Archiconchoecia","Ostracod",6,
4384,"Austrinoecia isocheira","urn:lsid:marinespecies.org:taxname:536012","Austrinoecia isocheira (Müller, G. W., 1906)","Species","Animalia","Arthropoda","Ostracoda","Halocyprida","Halocyprididae","Austrinoecia","Ostracod",4,
4385,"Azygocypridina","urn:lsid:marinespecies.org:taxname:127519","Azygocypridina Sylvester-Bradley, 1950","Genus","Animalia","Arthropoda","Ostracoda","Myodocopida","Cypridinidae","Azygocypridina","Ostracod",2,
4387,"Boroecia","urn:lsid:marinespecies.org:taxname:127531","Boroecia Poulsen, 1973","Genus","Animalia","Arthropoda","Ostracoda","Halocyprida","Halocyprididae","Boroecia","Ostracod",2,
4388,"Boroecia antipoda","urn:lsid:marinespecies.org:taxname:172467","Boroecia antipoda (Müller, G. W., 1906)","Species","Animalia","Arthropoda","Ostracoda","Halocyprida","Halocyprididae","Boroecia","Ostracod",3,152843
4389,"Boroecia maxima","urn:lsid:marinespecies.org:taxname:127767","Boroecia maxima (Brady & Norman, 1896)","Species","Animalia","Arthropoda","Ostracoda","Halocyprida","Halocyprididae","Boroecia","Ostracod",3,167157
4391,"Clausoecia pusilla","urn:lsid:marinespecies.org:taxname:536008","Clausoecia pusilla (Müller, G. W., 1906)","Species","Animalia","Arthropoda","Ostracoda","Halocyprida","Halocyprididae","Clausoecia","Ostracod",6,
4393,"Conchoecetta acuminata","urn:lsid:marinespecies.org:taxname:127768","Conchoecetta acuminata Claus, 1890","Species","Animalia","Arthropoda","Ostracoda","Halocyprida","Halocyprididae","Conchoecetta","Ostracod",10,81237
4394,"Conchoecetta giesbrechti","urn:lsid:marinespecies.org:taxname:127769","Conchoecetta giesbrechti (Müller, 1906)","Species","Animalia","Arthropoda","Ostracoda","Halocyprida","Halocyprididae","Conchoecetta","Ostracod",10,81238
4395,"Conchoecia","urn:lsid:marinespecies.org:taxname:127533","Conchoecia Dana, 1849","Genus","Animalia","Arthropoda","Ostracoda","Halocyprida","Halocyprididae","Conchoecia","Ostracod",8,
4396,"Conchoecia magna","urn:lsid:marinespecies.org:taxname:127773","Conchoecia magna Claus, 1874","Species","Animalia","Arthropoda","Ostracoda","Halocyprida","Halocyprididae","Conchoecia","Ostracod",6,81223
4397,"Conchoecia rudyakovi","urn:lsid:marinespecies.org:taxname:1314226","Conchoecia rudyakovi Chavtur, in Chavtur & Bashmanov, 2018","Species","Animalia","Arthropoda","Ostracoda","Halocyprida","Halocyprididae","Conchoecia","Ostracod",6,
4398,"Conchoecia subarcuata","urn:lsid:marinespecies.org:taxname:127775","Conchoecia subarcuata Claus, 1890","Species","Animalia","Arthropoda","Ostracoda","Halocyprida","Halocyprididae","Conchoecia","Ostracod",4,81224
4402,"Conchoecilla chuni","urn:lsid:marinespecies.org:taxname:172482","Conchoecilla chuni (Müller, G. W., 1906)","Species","Animalia","Arthropoda","Ostracoda","Halocyprida","Halocyprididae","Conchoecilla","Ostracod",9,152849
4403,"Conchoecilla daphnoides","urn:lsid:marinespecies.org:taxname:127776","Conchoecilla daphnoides Claus, 1890","Species","Animalia","Arthropoda","Ostracoda","Halocyprida","Halocyprididae","Conchoecilla","Ostracod",10,81241
4404,"Conchoecissa","urn:lsid:marinespecies.org:taxname:127535","Conchoecissa Claus, 1890","Genus","Animalia","Arthropoda","Ostracoda","Halocyprida","Halocyprididae","Conchoecissa","Ostracod",2,
4405,"Conchoecissa ametra","urn:lsid:marinespecies.org:taxname:127777","Conchoecissa ametra (Müller, 1906)","Species","Animalia","Arthropoda","Ostracoda","Halocyprida","Halocyprididae","Conchoecissa","Ostracod",9,
4406,"Conchoecissa imbricata","urn:lsid:marinespecies.org:taxname:127778","Conchoecissa imbricata (Brady, 1880)","Species","Animalia","Arthropoda","Ostracoda","Halocyprida","Halocyprididae","Conchoecissa","Ostracod",4,81242
4407,"Conchoecissa plinthina","urn:lsid:marinespecies.org:taxname:127779","Conchoecissa plinthina (Müller, G. W., 1906)","Species","Animalia","Arthropoda","Ostracoda","Halocyprida","Halocyprididae","Conchoecissa","Ostracod",4,81858
4408,"Conchoecissa squamosa","urn:lsid:marinespecies.org:taxname:172486","Conchoecissa squamosa (Müller, G. W., 1906)","Species","Animalia","Arthropoda","Ostracoda","Halocyprida","Halocyprididae","Conchoecissa","Ostracod",3,
4409,"Conchoecissa symmetrica","urn:lsid:marinespecies.org:taxname:127780","Conchoecissa symmetrica (Müller, G. W., 1906)","Species","Animalia","Arthropoda","Ostracoda","Halocyprida","Halocyprididae","Conchoecissa","Ostracod",6,
4414,"Cyprideis torosa","urn:lsid:marinespecies.org:taxname:127986","Cyprideis torosa (Jones, 1850)","Species","Animalia","Arthropoda","Ostracoda","Podocopida","Cytherideidae","Cyprideis","Ostracod",2,31988
4415,"Cypridina","urn:lsid:marinespecies.org:taxname:127520","Cypridina Milne Edwards, 1840","Genus","Animalia","Arthropoda","Ostracoda","Myodocopida","Cypridinidae","Cypridina","Ostracod",4,
4423,"Deeveyoecia arcuata","urn:lsid:marinespecies.org:taxname:535999","Deeveyoecia arcuata (Deevey, 1978)","Species","Animalia","Arthropoda","Ostracoda","Halocyprida","Halocyprididae","Deeveyoecia","Ostracod",4,
4425,"Diasterope pilosa","urn:lsid:marinespecies.org:taxname:451103","Diasterope pilosa Poulsen, 1965","Species","Animalia","Arthropoda","Ostracoda","Myodocopida","Cylindroleberididae","Diasterope","Ostracod",2,32388
4426,"Discoconchoecia","urn:lsid:marinespecies.org:taxname:127536","Discoconchoecia Martens, 1979","Genus","Animalia","Arthropoda","Ostracoda","Halocyprida","Halocyprididae","Discoconchoecia","Ostracod",4,
4427,"Discoconchoecia discophora","urn:lsid:marinespecies.org:taxname:127781","Discoconchoecia discophora Müller, G. W., 1906","Species","Animalia","Arthropoda","Ostracoda","Halocyprida","Halocyprididae","Discoconchoecia","Ostracod",3,
4428,"Discoconchoecia elegans","urn:lsid:marinespecies.org:taxname:127782","Discoconchoecia elegans (Sars, 1866)","Species","Animalia","Arthropoda","Ostracoda","Halocyprida","Halocyprididae","Discoconchoecia","Ostracod",21,81245
4429,"Discoconchoecia pseudodiscophora","urn:lsid:marinespecies.org:taxname:172490","Discoconchoecia pseudodiscophora (Rudjakov, 1962)","Species","Animalia","Arthropoda","Ostracoda","Halocyprida","Halocyprididae","Discoconchoecia","Ostracod",6,
4431,"Euconchoecia chierchiae","urn:lsid:marinespecies.org:taxname:127785","Euconchoecia chierchiae Müller, G. W., 1890","Species","Animalia","Arthropoda","Ostracoda","Halocyprida","Halocyprididae","Euconchoecia","Ostracod",6,32440
4434,"Euphilomedes interpuncta","urn:lsid:marinespecies.org:taxname:127865","Euphilomedes interpuncta (Baird, 1850)","Species","Animalia","Arthropoda","Ostracoda","Myodocopida","Philomedidae","Euphilomedes","Ostracod",21,81247
4435,"Euphilomedes producta","urn:lsid:marinespecies.org:taxname:451226","Euphilomedes producta Poulsen, 1962","Species","Animalia","Arthropoda","Ostracoda","Myodocopida","Philomedidae","Euphilomedes","Ostracod",2,32467
4436,"Fellia","urn:lsid:marinespecies.org:taxname:175710","Fellia Poulsen, 1969","Genus","Animalia","Arthropoda","Ostracoda","Halocyprida","Halocyprididae","Fellia","Ostracod",3,
4437,"Fellia bicornis","urn:lsid:marinespecies.org:taxname:127786","Fellia bicornis (Müller, 1906)","Species","Animalia","Arthropoda","Ostracoda","Halocyprida","Halocyprididae","Fellia","Ostracod",7,81248
4438,"Fellia cornuta","urn:lsid:marinespecies.org:taxname:127787","Fellia cornuta (Müller, 1906)","Species","Animalia","Arthropoda","Ostracoda","Halocyprida","Halocyprididae","Fellia","Ostracod",6,81249
4439,"Fellia dispar","urn:lsid:marinespecies.org:taxname:176603","Fellia dispar (Müller, 1906)","Species","Animalia","Arthropoda","Ostracoda","Halocyprida","Halocyprididae","Fellia","Ostracod",7,
4441,"Gaussicia edentata","urn:lsid:marinespecies.org:taxname:127788","Gaussicia edentata (Müller, G. W., 1906)","Species","Animalia","Arthropoda","Ostracoda","Halocyprida","Halocyprididae","Gaussicia","Ostracod",11,
4442,"Gaussicia gaussi","urn:lsid:marinespecies.org:taxname:127789","Gaussicia gaussi (Müller, G. W., 1906)","Species","Animalia","Arthropoda","Ostracoda","Halocyprida","Halocyprididae","Gaussicia","Ostracod",4,
4443,"Gaussicia incisa","urn:lsid:marinespecies.org:taxname:127790","Gaussicia incisa (Müller, G. W., 1906)","Species","Animalia","Arthropoda","Ostracoda","Halocyprida","Halocyprididae","Gaussicia","Ostracod",4,81250
4444,"Gaussicia subedentata","urn:lsid:marinespecies.org:taxname:127791","Gaussicia subedentata (Gooday, 1976)","Species","Animalia","Arthropoda","Ostracoda","Halocyprida","Halocyprididae","Gaussicia","Ostracod",4,
4447,"Gigantocypris agassizi","urn:lsid:marinespecies.org:taxname:176758","Gigantocypris agassizi Müller, 1895","Species","Animalia","Arthropoda","Ostracoda","Myodocopida","Cypridinidae","Gigantocypris","Ostracod",7,
4448,"Gigantocypris dracontovalis","urn:lsid:marinespecies.org:taxname:127714","Gigantocypris dracontovalis Cannon, 1940","Species","Animalia","Arthropoda","Ostracoda","Myodocopida","Cypridinidae","Gigantocypris","Ostracod",4,
4449,"Gigantocypris muelleri","urn:lsid:marinespecies.org:taxname:127715","Gigantocypris muelleri Skogsberg, 1920","Species","Animalia","Arthropoda","Ostracoda","Myodocopida","Cypridinidae","Gigantocypris","Ostracod",397,152845
4451,"Halocypria globosa","urn:lsid:marinespecies.org:taxname:127793","Halocypria globosa Claus, 1874","Species","Animalia","Arthropoda","Ostracoda","Halocyprida","Halocyprididae","Halocypria","Ostracod",4,31746
4454,"Halocypris","urn:lsid:marinespecies.org:taxname:127543","Halocypris Dana, 1853","Genus","Animalia","Arthropoda","Ostracoda","Halocyprida","Halocyprididae","Halocypris","Ostracod",3,
4455,"Halocypris inflata","urn:lsid:marinespecies.org:taxname:127794","Halocypris inflata Dana, 1849","Species","Animalia","Arthropoda","Ostracoda","Halocyprida","Halocyprididae","Halocypris","Ostracod",4,31745
4456,"Halocypris pelagica","urn:lsid:marinespecies.org:taxname:127795","Halocypris pelagica Claus, 1890","Species","Animalia","Arthropoda","Ostracoda","Halocyprida","Halocyprididae","Halocypris","Ostracod",4,31747
4458,"Hyalocoecia hyalophyllum","urn:lsid:marinespecies.org:taxname:1314235","Hyalocoecia hyalophyllum (Claus, 1890)","Species","Animalia","Arthropoda","Ostracoda","Halocyprida","Halocyprididae","Hyalocoecia","Ostracod",12,
4459,"Kyrtoecia kyrtophora","urn:lsid:marinespecies.org:taxname:536003","Kyrtoecia kyrtophora (Müller, G. W., 1906)","Species","Animalia","Arthropoda","Ostracoda","Halocyprida","Halocyprididae","Kyrtoecia","Ostracod",4,
4461,"Leuroleberis zealandica","urn:lsid:marinespecies.org:taxname:451063","Leuroleberis zealandica (Baird, 1850)","Species","Animalia","Arthropoda","Ostracoda","Myodocopida","Cylindroleberididae","Leuroleberis","Ostracod",2,
4463,"Lophuroecia lophura","urn:lsid:marinespecies.org:taxname:1314233","Lophuroecia lophura (Müller, 1906)","Species","Animalia","Arthropoda","Ostracoda","Halocyprida","Halocyprididae","Lophuroecia","Ostracod",10,
4465,"Loricoecia acutimarginata","urn:lsid:marinespecies.org:taxname:127796","Loricoecia acutimarginata Chavtur, 1977","Species","Animalia","Arthropoda","Ostracoda","Halocyprida","Halocyprididae","Loricoecia","Ostracod",4,
4466,"Loricoecia ctenophora","urn:lsid:marinespecies.org:taxname:127797","Loricoecia ctenophora (Müller, G. W., 1906)","Species","Animalia","Arthropoda","Ostracoda","Halocyprida","Halocyprididae","Loricoecia","Ostracod",8,
4467,"Loricoecia loricata","urn:lsid:marinespecies.org:taxname:127798","Loricoecia loricata (Claus, 1894)","Species","Animalia","Arthropoda","Ostracoda","Halocyprida","Halocyprididae","Loricoecia","Ostracod",11,81251
4469,"Macrochoecilla macrocheira","urn:lsid:marinespecies.org:taxname:1314230","Macrochoecilla macrocheira (Müller, 1906)","Species","Animalia","Arthropoda","Ostracoda","Halocyprida","Halocyprididae","Macrochoecilla","Ostracod",10,
4471,"Macroconchoecia macroreticulata","urn:lsid:marinespecies.org:taxname:127799","Macroconchoecia macroreticulata (Ellis, 1984)","Species","Animalia","Arthropoda","Ostracoda","Halocyprida","Halocyprididae","Macroconchoecia","Ostracod",4,
4472,"Macroconchoecia reticulata","urn:lsid:marinespecies.org:taxname:127800","Macroconchoecia reticulata (Müller, G. W., 1906)","Species","Animalia","Arthropoda","Ostracoda","Halocyprida","Halocyprididae","Macroconchoecia","Ostracod",4,
4473,"Macroconchoecia spinireticulata","urn:lsid:marinespecies.org:taxname:127801","Macroconchoecia spinireticulata (Ellis, 1984)","Species","Animalia","Arthropoda","Ostracoda","Halocyprida","Halocyprididae","Macroconchoecia","Ostracod",4,
4475,"Macrocypridina castanea","urn:lsid:marinespecies.org:taxname:127716","Macrocypridina castanea (Brady, 1897)","Species","Animalia","Arthropoda","Ostracoda","Myodocopida","Cypridinidae","Macrocypridina","Ostracod",8,31761
4476,"Macrocypridina poulseni","urn:lsid:marinespecies.org:taxname:176752","Macrocypridina poulseni Martens, 1979","Species","Animalia","Arthropoda","Ostracoda","Myodocopida","Cypridinidae","Macrocypridina","Ostracod",10,81252
4477,"Metaconchoecia","urn:lsid:marinespecies.org:taxname:127546","Metaconchoecia Howe, 1955","Genus","Animalia","Arthropoda","Ostracoda","Halocyprida","Halocyprididae","Metaconchoecia","Ostracod",5,
4478,"Metaconchoecia acuta","urn:lsid:marinespecies.org:taxname:127802","Metaconchoecia acuta (Gooday, 1981)","Species","Animalia","Arthropoda","Ostracoda","Halocyprida","Halocyprididae","Metaconchoecia","Ostracod",6,
4479,"Metaconchoecia australis","urn:lsid:marinespecies.org:taxname:172498","Metaconchoecia australis (Gooday, 1981)","Species","Animalia","Arthropoda","Ostracoda","Halocyprida","Halocyprididae","Metaconchoecia","Ostracod",7,
4480,"Metaconchoecia discoveryi","urn:lsid:marinespecies.org:taxname:127804","Metaconchoecia discoveryi (Gooday, 1981)","Species","Animalia","Arthropoda","Ostracoda","Halocyprida","Halocyprididae","Metaconchoecia","Ostracod",6,
4481,"Metaconchoecia fowleri","urn:lsid:marinespecies.org:taxname:127805","Metaconchoecia fowleri (Gooday, 1981)","Species","Animalia","Arthropoda","Ostracoda","Halocyprida","Halocyprididae","Metaconchoecia","Ostracod",11,
4482,"Metaconchoecia inflata","urn:lsid:marinespecies.org:taxname:127807","Metaconchoecia inflata (Gooday, 1981)","Species","Animalia","Arthropoda","Ostracoda","Halocyprida","Halocyprididae","Metaconchoecia","Ostracod",9,
4483,"Metaconchoecia inflata lata","urn:lsid:marinespecies.org:taxname:175792","Metaconchoecia inflata lata Chavtur, 2003","Subspecies","Animalia","Arthropoda","Ostracoda","Halocyprida","Halocyprididae","Metaconchoecia","Ostracod",3,
4484,"Metaconchoecia longiseta","urn:lsid:marinespecies.org:taxname:175796","Metaconchoecia longiseta Chavtur, 2003","Species","Animalia","Arthropoda","Ostracoda","Halocyprida","Halocyprididae","Metaconchoecia","Ostracod",3,
4485,"Metaconchoecia obtusa","urn:lsid:marinespecies.org:taxname:127811","Metaconchoecia obtusa (Gooday, 1981)","Species","Animalia","Arthropoda","Ostracoda","Halocyprida","Halocyprididae","Metaconchoecia","Ostracod",4,
4486,"Metaconchoecia rotundata","urn:lsid:marinespecies.org:taxname:127813","Metaconchoecia rotundata (Müller, G. W., 1890)","Species","Animalia","Arthropoda","Ostracoda","Halocyprida","Halocyprididae","Metaconchoecia","Ostracod",4,81254
4487,"Metaconchoecia skogsbergi","urn:lsid:marinespecies.org:taxname:127814","Metaconchoecia skogsbergi (Iles, 1953)","Species","Animalia","Arthropoda","Ostracoda","Halocyprida","Halocyprididae","Metaconchoecia","Ostracod",9,151626
4488,"Metaconchoecia subinflata","urn:lsid:marinespecies.org:taxname:127815","Metaconchoecia subinflata (Gooday, 1981)","Species","Animalia","Arthropoda","Ostracoda","Halocyprida","Halocyprididae","Metaconchoecia","Ostracod",6,
4489,"Metaconchoecia wolferi","urn:lsid:marinespecies.org:taxname:127817","Metaconchoecia wolferi (Gooday, 1981)","Species","Animalia","Arthropoda","Ostracoda","Halocyprida","Halocyprididae","Metaconchoecia","Ostracod",4,
4492,"Mikroconchoecia acuticosta","urn:lsid:marinespecies.org:taxname:127819","Mikroconchoecia acuticosta Müller, G. W., 1906","Species","Animalia","Arthropoda","Ostracoda","Halocyprida","Halocyprididae","Mikroconchoecia","Ostracod",17,
4493,"Mikroconchoecia curta","urn:lsid:marinespecies.org:taxname:127820","Mikroconchoecia curta (Lubbock, 1860)","Species","Animalia","Arthropoda","Ostracoda","Halocyprida","Halocyprididae","Mikroconchoecia","Ostracod",13,81255
4494,"Mikroconchoecia echinulata","urn:lsid:marinespecies.org:taxname:127822","Mikroconchoecia echinulata Claus, 1891","Species","Animalia","Arthropoda","Ostracoda","Halocyprida","Halocyprididae","Mikroconchoecia","Ostracod",4,
4495,"Mikroconchoecia stigmatica","urn:lsid:marinespecies.org:taxname:127823","Mikroconchoecia stigmatica Müller, G. W., 1906","Species","Animalia","Arthropoda","Ostracoda","Halocyprida","Halocyprididae","Mikroconchoecia","Ostracod",11,
4497,"Mollicia amblypostha","urn:lsid:marinespecies.org:taxname:176551","Mollicia amblypostha (Müller, G. W., 1906)","Species","Animalia","Arthropoda","Ostracoda","Halocyprida","Halocyprididae","Mollicia","Ostracod",4,
4498,"Mollicia eltaninae","urn:lsid:marinespecies.org:taxname:127824","Mollicia eltaninae (Deevey, 1978)","Species","Animalia","Arthropoda","Ostracoda","Halocyprida","Halocyprididae","Mollicia","Ostracod",4,
4499,"Mollicia kampta","urn:lsid:marinespecies.org:taxname:127825","Mollicia kampta Müller, G. W., 1906","Species","Animalia","Arthropoda","Ostracoda","Halocyprida","Halocyprididae","Mollicia","Ostracod",4,
4500,"Mollicia mollis","urn:lsid:marinespecies.org:taxname:127826","Mollicia mollis Müller, G. W., 1906","Species","Animalia","Arthropoda","Ostracoda","Halocyprida","Halocyprididae","Mollicia","Ostracod",4,
4501,"Mollicia tyloda","urn:lsid:marinespecies.org:taxname:127827","Mollicia tyloda Müller, G. W., 1906","Species","Animalia","Arthropoda","Ostracoda","Halocyprida","Halocyprididae","Mollicia","Ostracod",4,
4502,"Muelleroecia glandulosa","urn:lsid:marinespecies.org:taxname:536001","Muelleroecia glandulosa (Müller, G. W., 1906)","Species","Animalia","Arthropoda","Ostracoda","Halocyprida","Halocyprididae","Muelleroecia","Ostracod",6,
4503,"Muelleroecia macromma","urn:lsid:marinespecies.org:taxname:536004","Muelleroecia macromma (Müller, G. W., 1906)","Species","Animalia","Arthropoda","Ostracoda","Halocyprida","Halocyprididae","Muelleroecia","Ostracod",4,
4504,"Myodocopida","urn:lsid:marinespecies.org:taxname:2104","Myodocopida Sars, 1866","Order","Animalia","Arthropoda","Ostracoda","Myodocopida",,,"Ostracod",1,
4506,"Nasoecia nasotuberculata","urn:lsid:marinespecies.org:taxname:536006","Nasoecia nasotuberculata (Müller, G. W., 1906)","Species","Animalia","Arthropoda","Ostracoda","Halocyprida","Halocyprididae","Nasoecia","Ostracod",4,
4508,"Obtusoecia antarctica","urn:lsid:marinespecies.org:taxname:176554","Obtusoecia antarctica (Müller, G. W., 1906)","Species","Animalia","Arthropoda","Ostracoda","Halocyprida","Halocyprididae","Obtusoecia","Ostracod",7,152841
4509,"Obtusoecia obtusata","urn:lsid:marinespecies.org:taxname:127828","Obtusoecia obtusata (Sars, 1866)","Species","Animalia","Arthropoda","Ostracoda","Halocyprida","Halocyprididae","Obtusoecia","Ostracod",2,
4511,"Orthoconchoecia atlantica","urn:lsid:marinespecies.org:taxname:127829","Orthoconchoecia atlantica (Lubbock, 1856)","Species","Animalia","Arthropoda","Ostracoda","Halocyprida","Halocyprididae","Orthoconchoecia","Ostracod",6,81256
4512,"Orthoconchoecia bispinosa","urn:lsid:marinespecies.org:taxname:127830","Orthoconchoecia bispinosa (Claus, 1890)","Species","Animalia","Arthropoda","Ostracoda","Halocyprida","Halocyprididae","Orthoconchoecia","Ostracod",9,81228
4513,"Orthoconchoecia haddoni","urn:lsid:marinespecies.org:taxname:127831","Orthoconchoecia haddoni (Brady & Norman, 1896)","Species","Animalia","Arthropoda","Ostracoda","Halocyprida","Halocyprididae","Orthoconchoecia","Ostracod",14,81258
4514,"Orthoconchoecia secernenda","urn:lsid:marinespecies.org:taxname:127832","Orthoconchoecia secernenda (Vavra, 1906)","Species","Animalia","Arthropoda","Ostracoda","Halocyprida","Halocyprididae","Orthoconchoecia","Ostracod",4,81259
4515,"Orthoconchoecia striola","urn:lsid:marinespecies.org:taxname:176562","Orthoconchoecia striola (Müller, G. W., 1906)","Species","Animalia","Arthropoda","Ostracoda","Halocyprida","Halocyprididae","Orthoconchoecia","Ostracod",6,
4516,"Paraconchoecia","urn:lsid:marinespecies.org:taxname:127552","Paraconchoecia Claus, 1891","Genus","Animalia","Arthropoda","Ostracoda","Halocyprida","Halocyprididae","Paraconchoecia","Ostracod",3,
4517,"Paraconchoecia aequiseta","urn:lsid:marinespecies.org:taxname:127833","Paraconchoecia aequiseta (Müller, G. W., 1906)","Species","Animalia","Arthropoda","Ostracoda","Halocyprida","Halocyprididae","Paraconchoecia","Ostracod",4,81260
4518,"Paraconchoecia allotherium","urn:lsid:marinespecies.org:taxname:127834","Paraconchoecia allotherium (Müller, G. W., 1906)","Species","Animalia","Arthropoda","Ostracoda","Halocyprida","Halocyprididae","Paraconchoecia","Ostracod",4,81261
4519,"Paraconchoecia angusta","urn:lsid:marinespecies.org:taxname:176565","Paraconchoecia angusta Chavtur, 1986","Species","Animalia","Arthropoda","Ostracoda","Halocyprida","Halocyprididae","Paraconchoecia","Ostracod",3,
4520,"Paraconchoecia cophopyga","urn:lsid:marinespecies.org:taxname:127835","Paraconchoecia cophopyga (Müller, G. W., 1906)","Species","Animalia","Arthropoda","Ostracoda","Halocyprida","Halocyprididae","Paraconchoecia","Ostracod",4,81262
4521,"Paraconchoecia dasyophthalma","urn:lsid:marinespecies.org:taxname:127836","Paraconchoecia dasyophthalma (Müller, G. W., 1906)","Species","Animalia","Arthropoda","Ostracoda","Halocyprida","Halocyprididae","Paraconchoecia","Ostracod",4,
4522,"Paraconchoecia dentata","urn:lsid:marinespecies.org:taxname:127837","Paraconchoecia dentata (Müller, G. W., 1906)","Species","Animalia","Arthropoda","Ostracoda","Halocyprida","Halocyprididae","Paraconchoecia","Ostracod",4,81263
4523,"Paraconchoecia dorsotuberculata","urn:lsid:marinespecies.org:taxname:127838","Paraconchoecia dorsotuberculata (Müller, G. W., 1906)","Species","Animalia","Arthropoda","Ostracoda","Halocyprida","Halocyprididae","Paraconchoecia","Ostracod",4,
4524,"Paraconchoecia echinata","urn:lsid:marinespecies.org:taxname:127839","Paraconchoecia echinata (Müller, G. W., 1906)","Species","Animalia","Arthropoda","Ostracoda","Halocyprida","Halocyprididae","Paraconchoecia","Ostracod",4,81226
4525,"Paraconchoecia hirsuta","urn:lsid:marinespecies.org:taxname:127840","Paraconchoecia hirsuta (Müller, G. W., 1906)","Species","Animalia","Arthropoda","Ostracoda","Halocyprida","Halocyprididae","Paraconchoecia","Ostracod",4,
4526,"Paraconchoecia inermis","urn:lsid:marinespecies.org:taxname:127841","Paraconchoecia inermis Claus, 1890","Species","Animalia","Arthropoda","Ostracoda","Halocyprida","Halocyprididae","Paraconchoecia","Ostracod",4,81264
4527,"Paraconchoecia mamillata","urn:lsid:marinespecies.org:taxname:127842","Paraconchoecia mamillata (Müller, 1906)","Species","Animalia","Arthropoda","Ostracoda","Halocyprida","Halocyprididae","Paraconchoecia","Ostracod",4,
4528,"Paraconchoecia mesadenia","urn:lsid:marinespecies.org:taxname:127843","Paraconchoecia mesadenia (Ellis, 1985)","Species","Animalia","Arthropoda","Ostracoda","Halocyprida","Halocyprididae","Paraconchoecia","Ostracod",4,
4529,"Paraconchoecia oblonga","urn:lsid:marinespecies.org:taxname:127845","Paraconchoecia oblonga Claus, 1890","Species","Animalia","Arthropoda","Ostracoda","Halocyprida","Halocyprididae","Paraconchoecia","Ostracod",4,
4530,"Paraconchoecia spinifera","urn:lsid:marinespecies.org:taxname:127846","Paraconchoecia spinifera Claus, 1890","Species","Animalia","Arthropoda","Ostracoda","Halocyprida","Halocyprididae","Paraconchoecia","Ostracod",4,
4531,"Paradoxostoma","urn:lsid:marinespecies.org:taxname:127662","Paradoxostoma Fischer, 1855","Genus","Animalia","Arthropoda","Ostracoda","Podocopida","Paradoxostomatidae","Paradoxostoma","Ostracod",2,
4532,"Paradoxostoma hypselum","urn:lsid:marinespecies.org:taxname:391415","Paradoxostoma hypselum Müller, 1908","Species","Animalia","Arthropoda","Ostracoda","Podocopida","Paradoxostomatidae","Paradoxostoma","Ostracod",1,151999
4535,"Paramollicia dichotoma","urn:lsid:marinespecies.org:taxname:127849","Paramollicia dichotoma (Müller, G. W., 1906)","Species","Animalia","Arthropoda","Ostracoda","Halocyprida","Halocyprididae","Paramollicia","Ostracod",8,81265
4536,"Paramollicia major","urn:lsid:marinespecies.org:taxname:127850","Paramollicia major Müller, G. W., 1906","Species","Animalia","Arthropoda","Ostracoda","Halocyprida","Halocyprididae","Paramollicia","Ostracod",4,
4537,"Paramollicia plactolycos","urn:lsid:marinespecies.org:taxname:127851","Paramollicia plactolycos (Müller, G. W., 1906)","Species","Animalia","Arthropoda","Ostracoda","Halocyprida","Halocyprididae","Paramollicia","Ostracod",4,
4538,"Paramollicia rhynchena","urn:lsid:marinespecies.org:taxname:127852","Paramollicia rhynchena Müller, G. W., 1906","Species","Animalia","Arthropoda","Ostracoda","Halocyprida","Halocyprididae","Paramollicia","Ostracod",8,
4540,"Parasterope pollex","urn:lsid:marinespecies.org:taxname:421159","Parasterope pollex Kornicker in Bowman & Kornicker, 1967","Species","Animalia","Arthropoda","Ostracoda","Myodocopida","Cylindroleberididae","Parasterope","Ostracod",2,31774
4541,"Parthenoecia parthenoda","urn:lsid:marinespecies.org:taxname:1314243","Parthenoecia parthenoda (Müller, 1906)","Species","Animalia","Arthropoda","Ostracoda","Halocyprida","Halocyprididae","Parthenoecia","Ostracod",4,
4542,"Parvidentoecia parvidentata","urn:lsid:marinespecies.org:taxname:1314237","Parvidentoecia parvidentata (Müller, 1906)","Species","Animalia","Arthropoda","Ostracoda","Halocyprida","Halocyprididae","Parvidentoecia","Ostracod",3,
4544,"Philomedes cubitum","urn:lsid:marinespecies.org:taxname:291450","Philomedes cubitum Kornicker, 1975","Species","Animalia","Arthropoda","Ostracoda","Myodocopida","Philomedidae","Philomedes","Ostracod",4,
4545,"Philomedes eugeniae","urn:lsid:marinespecies.org:taxname:291451","Philomedes eugeniae Skogsberg, 1920","Species","Animalia","Arthropoda","Ostracoda","Myodocopida","Philomedidae","Philomedes","Ostracod",2,81266
4546,"Philomedes globosus","urn:lsid:marinespecies.org:taxname:127719","Philomedes globosus (Lilljeborg, 1853) Sars, 1869","Species","Animalia","Arthropoda","Ostracoda","Myodocopida","Philomedidae","Philomedes","Ostracod",2,167164
4549,"Porroecia","urn:lsid:marinespecies.org:taxname:127554","Porroecia Martens, 1979","Genus","Animalia","Arthropoda","Ostracoda","Halocyprida","Halocyprididae","Porroecia","Ostracod",2,
4550,"Porroecia porrecta","urn:lsid:marinespecies.org:taxname:127854","Porroecia porrecta (Claus, 1890)","Species","Animalia","Arthropoda","Ostracoda","Halocyprida","Halocyprididae","Porroecia","Ostracod",4,81227
4551,"Porroecia pseudoparthenoda","urn:lsid:marinespecies.org:taxname:127855","Porroecia pseudoparthenoda (Angel, 1972)","Species","Animalia","Arthropoda","Ostracoda","Halocyprida","Halocyprididae","Porroecia","Ostracod",4,
4552,"Porroecia spinirostris","urn:lsid:marinespecies.org:taxname:127856","Porroecia spinirostris (Claus, 1874)","Species","Animalia","Arthropoda","Ostracoda","Halocyprida","Halocyprididae","Porroecia","Ostracod",4,81267
4554,"Proceroecia brachyaskos","urn:lsid:marinespecies.org:taxname:127857","Proceroecia brachyaskos (Müller, G. W., 1906)","Species","Animalia","Arthropoda","Ostracoda","Halocyprida","Halocyprididae","Proceroecia","Ostracod",12,
4555,"Proceroecia macroprocera","urn:lsid:marinespecies.org:taxname:127859","Proceroecia macroprocera (Angel, 1971)","Species","Animalia","Arthropoda","Ostracoda","Halocyprida","Halocyprididae","Proceroecia","Ostracod",4,
4556,"Proceroecia microprocera","urn:lsid:marinespecies.org:taxname:127860","Proceroecia microprocera (Angel, 1971)","Species","Animalia","Arthropoda","Ostracoda","Halocyprida","Halocyprididae","Proceroecia","Ostracod",4,
4557,"Proceroecia procera","urn:lsid:marinespecies.org:taxname:127861","Proceroecia procera (Müller, G. W., 1894)","Species","Animalia","Arthropoda","Ostracoda","Halocyprida","Halocyprididae","Proceroecia","Ostracod",4,
4558,"Proceroecia vityazi","urn:lsid:marinespecies.org:taxname:1565062","Proceroecia vityazi (Rudjakov, 1962)","Species","Animalia","Arthropoda","Ostracoda","Halocyprida","Halocyprididae","Proceroecia","Ostracod",4,
4560,"Pseudoconchoecia concentrica","urn:lsid:marinespecies.org:taxname:127862","Pseudoconchoecia concentrica (Müller, G. W., 1906)","Species","Animalia","Arthropoda","Ostracoda","Halocyprida","Halocyprididae","Pseudoconchoecia","Ostracod",4,81268
4561,"Pseudoconchoecia serrulata","urn:lsid:marinespecies.org:taxname:176588","Pseudoconchoecia serrulata (Claus, 1874)","Species","Animalia","Arthropoda","Ostracoda","Halocyprida","Halocyprididae","Pseudoconchoecia","Ostracod",8,152842
4562,"Rotundoecia teretivalvata","urn:lsid:marinespecies.org:taxname:536010","Rotundoecia teretivalvata (Iles, 1953)","Species","Animalia","Arthropoda","Ostracoda","Halocyprida","Halocyprididae","Rotundoecia","Ostracod",6,
4564,"Scleroconcha trituberculata","urn:lsid:marinespecies.org:taxname:451269","Scleroconcha trituberculata (Lucas, 1931)","Species","Animalia","Arthropoda","Ostracoda","Myodocopida","Philomedidae","Scleroconcha","Ostracod",2,32471
4566,"Skogsbergia lerneri","urn:lsid:marinespecies.org:taxname:421167","Skogsbergia lerneri (Kornicker, 1958)","Species","Animalia","Arthropoda","Ostracoda","Myodocopida","Cypridinidae","Skogsbergia","Ostracod",2,31758
4567,"Vargula","urn:lsid:marinespecies.org:taxname:127527","Vargula Skogsberg, 1920","Genus","Animalia","Arthropoda","Ostracoda","Myodocopida","Cypridinidae","Vargula","Ostracod",1,
4568,"Vargula hilgendorfii","urn:lsid:marinespecies.org:taxname:450986","Vargula hilgendorfii (Müller, 1890)","Species","Animalia","Arthropoda","Ostracoda","Myodocopida","Cypridinidae","Vargula","Ostracod",5,
4570,"Vityazoecia lunata","urn:lsid:marinespecies.org:taxname:536019","Vityazoecia lunata (Deevey, 1978)","Species","Animalia","Arthropoda","Ostracoda","Halocyprida","Halocyprididae","Vityazoecia","Ostracod",3,
4573,"Xestoleberis aurantia","urn:lsid:marinespecies.org:taxname:128398","Xestoleberis aurantia (Baird, 1838)","Species","Animalia","Arthropoda","Ostracoda","Podocopida","Xestoleberididae","Xestoleberis","Ostracod",2,32796
4574,"Acholoe","urn:lsid:marinespecies.org:taxname:129474","Acholoe Claparède, 1870","Genus","Animalia","Annelida","Polychaeta","Phyllodocida","Polynoidae","Acholoe","Polychaete",1,
4576,"Aglaophamus","urn:lsid:marinespecies.org:taxname:129366","Aglaophamus Kinberg, 1866","Genus","Animalia","Annelida","Polychaeta","Phyllodocida","Nephtyidae","Aglaophamus","Polychaete",1,
4578,"Alciopa reynaudii","urn:lsid:marinespecies.org:taxname:129749","Alciopa reynaudii Audouin & H Milne Edwards, 1833","Species","Animalia","Annelida","Polychaeta","Phyllodocida","Phyllodocidae","Alciopa","Polychaete",1,
4579,"Alciopina","urn:lsid:marinespecies.org:taxname:129143","Alciopina Claparède & Panceri, 1867","Genus","Animalia","Annelida","Polychaeta","Phyllodocida","Phyllodocidae","Alciopina","Polychaete",1,
4580,"Alciopina parasitica","urn:lsid:marinespecies.org:taxname:129750","Alciopina parasitica Claparède & Panceri, 1867","Species","Animalia","Annelida","Polychaeta","Phyllodocida","Phyllodocidae","Alciopina","Polychaete",1,38839
4581,"Alciopini","urn:lsid:marinespecies.org:taxname:932","Alciopini Ehlers, 1864","Tribe","Animalia","Annelida","Polychaeta","Phyllodocida","Phyllodocidae",,"Polychaete",2,
4582,"Alitta brandti","urn:lsid:marinespecies.org:taxname:339215","Alitta brandti Malmgren, 1865","Species","Animalia","Annelida","Polychaeta","Phyllodocida","Nereididae","Alitta","Polychaete",1,155185
4584,"Amphinomidae","urn:lsid:marinespecies.org:taxname:960","Amphinomidae Lamarck, 1818","Family","Animalia","Annelida","Polychaeta","Amphinomida","Amphinomidae",,"Polychaete",1,
4587,"Autolytinae","urn:lsid:marinespecies.org:taxname:152231","Autolytinae Langerhans, 1879","Subfamily","Animalia","Annelida","Polychaeta","Phyllodocida","Syllidae",,"Polychaete",6,
4590,"Boccardia proboscidea","urn:lsid:marinespecies.org:taxname:327249","Boccardia proboscidea Hartman, 1940","Species","Animalia","Annelida","Polychaeta","Spionida","Spionidae","Boccardia","Polychaete",3,40321
4591,"Boccardiella hamata","urn:lsid:marinespecies.org:taxname:333121","Boccardiella hamata (Webster, 1879)","Species","Animalia","Annelida","Polychaeta","Spionida","Spionidae","Boccardiella","Polychaete",1,39595
4592,"Branchiomma","urn:lsid:marinespecies.org:taxname:129524","Branchiomma Kölliker, 1858","Genus","Animalia","Annelida","Polychaeta","Sabellida","Sabellidae","Branchiomma","Polychaete",1,
4594,"Cheilonereis cyclurus","urn:lsid:marinespecies.org:taxname:332676","Cheilonereis cyclurus (Harrington, 1897)","Species","Animalia","Annelida","Polychaeta","Phyllodocida","Nereididae","Cheilonereis","Polychaete",1,38886
4597,"Cirratulus","urn:lsid:marinespecies.org:taxname:129243","Cirratulus Lamarck, 1818","Genus","Animalia","Annelida","Polychaeta","Terebellida","Cirratulidae","Cirratulus","Polychaete",1,
4599,"Crucigera irregularis","urn:lsid:marinespecies.org:taxname:337963","Crucigera irregularis Bush, 1905","Species","Animalia","Annelida","Polychaeta","Sabellida","Serpulidae","Crucigera","Polychaete",2,40848
4600,"Crucigera zygophora","urn:lsid:marinespecies.org:taxname:332723","Crucigera zygophora (Johnson, 1901)","Species","Animalia","Annelida","Polychaeta","Sabellida","Serpulidae","Crucigera","Polychaete",2,40849
4601,"Dipolydora commensalis","urn:lsid:marinespecies.org:taxname:332756","Dipolydora commensalis (Andrews, 1891)","Species","Animalia","Annelida","Polychaeta","Spionida","Spionidae","Dipolydora","Polychaete",2,
4602,"Dodecaceria","urn:lsid:marinespecies.org:taxname:129246","Dodecaceria Örsted, 1843","Genus","Animalia","Annelida","Polychaeta","Terebellida","Cirratulidae","Dodecaceria","Polychaete",1,
4603,"Dodecaceria pacifica","urn:lsid:marinespecies.org:taxname:1580005","Dodecaceria pacifica (Fewkes, 1889)","Species","Animalia","Annelida","Polychaeta","Terebellida","Cirratulidae","Dodecaceria","Polychaete",2,102499
4604,"Enapteris euchaeta","urn:lsid:marinespecies.org:taxname:130835","Enapteris euchaeta Chun, 1888","Species","Animalia","Annelida","Polychaeta","Phyllodocida","Tomopteridae","Enapteris","Polychaete",1,141914
4606,"Eteone longa","urn:lsid:marinespecies.org:taxname:130616","Eteone longa (Fabricius, 1780)","Species","Animalia","Annelida","Polychaeta","Phyllodocida","Phyllodocidae","Eteone","Polychaete",1,37506
4611,"Eunoe","urn:lsid:marinespecies.org:taxname:129487","Eunoe Malmgren, 1865","Genus","Animalia","Annelida","Polychaeta","Phyllodocida","Polynoidae","Eunoe","Polychaete",1,
4613,"Eusyllis","urn:lsid:marinespecies.org:taxname:129653","Eusyllis Malmgren, 1867","Genus","Animalia","Annelida","Polychaeta","Phyllodocida","Syllidae","Eusyllis","Polychaete",2,
4614,"Flabelligera","urn:lsid:marinespecies.org:taxname:129291","Flabelligera Sars, 1829","Genus","Animalia","Annelida","Polychaeta","Terebellida","Flabelligeridae","Flabelligera","Polychaete",1,
4616,"Flota","urn:lsid:marinespecies.org:taxname:324750","Flota Hartman, 1967","Genus","Animalia","Annelida","Polychaeta","Terebellida","Flabelligeridae","Flota","Polychaete",1,
4617,"Flota flabelligera","urn:lsid:marinespecies.org:taxname:328058","Flota flabelligera Hartman, 1967","Species","Animalia","Annelida","Polychaeta","Terebellida","Flabelligeridae","Flota","Polychaete",1,40625
4618,"Gattyana","urn:lsid:marinespecies.org:taxname:129488","Gattyana McIntosh, 1897","Genus","Animalia","Annelida","Polychaeta","Phyllodocida","Polynoidae","Gattyana","Polychaete",1,
4619,"Gattyana cirrhosa","urn:lsid:marinespecies.org:taxname:130749","Gattyana cirrhosa (Pallas, 1766)","Species","Animalia","Annelida","Polychaeta","Phyllodocida","Polynoidae","Gattyana","Polychaete",1,38750
4620,"Glyceridae","urn:lsid:marinespecies.org:taxname:952","Glyceridae Grube, 1850","Family","Animalia","Annelida","Polychaeta","Phyllodocida","Glyceridae",,"Polychaete",1,
4623,"Halosydna brevisetosa","urn:lsid:marinespecies.org:taxname:333534","Halosydna brevisetosa Kinberg, 1856","Species","Animalia","Annelida","Polychaeta","Phyllodocida","Polynoidae","Halosydna","Polychaete",1,38756
4624,"Harmothoe","urn:lsid:marinespecies.org:taxname:129491","Harmothoe Kinberg, 1856","Genus","Animalia","Annelida","Polychaeta","Phyllodocida","Polynoidae","Harmothoe","Polychaete",1,
4625,"Harmothoe extenuata","urn:lsid:marinespecies.org:taxname:130762","Harmothoe extenuata (Grube, 1840)","Species","Animalia","Annelida","Polychaeta","Phyllodocida","Polynoidae","Harmothoe","Polychaete",3,38467
4626,"Harmothoe imbricata","urn:lsid:marinespecies.org:taxname:130769","Harmothoe imbricata (Linnaeus, 1767)","Species","Animalia","Annelida","Polychaeta","Phyllodocida","Polynoidae","Harmothoe","Polychaete",2,38470
4627,"Harmothoe longisetis","urn:lsid:marinespecies.org:taxname:130774","Harmothoe longisetis (Grube, 1863)","Species","Animalia","Annelida","Polychaeta","Phyllodocida","Polynoidae","Harmothoe","Polychaete",1,38508
4628,"Hediste limnicola","urn:lsid:marinespecies.org:taxname:333585","Hediste limnicola (Johnson, 1903)","Species","Animalia","Annelida","Polychaeta","Phyllodocida","Nereididae","Hediste","Polychaete",1,38954
4630,"Hesperonoe","urn:lsid:marinespecies.org:taxname:248340","Hesperonoe Chamberlin, 1919","Genus","Animalia","Annelida","Polychaeta","Phyllodocida","Polynoidae","Hesperonoe","Polychaete",1,
4633,"Krohnia","urn:lsid:marinespecies.org:taxname:129145","Krohnia Quatrefages, 1866","Genus","Animalia","Annelida","Polychaeta","Phyllodocida","Phyllodocidae","Krohnia","Polychaete",1,
4634,"Krohnia lepidota","urn:lsid:marinespecies.org:taxname:129752","Krohnia lepidota (Krohn, 1845)","Species","Animalia","Annelida","Polychaeta","Phyllodocida","Phyllodocidae","Krohnia","Polychaete",3,100183
4635,"Lagisca","urn:lsid:marinespecies.org:taxname:129494","Lagisca Malmgren, 1865","Genus","Animalia","Annelida","Polychaeta","Phyllodocida","Polynoidae","Lagisca","Polychaete",1,
4636,"Leodice valens","urn:lsid:marinespecies.org:taxname:336700","Leodice valens Chamberlin, 1919","Species","Animalia","Annelida","Polychaeta","Eunicida","Eunicidae","Leodice","Polychaete",1,
4637,"Lepidasthenia","urn:lsid:marinespecies.org:taxname:129495","Lepidasthenia Malmgren, 1867","Genus","Animalia","Annelida","Polychaeta","Phyllodocida","Polynoidae","Lepidasthenia","Polychaete",1,
4640,"Lepidonotus","urn:lsid:marinespecies.org:taxname:129496","Lepidonotus Leach, 1816","Genus","Animalia","Annelida","Polychaeta","Phyllodocida","Polynoidae","Lepidonotus","Polychaete",1,
4641,"Lepidonotus squamatus","urn:lsid:marinespecies.org:taxname:130801","Lepidonotus squamatus (Linnaeus, 1758)","Species","Animalia","Annelida","Polychaeta","Phyllodocida","Polynoidae","Lepidonotus","Polychaete",2,38490
4643,"Lopadorrhynchus","urn:lsid:marinespecies.org:taxname:129326","Lopadorrhynchus Grube, 1855","Genus","Animalia","Annelida","Polychaeta","Phyllodocida","Lopadorrhynchidae","Lopadorrhynchus","Polychaete",2,
4644,"Lopadorrhynchus appendiculatus","urn:lsid:marinespecies.org:taxname:130210","Lopadorrhynchus appendiculatus Southern, 1909","Species","Animalia","Annelida","Polychaeta","Phyllodocida","Lopadorrhynchidae","Lopadorrhynchus","Polychaete",1,
4645,"Lopadorrhynchus brevis","urn:lsid:marinespecies.org:taxname:130211","Lopadorrhynchus brevis Grube, 1855","Species","Animalia","Annelida","Polychaeta","Phyllodocida","Lopadorrhynchidae","Lopadorrhynchus","Polychaete",2,100192
4646,"Lopadorrhynchus henseni","urn:lsid:marinespecies.org:taxname:336135","Lopadorrhynchus henseni Reibisch, 1893","Species","Animalia","Annelida","Polychaeta","Phyllodocida","Lopadorrhynchidae","Lopadorrhynchus","Polychaete",1,
4647,"Lopadorrhynchus krohnii","urn:lsid:marinespecies.org:taxname:130212","Lopadorrhynchus krohnii (Claparède, 1870)","Species","Animalia","Annelida","Polychaeta","Phyllodocida","Lopadorrhynchidae","Lopadorrhynchus","Polychaete",2,130719
4648,"Lopadorrhynchus uncinatus","urn:lsid:marinespecies.org:taxname:130214","Lopadorrhynchus uncinatus Fauvel, 1915","Species","Animalia","Annelida","Polychaeta","Phyllodocida","Lopadorrhynchidae","Lopadorrhynchus","Polychaete",4,100193
4649,"Macrochaeta","urn:lsid:marinespecies.org:taxname:129141","Macrochaeta Grube, 1850","Genus","Animalia","Annelida","Polychaeta","Terebellida","Acrocirridae","Macrochaeta","Polychaete",1,
4650,"Malmgrenia","urn:lsid:marinespecies.org:taxname:147006","Malmgrenia McIntosh, 1874","Genus","Animalia","Annelida","Polychaeta","Phyllodocida","Polynoidae","Malmgrenia","Polychaete",1,
4651,"Malmgrenia lunulata","urn:lsid:marinespecies.org:taxname:155194","Malmgrenia lunulata (Delle Chiaje, 1830)","Species","Animalia","Annelida","Polychaeta","Phyllodocida","Polynoidae","Malmgrenia","Polychaete",1,
4653,"Maupasia coeca","urn:lsid:marinespecies.org:taxname:155417","Maupasia coeca Viguier, 1886","Species","Animalia","Annelida","Polychaeta","Phyllodocida","Lopadorrhynchidae","Maupasia","Polychaete",7,38853
4654,"Maupasia gracilis","urn:lsid:marinespecies.org:taxname:155418","Maupasia gracilis (Reibisch, 1893)","Species","Animalia","Annelida","Polychaeta","Phyllodocida","Lopadorrhynchidae","Maupasia","Polychaete",1,
4655,"Myrianida","urn:lsid:marinespecies.org:taxname:129659","Myrianida Milne Edwards, 1845","Genus","Animalia","Annelida","Polychaeta","Phyllodocida","Syllidae","Myrianida","Polychaete",4,
4657,"Naiades cantrainii","urn:lsid:marinespecies.org:taxname:129753","Naiades cantrainii Delle Chiaje, 1830","Species","Animalia","Annelida","Polychaeta","Phyllodocida","Phyllodocidae","Naiades","Polychaete",21,39099
4659,"Nereididae","urn:lsid:marinespecies.org:taxname:22496","Nereididae Blainville, 1818","Family","Animalia","Annelida","Polychaeta","Phyllodocida","Nereididae",,"Polychaete",2,
4662,"Nereis","urn:lsid:marinespecies.org:taxname:129379","Nereis Linnaeus, 1758","Genus","Animalia","Annelida","Polychaeta","Phyllodocida","Nereididae","Nereis","Polychaete",5,
4663,"Nereis pelagica","urn:lsid:marinespecies.org:taxname:130404","Nereis pelagica Linnaeus, 1758","Species","Animalia","Annelida","Polychaeta","Phyllodocida","Nereididae","Nereis","Polychaete",2,38957
4664,"Nereis procera","urn:lsid:marinespecies.org:taxname:329725","Nereis procera Ehlers, 1868","Species","Animalia","Annelida","Polychaeta","Phyllodocida","Nereididae","Nereis","Polychaete",2,38958
4665,"Nereis vexillosa","urn:lsid:marinespecies.org:taxname:329765","Nereis vexillosa Grube, 1851","Species","Animalia","Annelida","Polychaeta","Phyllodocida","Nereididae","Nereis","Polychaete",2,38959
4666,"Odontosyllis","urn:lsid:marinespecies.org:taxname:129660","Odontosyllis Claparède, 1863","Genus","Animalia","Annelida","Polychaeta","Phyllodocida","Syllidae","Odontosyllis","Polychaete",1,
4667,"Odontosyllis enopla","urn:lsid:marinespecies.org:taxname:330066","Odontosyllis enopla Verrill, 1900","Species","Animalia","Annelida","Polychaeta","Phyllodocida","Syllidae","Odontosyllis","Polychaete",1,39374
4668,"Odontosyllis parva","urn:lsid:marinespecies.org:taxname:330086","Odontosyllis parva Berkeley, 1923","Species","Animalia","Annelida","Polychaeta","Phyllodocida","Syllidae","Odontosyllis","Polychaete",1,39369
4669,"Odontosyllis phosphorea","urn:lsid:marinespecies.org:taxname:330087","Odontosyllis phosphorea Moore, 1909","Species","Animalia","Annelida","Polychaeta","Phyllodocida","Syllidae","Odontosyllis","Polychaete",1,39370
4672,"Onuphis","urn:lsid:marinespecies.org:taxname:129404","Onuphis Audouin & Milne Edwards, 1833","Genus","Animalia","Annelida","Polychaeta","Eunicida","Onuphidae","Onuphis","Polychaete",1,
4673,"Onuphis iridescens","urn:lsid:marinespecies.org:taxname:334275","Onuphis iridescens (Johnson, 1901)","Species","Animalia","Annelida","Polychaeta","Eunicida","Onuphidae","Onuphis","Polychaete",1,
4677,"Oxydromus pugettensis","urn:lsid:marinespecies.org:taxname:710706","Oxydromus pugettensis (Johnson, 1901)","Species","Animalia","Annelida","Polychaeta","Phyllodocida","Hesionidae","Oxydromus","Polychaete",2,
4678,"Parasabella media","urn:lsid:marinespecies.org:taxname:339919","Parasabella media Bush, 1905","Species","Animalia","Annelida","Polychaeta","Sabellida","Sabellidae","Parasabella","Polychaete",1,39693
4679,"Pectinariidae","urn:lsid:marinespecies.org:taxname:980","Pectinariidae Quatrefages, 1866","Family","Animalia","Annelida","Polychaeta","Terebellida","Pectinariidae",,"Polychaete",4,
4680,"Pelagobia","urn:lsid:marinespecies.org:taxname:129329","Pelagobia Greeff, 1879","Genus","Animalia","Annelida","Polychaeta","Phyllodocida","Lopadorrhynchidae","Pelagobia","Polychaete",3,
4681,"Pelagobia longicirrata","urn:lsid:marinespecies.org:taxname:130219","Pelagobia longicirrata Greeff, 1879","Species","Animalia","Annelida","Polychaeta","Phyllodocida","Lopadorrhynchidae","Pelagobia","Polychaete",13,38845
4683,"Phalacrophorus pictus","urn:lsid:marinespecies.org:taxname:209714","Phalacrophorus pictus Greeff, 1879","Species","Animalia","Annelida","Polychaeta","Phyllodocida","Iospilidae","Phalacrophorus","Polychaete",4,100454
4684,"Phalacrophorus uniformis","urn:lsid:marinespecies.org:taxname:209713","Phalacrophorus uniformis Reibisch, 1895","Species","Animalia","Annelida","Polychaeta","Phyllodocida","Iospilidae","Phalacrophorus","Polychaete",1,100455
4685,"Pherusa","urn:lsid:marinespecies.org:taxname:129293","Pherusa Oken, 1807","Genus","Animalia","Annelida","Polychaeta","Terebellida","Flabelligeridae","Pherusa","Polychaete",1,
4686,"Phyllodoce","urn:lsid:marinespecies.org:taxname:129455","Phyllodoce Lamarck, 1818","Genus","Animalia","Annelida","Polychaeta","Phyllodocida","Phyllodocidae","Phyllodoce","Polychaete",1,
4687,"Phyllodoce williamsi","urn:lsid:marinespecies.org:taxname:536467","Phyllodoce williamsi (Hartman, 1936)","Species","Animalia","Annelida","Polychaeta","Phyllodocida","Phyllodocidae","Phyllodoce","Polychaete",2,
4688,"Phyllodocida","urn:lsid:marinespecies.org:taxname:892","Phyllodocida Dales, 1962","Order","Animalia","Annelida","Polychaeta","Phyllodocida",,,"Polychaete",1,
4690,"Phyllodocidae","urn:lsid:marinespecies.org:taxname:931","Phyllodocidae Örsted, 1843","Family","Animalia","Annelida","Polychaeta","Phyllodocida","Phyllodocidae",,"Polychaete",1,
4693,"Pionosyllis","urn:lsid:marinespecies.org:taxname:129669","Pionosyllis Malmgren, 1867","Genus","Animalia","Annelida","Polychaeta","Phyllodocida","Syllidae","Pionosyllis","Polychaete",1,
4695,"Platynereis bicanaliculata","urn:lsid:marinespecies.org:taxname:334557","Platynereis bicanaliculata (Baird, 1863)","Species","Animalia","Annelida","Polychaeta","Phyllodocida","Nereididae","Platynereis","Polychaete",2,39808
4696,"Plotohelmis","urn:lsid:marinespecies.org:taxname:129147","Plotohelmis Chamberlin, 1919","Genus","Animalia","Annelida","Polychaeta","Phyllodocida","Phyllodocidae","Plotohelmis","Polychaete",1,
4697,"Plotohelmis tenuis","urn:lsid:marinespecies.org:taxname:129755","Plotohelmis tenuis (Apstein, 1900)","Species","Animalia","Annelida","Polychaeta","Phyllodocida","Phyllodocidae","Plotohelmis","Polychaete",2,38837
4699,"Poeobius meseres","urn:lsid:marinespecies.org:taxname:330855","Poeobius meseres Heath, 1930","Species","Animalia","Annelida","Polychaeta","Terebellida","Flabelligeridae","Poeobius","Polychaete",6,40626
4701,"Polycirrus","urn:lsid:marinespecies.org:taxname:129710","Polycirrus Grube, 1850","Genus","Animalia","Annelida","Polychaeta","Terebellida","Terebellidae","Polycirrus","Polychaete",1,
4702,"Polycirrus perplexus","urn:lsid:marinespecies.org:taxname:330888","Polycirrus perplexus Moore, 1923","Species","Animalia","Annelida","Polychaeta","Terebellida","Terebellidae","Polycirrus","Polychaete",1,
4704,"Polyeunoa","urn:lsid:marinespecies.org:taxname:174389","Polyeunoa McIntosh, 1885","Genus","Animalia","Annelida","Polychaeta","Phyllodocida","Polynoidae","Polyeunoa","Polychaete",1,
4705,"Polynoe","urn:lsid:marinespecies.org:taxname:129506","Polynoe Lamarck, 1818","Genus","Animalia","Annelida","Polychaeta","Phyllodocida","Polynoidae","Polynoe","Polychaete",1,
4706,"Polynoe scolopendrina","urn:lsid:marinespecies.org:taxname:130830","Polynoe scolopendrina Savigny, 1822","Species","Animalia","Annelida","Polychaeta","Phyllodocida","Polynoidae","Polynoe","Polychaete",1,38648
4707,"Polynoidae","urn:lsid:marinespecies.org:taxname:939","Polynoidae Kinberg, 1856","Family","Animalia","Annelida","Polychaeta","Phyllodocida","Polynoidae",,"Polychaete",2,
4709,"Pontogenia","urn:lsid:marinespecies.org:taxname:129197","Pontogenia Claparède, 1868","Genus","Animalia","Annelida","Polychaeta","Phyllodocida","Aphroditidae","Pontogenia","Polychaete",12,
4710,"Pseudopolydora kempi japnica","urn:lsid:marinespecies.org:taxname:335668","Pseudopolydora kempi japnica Imajima & Hartman, 1964","Subspecies","Animalia","Annelida","Polychaeta","Spionida","Spionidae","Pseudopolydora","Polychaete",2,
4712,"Pygospio elegans","urn:lsid:marinespecies.org:taxname:131170","Pygospio elegans Claparède, 1863","Species","Animalia","Annelida","Polychaeta","Spionida","Spionidae","Pygospio","Polychaete",1,40260
4713,"Rhynchonereella","urn:lsid:marinespecies.org:taxname:129148","Rhynchonereella Costa, 1864","Genus","Animalia","Annelida","Polychaeta","Phyllodocida","Phyllodocidae","Rhynchonereella","Polychaete",4,
4714,"Rhynchonereella angelini","urn:lsid:marinespecies.org:taxname:416504","Rhynchonereella angelini (Kinberg, 1866)","Species","Animalia","Annelida","Polychaeta","Phyllodocida","Phyllodocidae","Rhynchonereella","Polychaete",7,
4715,"Rhynchonereella bongraini","urn:lsid:marinespecies.org:taxname:416371","Rhynchonereella bongraini (Gravier, 1911)","Species","Animalia","Annelida","Polychaeta","Phyllodocida","Phyllodocidae","Rhynchonereella","Polychaete",1,
4716,"Rhynchonereella moebii","urn:lsid:marinespecies.org:taxname:129759","Rhynchonereella moebii (Apstein, 1893)","Species","Animalia","Annelida","Polychaeta","Phyllodocida","Phyllodocidae","Rhynchonereella","Polychaete",2,100186
4717,"Rhynchonereella petersii","urn:lsid:marinespecies.org:taxname:129761","Rhynchonereella petersii (Langerhans, 1880)","Species","Animalia","Annelida","Polychaeta","Phyllodocida","Phyllodocidae","Rhynchonereella","Polychaete",1,100187
4722,"Sagitella","urn:lsid:marinespecies.org:taxname:129720","Sagitella Wagner, 1872","Genus","Animalia","Annelida","Polychaeta","Phyllodocida","Typhloscolecidae","Sagitella","Polychaete",1,
4723,"Sagitella kowalewskii","urn:lsid:marinespecies.org:taxname:155459","Sagitella kowalewskii Wagner, 1872","Species","Animalia","Annelida","Polychaeta","Phyllodocida","Typhloscolecidae","Sagitella","Polychaete",6,38860
4725,"Schizobranchia insignis","urn:lsid:marinespecies.org:taxname:331699","Schizobranchia insignis Bush, 1905","Species","Animalia","Annelida","Polychaeta","Sabellida","Sabellidae","Schizobranchia","Polychaete",1,40792
4727,"Serpula vermicularis","urn:lsid:marinespecies.org:taxname:131051","Serpula vermicularis Linnaeus, 1767","Species","Animalia","Annelida","Polychaeta","Sabellida","Serpulidae","Serpula","Polychaete",2,40853
4730,"Spionidae","urn:lsid:marinespecies.org:taxname:913","Spionidae Grube, 1850","Family","Animalia","Annelida","Polychaeta","Spionida","Spionidae",,"Polychaete",3,
4732,"Spirorbinae","urn:lsid:marinespecies.org:taxname:989","Spirorbinae Chamberlin, 1919","Family","Animalia","Annelida","Polychaeta","Sabellida","Spirorbidae",,"Polychaete",2,
4735,"Sternaspis fossor","urn:lsid:marinespecies.org:taxname:131241","Sternaspis fossor Stimpson, 1853","Species","Animalia","Annelida","Polychaeta","Terebellida","Sternaspidae","Sternaspis","Polychaete",1,40693
4736,"Swima","urn:lsid:marinespecies.org:taxname:413514","Swima Osborn, Haddock, Pleijel, Madin & Rouse, 2009","Genus","Animalia","Annelida","Polychaeta","Terebellida","Acrocirridae","Swima","Polychaete",1,
4737,"Syllidae","urn:lsid:marinespecies.org:taxname:948","Syllidae Grube, 1850","Family","Animalia","Annelida","Polychaeta","Phyllodocida","Syllidae",,"Polychaete",2,
4739,"Syllis","urn:lsid:marinespecies.org:taxname:129680","Syllis Lamarck, 1818","Genus","Animalia","Annelida","Polychaeta","Phyllodocida","Syllidae","Syllis","Polychaete",1,
4740,"Syllis alternata","urn:lsid:marinespecies.org:taxname:131413","Syllis alternata Moore, 1908","Species","Animalia","Annelida","Polychaeta","Phyllodocida","Syllidae","Syllis","Polychaete",1,102923
4741,"Syllis elongata","urn:lsid:marinespecies.org:taxname:334893","Syllis elongata (Johnson, 1901)","Species","Animalia","Annelida","Polychaeta","Phyllodocida","Syllidae","Syllis","Polychaete",1,39329
4742,"Syllis pigmentata","urn:lsid:marinespecies.org:taxname:1039076","Syllis pigmentata (Chamberlin, 1919)","Species","Animalia","Annelida","Polychaeta","Phyllodocida","Syllidae","Syllis","Polychaete",1,
4744,"Terebellidae","urn:lsid:marinespecies.org:taxname:982","Terebellidae Johnston, 1846","Family","Animalia","Annelida","Polychaeta","Terebellida","Terebellidae",,"Polychaete",3,
4748,"Thelepus","urn:lsid:marinespecies.org:taxname:129714","Thelepus Leuckart, 1849","Genus","Animalia","Annelida","Polychaeta","Terebellida","Terebellidae","Thelepus","Polychaete",1,
4749,"Tomopteridae","urn:lsid:marinespecies.org:taxname:958","Tomopteridae Grube, 1850","Family","Animalia","Annelida","Polychaeta","Phyllodocida","Tomopteridae",,"Polychaete",1,
4750,"Tomopteris","urn:lsid:marinespecies.org:taxname:129715","Tomopteris Eschscholtz, 1825","Genus","Animalia","Annelida","Polychaeta","Phyllodocida","Tomopteridae","Tomopteris","Polychaete",26,
4751,"Tomopteris (Johnstonella) apsteini","urn:lsid:marinespecies.org:taxname:334945","Tomopteris (Johnstonella) apsteini (Rosa, 1908)","Species","Animalia","Annelida","Polychaeta","Phyllodocida","Tomopteridae","Tomopteris","Polychaete",1,
4752,"Tomopteris (Johnstonella) helgolandica","urn:lsid:marinespecies.org:taxname:334946","Tomopteris (Johnstonella) helgolandica (Greeff, 1879)","Species","Animalia","Annelida","Polychaeta","Phyllodocida","Tomopteridae","Tomopteris","Polychaete",6,
4753,"Tomopteris (Johnstonella) pacifica","urn:lsid:marinespecies.org:taxname:334948","Tomopteris (Johnstonella) pacifica (Izuka, 1914)","Species","Animalia","Annelida","Polychaeta","Phyllodocida","Tomopteridae","Tomopteris","Polychaete",12,
4754,"Tomopteris carpenteri","urn:lsid:marinespecies.org:taxname:332607","Tomopteris carpenteri Quatrefages, 1866","Species","Animalia","Annelida","Polychaeta","Phyllodocida","Tomopteridae","Tomopteris","Polychaete",375,151772
4755,"Tomopteris cavallii","urn:lsid:marinespecies.org:taxname:131548","Tomopteris cavallii Rosa, 1908","Species","Animalia","Annelida","Polychaeta","Phyllodocida","Tomopteridae","Tomopteris","Polychaete",9,105432
4756,"Tomopteris krampi","urn:lsid:marinespecies.org:taxname:131556","Tomopteris krampi Wesenberg-Lund, 1936","Species","Animalia","Annelida","Polychaeta","Phyllodocida","Tomopteridae","Tomopteris","Polychaete",1,
4757,"Tomopteris ligulata","urn:lsid:marinespecies.org:taxname:131558","Tomopteris ligulata Rosa, 1908","Species","Animalia","Annelida","Polychaeta","Phyllodocida","Tomopteridae","Tomopteris","Polychaete",1,130725
4758,"Tomopteris mariana","urn:lsid:marinespecies.org:taxname:332614","Tomopteris mariana Greeff, 1885","Species","Animalia","Annelida","Polychaeta","Phyllodocida","Tomopteridae","Tomopteris","Polychaete",1,105438
4759,"Tomopteris nisseni","urn:lsid:marinespecies.org:taxname:131562","Tomopteris nisseni Rosa, 1908","Species","Animalia","Annelida","Polychaeta","Phyllodocida","Tomopteridae","Tomopteris","Polychaete",3,100463
4760,"Tomopteris planktonis","urn:lsid:marinespecies.org:taxname:131566","Tomopteris planktonis Apstein, 1900","Species","Animalia","Annelida","Polychaeta","Phyllodocida","Tomopteridae","Tomopteris","Polychaete",6,100464
4761,"Tomopteris septentrionalis","urn:lsid:marinespecies.org:taxname:131568","Tomopteris septentrionalis Steenstrup, 1849","Species","Animalia","Annelida","Polychaeta","Phyllodocida","Tomopteridae","Tomopteris","Polychaete",11,39190
4763,"Torrea candida","urn:lsid:marinespecies.org:taxname:129763","Torrea candida (Delle Chiaje, 1841)","Species","Animalia","Annelida","Polychaeta","Phyllodocida","Phyllodocidae","Torrea","Polychaete",2,39100
4764,"Travisiopsis","urn:lsid:marinespecies.org:taxname:129721","Travisiopsis Levinsen, 1885","Genus","Animalia","Annelida","Polychaeta","Phyllodocida","Typhloscolecidae","Travisiopsis","Polychaete",3,
4765,"Travisiopsis coniceps","urn:lsid:marinespecies.org:taxname:209721","Travisiopsis coniceps (Chamberlin, 1919)","Species","Animalia","Annelida","Polychaeta","Phyllodocida","Typhloscolecidae","Travisiopsis","Polychaete",2,39105
4766,"Travisiopsis lanceolata","urn:lsid:marinespecies.org:taxname:131579","Travisiopsis lanceolata Southern, 1910","Species","Animalia","Annelida","Polychaeta","Phyllodocida","Typhloscolecidae","Travisiopsis","Polychaete",1,39103
4767,"Travisiopsis levinseni","urn:lsid:marinespecies.org:taxname:131580","Travisiopsis levinseni Southern, 1910","Species","Animalia","Annelida","Polychaeta","Phyllodocida","Typhloscolecidae","Travisiopsis","Polychaete",5,39102
4768,"Travisiopsis lobifera","urn:lsid:marinespecies.org:taxname:131581","Travisiopsis lobifera Levinsen, 1885","Species","Animalia","Annelida","Polychaeta","Phyllodocida","Typhloscolecidae","Travisiopsis","Polychaete",8,39101
4770,"Typhloscolex","urn:lsid:marinespecies.org:taxname:129722","Typhloscolex Busch, 1851","Genus","Animalia","Annelida","Polychaeta","Phyllodocida","Typhloscolecidae","Typhloscolex","Polychaete",3,
4771,"Typhloscolex grandis","urn:lsid:marinespecies.org:taxname:332247","Typhloscolex grandis Støp-Bowitz, 1948","Species","Animalia","Annelida","Polychaeta","Phyllodocida","Typhloscolecidae","Typhloscolex","Polychaete",1,
4772,"Typhloscolex muelleri","urn:lsid:marinespecies.org:taxname:131582","Typhloscolex muelleri Busch, 1851","Species","Animalia","Annelida","Polychaeta","Phyllodocida","Typhloscolecidae","Typhloscolex","Polychaete",13,100465
4773,"Vanadis","urn:lsid:marinespecies.org:taxname:129150","Vanadis Claparède, 1870","Genus","Animalia","Annelida","Polychaeta","Phyllodocida","Phyllodocidae","Vanadis","Polychaete",2,
4774,"Vanadis antarctica","urn:lsid:marinespecies.org:taxname:335010","Vanadis antarctica (McIntosh, 1885)","Species","Animalia","Annelida","Polychaeta","Phyllodocida","Phyllodocidae","Vanadis","Polychaete",13,39854
4775,"Vanadis crystallina","urn:lsid:marinespecies.org:taxname:129764","Vanadis crystallina Greeff, 1876","Species","Animalia","Annelida","Polychaeta","Phyllodocida","Phyllodocidae","Vanadis","Polychaete",3,100188
4776,"Vanadis formosa","urn:lsid:marinespecies.org:taxname:129765","Vanadis formosa Claparède, 1870","Species","Animalia","Annelida","Polychaeta","Phyllodocida","Phyllodocidae","Vanadis","Polychaete",2,100189
4777,"Vanadis minuta","urn:lsid:marinespecies.org:taxname:209715","Vanadis minuta Treadwell, 1906","Species","Animalia","Annelida","Polychaeta","Phyllodocida","Phyllodocidae","Vanadis","Polychaete",1,38841
4779,"Cavolinia gibbosa","urn:lsid:marinespecies.org:taxname:139028","Cavolinia gibbosa (d'Orbigny, 1835)","Species","Animalia","Mollusca","Gastropoda","Pteropoda","Cavoliniidae","Cavolinia","Pteropod",1,7285
4780,"Cavolinia globulosa","urn:lsid:marinespecies.org:taxname:532560","Cavolinia globulosa Gray, 1850","Species","Animalia","Mollusca","Gastropoda","Pteropoda","Cavoliniidae","Cavolinia","Pteropod",29,80332
4781,"Cavolinia inflexa","urn:lsid:marinespecies.org:taxname:139029","Cavolinia inflexa (Lesueur, 1813)","Species","Animalia","Mollusca","Gastropoda","Pteropoda","Cavoliniidae","Cavolinia","Pteropod",3,7278
4782,"Cavolinia tridentata","urn:lsid:marinespecies.org:taxname:139030","Cavolinia tridentata (Forsskål, 1775)","Species","Animalia","Mollusca","Gastropoda","Pteropoda","Cavoliniidae","Cavolinia","Pteropod",7,7281
4783,"Cavolinia uncinata","urn:lsid:marinespecies.org:taxname:139031","Cavolinia uncinata (d'Orbigny, 1835)","Species","Animalia","Mollusca","Gastropoda","Pteropoda","Cavoliniidae","Cavolinia","Pteropod",18,7283
4788,"Clio","urn:lsid:marinespecies.org:taxname:137751","Clio Linnaeus, 1767","Genus","Animalia","Mollusca","Gastropoda","Pteropoda","Cliidae","Clio","Pteropod",2,
4789,"Clio andreae","urn:lsid:marinespecies.org:taxname:224426","Clio andreae (Boas, 1886)","Species","Animalia","Mollusca","Gastropoda","Pteropoda","Cliidae","Clio","Pteropod",1,219
4790,"Clio cuspidata","urn:lsid:marinespecies.org:taxname:139032","Clio cuspidata (Bosc, 1801)","Species","Animalia","Mollusca","Gastropoda","Pteropoda","Cliidae","Clio","Pteropod",25,7286
4791,"Clio polita","urn:lsid:marinespecies.org:taxname:420556","Clio polita Pelseneer, 1888","Species","Animalia","Mollusca","Gastropoda","Pteropoda","Cliidae","Clio","Pteropod",2,7287
4792,"Clio pyramidata","urn:lsid:marinespecies.org:taxname:139033","Clio pyramidata Linnaeus, 1767","Species","Animalia","Mollusca","Gastropoda","Pteropoda","Cliidae","Clio","Pteropod",129,7288
4793,"Clio recurva","urn:lsid:marinespecies.org:taxname:160204","Clio recurva (Children, 1823)","Species","Animalia","Mollusca","Gastropoda","Pteropoda","Cliidae","Clio","Pteropod",3,5950
4794,"Clione","urn:lsid:marinespecies.org:taxname:137793","Clione Pallas, 1774","Genus","Animalia","Mollusca","Gastropoda","Pteropoda","Clionidae","Clione","Pteropod",3,
4795,"Clione antarctica","urn:lsid:marinespecies.org:taxname:714164","Clione antarctica E. A. Smith, 1902","Species","Animalia","Mollusca","Gastropoda","Pteropoda","Clionidae","Clione","Pteropod",98,173700
4796,"Clione limacina","urn:lsid:marinespecies.org:taxname:139178","Clione limacina (Phipps, 1774)","Species","Animalia","Mollusca","Gastropoda","Pteropoda","Clionidae","Clione","Pteropod",236,8458
4801,"Cliopsis krohnii","urn:lsid:marinespecies.org:taxname:139185","Cliopsis krohnii Troschel, 1854","Species","Animalia","Mollusca","Gastropoda","Pteropoda","Cliopsidae","Cliopsis","Pteropod",12,8455
4802,"Corolla","urn:lsid:marinespecies.org:taxname:137873","Corolla Dall, 1871","Genus","Animalia","Mollusca","Gastropoda","Pteropoda","Cymbuliidae","Corolla","Pteropod",9,
4803,"Corolla calceola","urn:lsid:marinespecies.org:taxname:532663","Corolla calceola (A. E. Verrill, 1880)","Species","Animalia","Mollusca","Gastropoda","Pteropoda","Cymbuliidae","Corolla","Pteropod",3,6641
4805,"Corolla spectabilis","urn:lsid:marinespecies.org:taxname:139492","Corolla spectabilis Dall, 1871","Species","Animalia","Mollusca","Gastropoda","Pteropoda","Cymbuliidae","Corolla","Pteropod",11,6640
4807,"Creseis","urn:lsid:marinespecies.org:taxname:137752","Creseis Rang, 1828","Genus","Animalia","Mollusca","Gastropoda","Pteropoda","Creseidae","Creseis","Pteropod",1,
4808,"Creseis acicula","urn:lsid:marinespecies.org:taxname:139034","Creseis acicula (Rang, 1828)","Species","Animalia","Mollusca","Gastropoda","Pteropoda","Creseidae","Creseis","Pteropod",71,5952
4809,"Creseis virgula","urn:lsid:marinespecies.org:taxname:139035","Creseis virgula (Rang, 1828)","Species","Animalia","Mollusca","Gastropoda","Pteropoda","Creseidae","Creseis","Pteropod",5,5953
4811,"Cuvierina columnella","urn:lsid:marinespecies.org:taxname:139036","Cuvierina columnella (Rang, 1827)","Species","Animalia","Mollusca","Gastropoda","Pteropoda","Cuvierinidae","Cuvierina","Pteropod",11,5960
4814,"Cymbulia peronii","urn:lsid:marinespecies.org:taxname:139494","Cymbulia peronii Blainville, 1818","Species","Animalia","Mollusca","Gastropoda","Pteropoda","Cymbuliidae","Cymbulia","Pteropod",2,6644
4815,"Cymbulia sibogae","urn:lsid:marinespecies.org:taxname:532721","Cymbulia sibogae Tesch, 1903","Species","Animalia","Mollusca","Gastropoda","Pteropoda","Cymbuliidae","Cymbulia","Pteropod",1,1552
4821,"Desmopterus pacificus","urn:lsid:marinespecies.org:taxname:578286","Desmopterus pacificus Essenberg, 1919","Species","Animalia","Mollusca","Gastropoda","Pteropoda","Desmopteridae","Desmopterus","Pteropod",1,7291
4822,"Desmopterus papilio","urn:lsid:marinespecies.org:taxname:139542","Desmopterus papilio Chun, 1889","Species","Animalia","Mollusca","Gastropoda","Pteropoda","Desmopteridae","Desmopterus","Pteropod",6,7290
4824,"Diacavolinia longirostris","urn:lsid:marinespecies.org:taxname:405962","Diacavolinia longirostris (Blainville, 1821)","Species","Animalia","Mollusca","Gastropoda","Pteropoda","Cavoliniidae","Diacavolinia","Pteropod",107,7282
4826,"Diacria rampalae","urn:lsid:marinespecies.org:taxname:139043","Diacria rampalae Dupont, 1979","Species","Animalia","Mollusca","Gastropoda","Pteropoda","Cavoliniidae","Diacria","Pteropod",1,
4827,"Diacria trispinosa","urn:lsid:marinespecies.org:taxname:139045","Diacria trispinosa (Blainville, 1821)","Species","Animalia","Mollusca","Gastropoda","Pteropoda","Cavoliniidae","Diacria","Pteropod",19,5956
4830,"Gleba","urn:lsid:marinespecies.org:taxname:137875","Gleba Forsskål, 1776","Genus","Animalia","Mollusca","Gastropoda","Pteropoda","Cymbuliidae","Gleba","Pteropod",1,
4831,"Gleba cordata","urn:lsid:marinespecies.org:taxname:139496","Gleba cordata Forsskål in Niebuhr, 1776","Species","Animalia","Mollusca","Gastropoda","Pteropoda","Cymbuliidae","Gleba","Pteropod",8,426
4833,"Gymnosomata","urn:lsid:marinespecies.org:taxname:164","Gymnosomata Blainville, 1824","Suborder","Animalia","Mollusca","Gastropoda","Pteropoda",,,"Pteropod",2,
4835,"Heliconoides inflatus","urn:lsid:marinespecies.org:taxname:605965","Heliconoides inflatus (d'Orbigny, 1835)","Species","Animalia","Mollusca","Gastropoda","Pteropoda","Heliconoididae","Heliconoides","Pteropod",32,
4839,"Hyalocylis striata","urn:lsid:marinespecies.org:taxname:139047","Hyalocylis striata (Rang, 1828)","Species","Animalia","Mollusca","Gastropoda","Pteropoda","Hyalocylidae","Hyalocylis","Pteropod",8,5961
4841,"Hydromyles globulosus","urn:lsid:marinespecies.org:taxname:719622","Hydromyles globulosus (Rang, 1825)","Species","Animalia","Mollusca","Gastropoda","Pteropoda","Hydromylidae","Hydromyles","Pteropod",31,8467
4844,"Limacina","urn:lsid:marinespecies.org:taxname:138122","Limacina Bosc, 1817","Genus","Animalia","Mollusca","Gastropoda","Pteropoda","Limacinidae","Limacina","Pteropod",9,
4845,"Limacina bulimoides","urn:lsid:marinespecies.org:taxname:140222","Limacina bulimoides (d'Orbigny, 1835)","Species","Animalia","Mollusca","Gastropoda","Pteropoda","Limacinidae","Limacina","Pteropod",19,7270
4846,"Limacina helicina","urn:lsid:marinespecies.org:taxname:140223","Limacina helicina (Phipps, 1774)","Species","Animalia","Mollusca","Gastropoda","Pteropoda","Limacinidae","Limacina","Pteropod",134,7271
4847,"Limacina lesueurii","urn:lsid:marinespecies.org:taxname:140226","Limacina lesueurii (d'Orbigny, 1836)","Species","Animalia","Mollusca","Gastropoda","Pteropoda","Limacinidae","Limacina","Pteropod",3,7273
4848,"Limacina rangii","urn:lsid:marinespecies.org:taxname:719583","Limacina rangii (d'Orbigny, 1835)","Species","Animalia","Mollusca","Gastropoda","Pteropoda","Limacinidae","Limacina","Pteropod",158,
4849,"Limacina retroversa","urn:lsid:marinespecies.org:taxname:140227","Limacina retroversa (J. Fleming, 1823)","Species","Animalia","Mollusca","Gastropoda","Pteropoda","Limacinidae","Limacina","Pteropod",11,7275
4850,"Limacina trochiformis","urn:lsid:marinespecies.org:taxname:140228","Limacina trochiformis (d'Orbigny, 1835)","Species","Animalia","Mollusca","Gastropoda","Pteropoda","Limacinidae","Limacina","Pteropod",6,7274
4854,"Notobranchaea macdonaldi","urn:lsid:marinespecies.org:taxname:140573","Notobranchaea macdonaldi Pelseneer, 1886","Species","Animalia","Mollusca","Gastropoda","Pteropoda","Notobranchaeidae","Notobranchaea","Pteropod",1,8456
4857,"Paedoclione doliiformis","urn:lsid:marinespecies.org:taxname:160435","Paedoclione doliiformis Danforth, 1907","Species","Animalia","Mollusca","Gastropoda","Pteropoda","Clionidae","Paedoclione","Pteropod",1,8459
4858,"Paraclione","urn:lsid:marinespecies.org:taxname:137795","Paraclione Tesch, 1903","Genus","Animalia","Mollusca","Gastropoda","Pteropoda","Clionidae","Paraclione","Pteropod",2,
4860,"Peracle bispinosa","urn:lsid:marinespecies.org:taxname:140720","Peracle bispinosa Pelseneer, 1888","Species","Animalia","Mollusca","Gastropoda","Pteropoda","Peraclidae","Peracle","Pteropod",1,
4861,"Peracle diversa","urn:lsid:marinespecies.org:taxname:140721","Peracle diversa (Monterosato, 1875)","Species","Animalia","Mollusca","Gastropoda","Pteropoda","Peraclidae","Peracle","Pteropod",2,2338
4862,"Peracle reticulata","urn:lsid:marinespecies.org:taxname:140722","Peracle reticulata (d'Orbigny, 1835)","Species","Animalia","Mollusca","Gastropoda","Pteropoda","Peraclidae","Peracle","Pteropod",4,5962
4864,"Pneumoderma","urn:lsid:marinespecies.org:taxname:138365","Pneumoderma de Roissy, 1805","Genus","Animalia","Mollusca","Gastropoda","Pteropoda","Pneumodermatidae","Pneumoderma","Pteropod",2,
4865,"Pneumoderma violaceum","urn:lsid:marinespecies.org:taxname:140823","Pneumoderma violaceum d'Orbigny, 1835","Species","Animalia","Mollusca","Gastropoda","Pteropoda","Pneumodermatidae","Pneumoderma","Pteropod",4,1964
4867,"Pneumodermopsis","urn:lsid:marinespecies.org:taxname:138366","Pneumodermopsis Keferstein, 1862","Genus","Animalia","Mollusca","Gastropoda","Pteropoda","Pneumodermatidae","Pneumodermopsis","Pteropod",1,
4868,"Pneumodermopsis canephora","urn:lsid:marinespecies.org:taxname:140824","Pneumodermopsis canephora Pruvot-Fol, 1924","Species","Animalia","Mollusca","Gastropoda","Pteropoda","Pneumodermatidae","Pneumodermopsis","Pteropod",2,1355
4869,"Pneumodermopsis ciliata","urn:lsid:marinespecies.org:taxname:140825","Pneumodermopsis ciliata (Gegenbaur, 1855)","Species","Animalia","Mollusca","Gastropoda","Pteropoda","Pneumodermatidae","Pneumodermopsis","Pteropod",2,1356
4870,"Pneumodermopsis macrochira","urn:lsid:marinespecies.org:taxname:530997","Pneumodermopsis macrochira Meisenheimer, 1905","Species","Animalia","Mollusca","Gastropoda","Pteropoda","Pneumodermatidae","Pneumodermopsis","Pteropod",3,8453
4871,"Pneumodermopsis paucidens","urn:lsid:marinespecies.org:taxname:140826","Pneumodermopsis paucidens (Boas, 1886)","Species","Animalia","Mollusca","Gastropoda","Pteropoda","Pneumodermatidae","Pneumodermopsis","Pteropod",3,8454
4875,"Spongiobranchaea australis","urn:lsid:marinespecies.org:taxname:533451","Spongiobranchaea australis d'Orbigny, 1836","Species","Animalia","Mollusca","Gastropoda","Pteropoda","Pneumodermatidae","Spongiobranchaea","Pteropod",8,94721
4877,"Styliola subula","urn:lsid:marinespecies.org:taxname:139048","Styliola subula (Quoy & Gaimard, 1827)","Species","Animalia","Mollusca","Gastropoda","Pteropoda","Creseidae","Styliola","Pteropod",4,5959
4878,"Telodiacria quadridentata","urn:lsid:marinespecies.org:taxname:1419957","Telodiacria quadridentata (Blainville, 1821)","Species","Animalia","Mollusca","Gastropoda","Pteropoda","Cavoliniidae","Telodiacria","Pteropod",3,
4879,"Thielea helicoides","urn:lsid:marinespecies.org:taxname:729876","Thielea helicoides (Jeffreys, 1877)","Species","Animalia","Mollusca","Gastropoda","Pteropoda","Limacinidae","Thielea","Pteropod",1,154712
4880,"Thliptodon","urn:lsid:marinespecies.org:taxname:137797","Thliptodon Boas, 1886","Genus","Animalia","Mollusca","Gastropoda","Pteropoda","Clionidae","Thliptodon","Pteropod",3,
4881,"Thliptodon diaphanus","urn:lsid:marinespecies.org:taxname:224463","Thliptodon diaphanus (Meisenheimer, 1902)","Species","Animalia","Mollusca","Gastropoda","Pteropoda","Clionidae","Thliptodon","Pteropod",1,8461
4883,"Acromitus maculosus","urn:lsid:marinespecies.org:taxname:288827","Acromitus maculosus Light, 1914","Species","Animalia","Cnidaria","Scyphozoa","Rhizostomeae","Catostylidae","Acromitus","Scyphomedusae",2,92693
4885,"Atolla","urn:lsid:marinespecies.org:taxname:135248","Atolla Haeckel, 1880","Genus","Animalia","Cnidaria","Scyphozoa","Coronatae","Atollidae","Atolla","Scyphomedusae",8,
4886,"Atolla parva","urn:lsid:marinespecies.org:taxname:135280","Atolla parva Russell, 1958","Species","Animalia","Cnidaria","Scyphozoa","Coronatae","Atollidae","Atolla","Scyphomedusae",1,44995
4887,"Atolla vanhoeffeni","urn:lsid:marinespecies.org:taxname:135281","Atolla vanhoeffeni Russell, 1957","Species","Animalia","Cnidaria","Scyphozoa","Coronatae","Atollidae","Atolla","Scyphomedusae",7,44996
4888,"Atolla wyvillei","urn:lsid:marinespecies.org:taxname:135282","Atolla wyvillei Haeckel, 1880","Species","Animalia","Cnidaria","Scyphozoa","Coronatae","Atollidae","Atolla","Scyphomedusae",45,44997
4891,"Atorella vanhoeffeni","urn:lsid:marinespecies.org:taxname:287152","Atorella vanhoeffeni Bigelow, 1909","Species","Animalia","Cnidaria","Scyphozoa","Coronatae","Atorellidae","Atorella","Scyphomedusae",1,45002
4893,"Aurelia","urn:lsid:marinespecies.org:taxname:135263","Aurelia Lamarck, 1816","Genus","Animalia","Cnidaria","Scyphozoa","Semaeostomeae","Ulmaridae","Aurelia","Scyphomedusae",7,
4894,"Aurelia aurita","urn:lsid:marinespecies.org:taxname:135306","Aurelia aurita (Linnaeus, 1758)","Species","Animalia","Cnidaria","Scyphozoa","Semaeostomeae","Ulmaridae","Aurelia","Scyphomedusae",1502,44404
4895,"Aurelia labiata","urn:lsid:marinespecies.org:taxname:287213","Aurelia labiata Chamisso & Eysenhardt, 1821","Species","Animalia","Cnidaria","Scyphozoa","Semaeostomeae","Ulmaridae","Aurelia","Scyphomedusae",109,44405
4896,"Aurelia limbata","urn:lsid:marinespecies.org:taxname:158199","Aurelia limbata Brandt, 1835","Species","Animalia","Cnidaria","Scyphozoa","Semaeostomeae","Ulmaridae","Aurelia","Scyphomedusae",1,44406
4898,"Cassiopea","urn:lsid:marinespecies.org:taxname:135253","Cassiopea Péron & Lesueur, 1810","Genus","Animalia","Cnidaria","Scyphozoa","Rhizostomeae","Cassiopeidae","Cassiopea","Scyphomedusae",2,
4899,"Cassiopea andromeda","urn:lsid:marinespecies.org:taxname:135295","Cassiopea andromeda (Forskål, 1775)","Species","Animalia","Cnidaria","Scyphozoa","Rhizostomeae","Cassiopeidae","Cassiopea","Scyphomedusae",5,45035
4900,"Cassiopea xamachana","urn:lsid:marinespecies.org:taxname:287172","Cassiopea xamachana Bigelow, 1892","Species","Animalia","Cnidaria","Scyphozoa","Rhizostomeae","Cassiopeidae","Cassiopea","Scyphomedusae",1,44748
4904,"Catostylus mosaicus","urn:lsid:marinespecies.org:taxname:220491","Catostylus mosaicus (Quoy & Gaimard, 1824)","Species","Animalia","Cnidaria","Scyphozoa","Rhizostomeae","Catostylidae","Catostylus","Scyphomedusae",8,44751
4907,"Chrysaora achlyos","urn:lsid:marinespecies.org:taxname:287202","Chrysaora achlyos Martin, Gershwin, Burnett, Cargo & Bloom, 1997","Species","Animalia","Cnidaria","Scyphozoa","Semaeostomeae","Pelagiidae","Chrysaora","Scyphomedusae",1,44392
4908,"Chrysaora colorata","urn:lsid:marinespecies.org:taxname:287204","Chrysaora colorata (Russell, 1964)","Species","Animalia","Cnidaria","Scyphozoa","Semaeostomeae","Pelagiidae","Chrysaora","Scyphomedusae",5,92761
4909,"Chrysaora fuscescens","urn:lsid:marinespecies.org:taxname:287206","Chrysaora fuscescens Brandt, 1835","Species","Animalia","Cnidaria","Scyphozoa","Semaeostomeae","Pelagiidae","Chrysaora","Scyphomedusae",36,89057
4910,"Chrysaora hysoscella","urn:lsid:marinespecies.org:taxname:135304","Chrysaora hysoscella (Linnaeus, 1767)","Species","Animalia","Cnidaria","Scyphozoa","Semaeostomeae","Pelagiidae","Chrysaora","Scyphomedusae",53,44395
4911,"Chrysaora lactea","urn:lsid:marinespecies.org:taxname:287208","Chrysaora lactea Eschscholtz, 1829","Species","Animalia","Cnidaria","Scyphozoa","Semaeostomeae","Pelagiidae","Chrysaora","Scyphomedusae",2,44396
4912,"Chrysaora melanaster","urn:lsid:marinespecies.org:taxname:287209","Chrysaora melanaster Brandt, 1835","Species","Animalia","Cnidaria","Scyphozoa","Semaeostomeae","Pelagiidae","Chrysaora","Scyphomedusae",19,44397
4913,"Chrysaora plocamia","urn:lsid:marinespecies.org:taxname:287210","Chrysaora plocamia (Lesson, 1830)","Species","Animalia","Cnidaria","Scyphozoa","Semaeostomeae","Pelagiidae","Chrysaora","Scyphomedusae",1,44398
4914,"Chrysaora quinquecirrha","urn:lsid:marinespecies.org:taxname:220476","Chrysaora quinquecirrha (Desor, 1848)","Species","Animalia","Cnidaria","Scyphozoa","Semaeostomeae","Pelagiidae","Chrysaora","Scyphomedusae",225,44399
4915,"Coronatae","urn:lsid:marinespecies.org:taxname:851649","Coronatae Vanhöffen, 1892","Order","Animalia","Cnidaria","Scyphozoa","Coronatae",,,"Scyphomedusae",1,
4917,"Cotylorhiza tuberculata","urn:lsid:marinespecies.org:taxname:135297","Cotylorhiza tuberculata (Macri, 1778)","Species","Animalia","Cnidaria","Scyphozoa","Rhizostomeae","Cepheidae","Cotylorhiza","Scyphomedusae",8,44759
4919,"Cyanea capillata","urn:lsid:marinespecies.org:taxname:135301","Cyanea capillata (Linnaeus, 1758)","Species","Animalia","Cnidaria","Scyphozoa","Semaeostomeae","Cyaneidae","Cyanea","Scyphomedusae",344,44385
4920,"Cyanea nozakii","urn:lsid:marinespecies.org:taxname:287197","Cyanea nozakii Kishinouye, 1891","Species","Animalia","Cnidaria","Scyphozoa","Semaeostomeae","Cyaneidae","Cyanea","Scyphomedusae",1,44388
4924,"Deepstaria enigmatica","urn:lsid:marinespecies.org:taxname:135307","Deepstaria enigmatica Russell, 1967","Species","Animalia","Cnidaria","Scyphozoa","Semaeostomeae","Ulmaridae","Deepstaria","Scyphomedusae",2,44407
4927,"Discomedusa lobata","urn:lsid:marinespecies.org:taxname:135308","Discomedusa lobata Claus, 1877","Species","Animalia","Cnidaria","Scyphozoa","Semaeostomeae","Ulmaridae","Discomedusa","Scyphomedusae",2,44410
4929,"Drymonema dalmatinum","urn:lsid:marinespecies.org:taxname:135303","Drymonema dalmatinum Haeckel, 1880","Species","Animalia","Cnidaria","Scyphozoa","Semaeostomeae","Drymonematidae","Drymonema","Scyphomedusae",1,44391
4935,"Linuche unguiculata","urn:lsid:marinespecies.org:taxname:221098","Linuche unguiculata (Swartz, 1788)","Species","Animalia","Cnidaria","Scyphozoa","Coronatae","Linuchidae","Linuche","Scyphomedusae",11,45004
4937,"Lychnorhiza","urn:lsid:marinespecies.org:taxname:267567","Lychnorhiza Haeckel, 1880","Genus","Animalia","Cnidaria","Scyphozoa","Rhizostomeae","Lychnorhizidae","Lychnorhiza","Scyphomedusae",1,
4940,"Mastigias papua","urn:lsid:marinespecies.org:taxname:220485","Mastigias papua (Lesson, 1830)","Species","Animalia","Cnidaria","Scyphozoa","Rhizostomeae","Mastigiidae","Mastigias","Scyphomedusae",9,44765
4943,"Nausithoe atlantica","urn:lsid:marinespecies.org:taxname:135284","Nausithoe atlantica Broch, 1913","Species","Animalia","Cnidaria","Scyphozoa","Coronatae","Nausithoidae","Nausithoe","Scyphomedusae",2,45006
4944,"Nausithoe aurea","urn:lsid:marinespecies.org:taxname:287154","Nausithoe aurea Silveira & Morandini, 1997","Species","Animalia","Cnidaria","Scyphozoa","Coronatae","Nausithoidae","Nausithoe","Scyphomedusae",2,45007
4945,"Nausithoe marginata","urn:lsid:marinespecies.org:taxname:135288","Nausithoe marginata Kölliker, 1853","Species","Animalia","Cnidaria","Scyphozoa","Coronatae","Nausithoidae","Nausithoe","Scyphomedusae",2,45015
4946,"Nausithoe punctata","urn:lsid:marinespecies.org:taxname:135290","Nausithoe punctata Kölliker, 1853","Species","Animalia","Cnidaria","Scyphozoa","Coronatae","Nausithoidae","Nausithoe","Scyphomedusae",5,45018
4947,"Nausithoe rubra","urn:lsid:marinespecies.org:taxname:135291","Nausithoe rubra Vanhöffen, 1902","Species","Animalia","Cnidaria","Scyphozoa","Coronatae","Nausithoidae","Nausithoe","Scyphomedusae",1,45020
4950,"Nemopilema nomurai","urn:lsid:marinespecies.org:taxname:290453","Nemopilema nomurai Kishinouye, 1922","Species","Animalia","Cnidaria","Scyphozoa","Rhizostomeae","Rhizostomatidae","Nemopilema","Scyphomedusae",42,89889
4951,"Paraphyllina","urn:lsid:marinespecies.org:taxname:135251","Paraphyllina Maas, 1903","Genus","Animalia","Cnidaria","Scyphozoa","Coronatae","Paraphyllinidae","Paraphyllina","Scyphomedusae",1,
4952,"Paraphyllina intermedia","urn:lsid:marinespecies.org:taxname:287164","Paraphyllina intermedia Maas, 1903","Species","Animalia","Cnidaria","Scyphozoa","Coronatae","Paraphyllinidae","Paraphyllina","Scyphomedusae",3,45026
4953,"Paraphyllina ransoni","urn:lsid:marinespecies.org:taxname:135293","Paraphyllina ransoni Russell, 1956","Species","Animalia","Cnidaria","Scyphozoa","Coronatae","Paraphyllinidae","Paraphyllina","Scyphomedusae",1,45027
4954,"Paraphyllina rubra","urn:lsid:marinespecies.org:taxname:287165","Paraphyllina rubra Neppi, 1915","Species","Animalia","Cnidaria","Scyphozoa","Coronatae","Paraphyllinidae","Paraphyllina","Scyphomedusae",1,92658
4956,"Pelagia","urn:lsid:marinespecies.org:taxname:135262","Pelagia Péron & Lesueur, 1810","Genus","Animalia","Cnidaria","Scyphozoa","Semaeostomeae","Pelagiidae","Pelagia","Scyphomedusae",1,
4957,"Pelagia noctiluca","urn:lsid:marinespecies.org:taxname:135305","Pelagia noctiluca (Forsskål, 1775)","Species","Animalia","Cnidaria","Scyphozoa","Semaeostomeae","Pelagiidae","Pelagia","Scyphomedusae",250,44401
4959,"Periphylla","urn:lsid:marinespecies.org:taxname:135252","Periphylla F. Müller, 1861","Genus","Animalia","Cnidaria","Scyphozoa","Coronatae","Periphyllidae","Periphylla","Scyphomedusae",2,
4960,"Periphylla periphylla","urn:lsid:marinespecies.org:taxname:135294","Periphylla periphylla (Péron & Lesueur, 1810)","Species","Animalia","Cnidaria","Scyphozoa","Coronatae","Periphyllidae","Periphylla","Scyphomedusae",47,45030
4963,"Periphyllopsis galatheae","urn:lsid:marinespecies.org:taxname:290717","Periphyllopsis galatheae Kramp, 1959","Species","Animalia","Cnidaria","Scyphozoa","Coronatae","Periphyllidae","Periphyllopsis","Scyphomedusae",1,45032
4965,"Phacellophora camtschatica","urn:lsid:marinespecies.org:taxname:135309","Phacellophora camtschatica Brandt, 1835","Species","Animalia","Cnidaria","Scyphozoa","Semaeostomeae","Phacellophoridae","Phacellophora","Scyphomedusae",15,44411
4968,"Phyllorhiza punctata","urn:lsid:marinespecies.org:taxname:135298","Phyllorhiza punctata von Lendenfeld, 1884","Species","Animalia","Cnidaria","Scyphozoa","Rhizostomeae","Mastigiidae","Phyllorhiza","Scyphomedusae",7,44767
4969,"Poralia","urn:lsid:marinespecies.org:taxname:135267","Poralia Vanhöffen, 1902","Genus","Animalia","Cnidaria","Scyphozoa","Semaeostomeae","Ulmaridae","Poralia","Scyphomedusae",1,
4970,"Poralia rufescens","urn:lsid:marinespecies.org:taxname:135310","Poralia rufescens Vanhöffen, 1902","Species","Animalia","Cnidaria","Scyphozoa","Semaeostomeae","Ulmaridae","Poralia","Scyphomedusae",46,44412
4973,"Pseudorhiza haeckeli","urn:lsid:marinespecies.org:taxname:290912","Pseudorhiza haeckeli Haacke, 1884","Species","Animalia","Cnidaria","Scyphozoa","Rhizostomeae","Lychnorhizidae","Pseudorhiza","Scyphomedusae",2,44764
4975,"Rhizostoma octopus","urn:lsid:marinespecies.org:taxname:152203","Rhizostoma octopus (Gmelin, 1791)","Species","Animalia","Cnidaria","Scyphozoa","Rhizostomeae","Rhizostomatidae","Rhizostoma","Scyphomedusae",48,169221
4976,"Rhizostoma pulmo","urn:lsid:marinespecies.org:taxname:135299","Rhizostoma pulmo (Macri, 1778)","Species","Animalia","Cnidaria","Scyphozoa","Rhizostomeae","Rhizostomatidae","Rhizostoma","Scyphomedusae",15,44381
4979,"Rhizostomeae","urn:lsid:marinespecies.org:taxname:135224","Rhizostomeae Cuvier, 1800","Order","Animalia","Cnidaria","Scyphozoa","Rhizostomeae",,,"Scyphomedusae",1,
4981,"Rhopilema esculentum","urn:lsid:marinespecies.org:taxname:287187","Rhopilema esculentum Kishinouye, 1891","Species","Animalia","Cnidaria","Scyphozoa","Rhizostomeae","Rhizostomatidae","Rhopilema","Scyphomedusae",19,92735
4982,"Rhopilema hispidum","urn:lsid:marinespecies.org:taxname:220494","Rhopilema hispidum (Vanhöffen, 1888)","Species","Animalia","Cnidaria","Scyphozoa","Rhizostomeae","Rhizostomatidae","Rhopilema","Scyphomedusae",8,92738
4983,"Rhopilema verrilli","urn:lsid:marinespecies.org:taxname:158198","Rhopilema verrilli (Fewkes, 1887)","Species","Animalia","Cnidaria","Scyphozoa","Rhizostomeae","Rhizostomatidae","Rhopilema","Scyphomedusae",1,89066
4984,"Semaeostomeae","urn:lsid:marinespecies.org:taxname:135225","Semaeostomeae Agassiz, 1862","Order","Animalia","Cnidaria","Scyphozoa","Semaeostomeae",,,"Scyphomedusae",1,
4987,"Stomolophus meleagris","urn:lsid:marinespecies.org:taxname:291140","Stomolophus meleagris Agassiz, 1860","Species","Animalia","Cnidaria","Scyphozoa","Rhizostomeae","Stomolophidae","Stomolophus","Scyphomedusae",13,44383
4989,"Stygiomedusa gigantea","urn:lsid:marinespecies.org:taxname:135311","Stygiomedusa gigantea (Browne, 1910)","Species","Animalia","Cnidaria","Scyphozoa","Semaeostomeae","Ulmaridae","Stygiomedusa","Scyphomedusae",2,44415
4993,"Abyla","urn:lsid:marinespecies.org:taxname:135351","Abyla Quoy & Gaimard, 1827","Genus","Animalia","Cnidaria","Hydrozoa","Siphonophorae","Abylidae","Abyla","Siphonophore",16,
4994,"Abyla bicarinata","urn:lsid:marinespecies.org:taxname:135401","Abyla bicarinata Moser, 1925","Species","Animalia","Cnidaria","Hydrozoa","Siphonophorae","Abylidae","Abyla","Siphonophore",3,44691
4995,"Abyla haeckeli","urn:lsid:marinespecies.org:taxname:196556","Abyla haeckeli Lens & van Riemsdijk, 1908","Species","Animalia","Cnidaria","Hydrozoa","Siphonophorae","Abylidae","Abyla","Siphonophore",5,44647
4996,"Abyla trigona","urn:lsid:marinespecies.org:taxname:135402","Abyla trigona Quoy & Gaimard, 1827","Species","Animalia","Cnidaria","Hydrozoa","Siphonophorae","Abylidae","Abyla","Siphonophore",4,44646
5000,"Abylopsis","urn:lsid:marinespecies.org:taxname:135352","Abylopsis Chun, 1888","Genus","Animalia","Cnidaria","Hydrozoa","Siphonophorae","Abylidae","Abylopsis","Siphonophore",1,
5001,"Abylopsis eschscholtzii","urn:lsid:marinespecies.org:taxname:196656","Abylopsis eschscholtzii (Huxley, 1859)","Species","Animalia","Cnidaria","Hydrozoa","Siphonophorae","Abylidae","Abylopsis","Siphonophore",6,
5002,"Abylopsis tetragona","urn:lsid:marinespecies.org:taxname:135403","Abylopsis tetragona (Otto, 1823)","Species","Animalia","Cnidaria","Hydrozoa","Siphonophorae","Abylidae","Abylopsis","Siphonophore",16,44695
5003,"Agalma","urn:lsid:marinespecies.org:taxname:135385","Agalma Eschscholtz, 1825","Genus","Animalia","Cnidaria","Hydrozoa","Siphonophorae","Agalmatidae","Agalma","Siphonophore",17,
5004,"Agalma elegans","urn:lsid:marinespecies.org:taxname:135484","Agalma elegans (Sars, 1846)","Species","Animalia","Cnidaria","Hydrozoa","Siphonophorae","Agalmatidae","Agalma","Siphonophore",13,44704
5005,"Agalma okenii","urn:lsid:marinespecies.org:taxname:135485","Agalma okenii Eschscholtz, 1825","Species","Animalia","Cnidaria","Hydrozoa","Siphonophorae","Agalmatidae","Agalma","Siphonophore",6,44705
5007,"Amphicaryon","urn:lsid:marinespecies.org:taxname:135370","Amphicaryon Chun, 1888","Genus","Animalia","Cnidaria","Hydrozoa","Siphonophorae","Prayidae","Amphicaryon","Siphonophore",1,
5008,"Amphicaryon acaule","urn:lsid:marinespecies.org:taxname:135454","Amphicaryon acaule Chun, 1888","Species","Animalia","Cnidaria","Hydrozoa","Siphonophorae","Prayidae","Amphicaryon","Siphonophore",15,44683
5009,"Amphicaryon ernesti","urn:lsid:marinespecies.org:taxname:135455","Amphicaryon ernesti Totton, 1954","Species","Animalia","Cnidaria","Hydrozoa","Siphonophorae","Prayidae","Amphicaryon","Siphonophore",8,44684
5010,"Amphicaryon peltifera","urn:lsid:marinespecies.org:taxname:135456","Amphicaryon peltifera (Haeckel, 1888)","Species","Animalia","Cnidaria","Hydrozoa","Siphonophorae","Prayidae","Amphicaryon","Siphonophore",2,86719
5012,"Apolemia","urn:lsid:marinespecies.org:taxname:135393","Apolemia Eschscholtz, 1829","Genus","Animalia","Cnidaria","Hydrozoa","Siphonophorae","Apolemiidae","Apolemia","Siphonophore",9,
5013,"Apolemia contorta","urn:lsid:marinespecies.org:taxname:746147","Apolemia contorta (Margulis, 1976)","Species","Animalia","Cnidaria","Hydrozoa","Siphonophorae","Apolemiidae","Apolemia","Siphonophore",2,
5014,"Apolemia uvaria","urn:lsid:marinespecies.org:taxname:135497","Apolemia uvaria (Lesueur, 1815)","Species","Animalia","Cnidaria","Hydrozoa","Siphonophorae","Apolemiidae","Apolemia","Siphonophore",7,44722
5015,"Apolemia vitiazi","urn:lsid:marinespecies.org:taxname:387262","Apolemia vitiazi (Stepanjants, 1967)","Species","Animalia","Cnidaria","Hydrozoa","Siphonophorae","Apolemiidae","Apolemia","Siphonophore",1,
5017,"Athorybia","urn:lsid:marinespecies.org:taxname:135394","Athorybia Eschscholtz, 1829","Genus","Animalia","Cnidaria","Hydrozoa","Siphonophorae","Agalmatidae","Athorybia","Siphonophore",7,
5018,"Athorybia rosacea","urn:lsid:marinespecies.org:taxname:135498","Athorybia rosacea (Forsskål, 1775)","Species","Animalia","Cnidaria","Hydrozoa","Siphonophorae","Agalmatidae","Athorybia","Siphonophore",3,44725
5019,"Bargmannia","urn:lsid:marinespecies.org:taxname:135398","Bargmannia Totton, 1954","Genus","Animalia","Cnidaria","Hydrozoa","Siphonophorae","Pyrostephidae","Bargmannia","Siphonophore",2,
5020,"Bargmannia elongata","urn:lsid:marinespecies.org:taxname:135506","Bargmannia elongata Totton, 1954","Species","Animalia","Cnidaria","Hydrozoa","Siphonophorae","Pyrostephidae","Bargmannia","Siphonophore",10,44706
5021,"Bargmannia lata","urn:lsid:marinespecies.org:taxname:135507","Bargmannia lata Mapstone, 1998","Species","Animalia","Cnidaria","Hydrozoa","Siphonophorae","Pyrostephidae","Bargmannia","Siphonophore",12,89304
5022,"Bassia","urn:lsid:marinespecies.org:taxname:135353","Bassia L. Agassiz, 1862","Genus","Animalia","Cnidaria","Hydrozoa","Siphonophorae","Abylidae","Bassia","Siphonophore",1,
5023,"Bassia bassensis","urn:lsid:marinespecies.org:taxname:135404","Bassia bassensis (Quoy & Gaimard, 1833)","Species","Animalia","Cnidaria","Hydrozoa","Siphonophorae","Abylidae","Bassia","Siphonophore",6,44689
5024,"Bathyphysa","urn:lsid:marinespecies.org:taxname:135383","Bathyphysa Studer, 1878","Genus","Animalia","Cnidaria","Hydrozoa","Siphonophorae","Rhizophysidae","Bathyphysa","Siphonophore",1,
5026,"Ceratocymba","urn:lsid:marinespecies.org:taxname:135354","Ceratocymba Chun, 1888","Genus","Animalia","Cnidaria","Hydrozoa","Siphonophorae","Abylidae","Ceratocymba","Siphonophore",1,
5027,"Ceratocymba dentata","urn:lsid:marinespecies.org:taxname:135405","Ceratocymba dentata (Bigelow, 1918)","Species","Animalia","Cnidaria","Hydrozoa","Siphonophorae","Abylidae","Ceratocymba","Siphonophore",3,44703
5028,"Ceratocymba leuckartii","urn:lsid:marinespecies.org:taxname:287240","Ceratocymba leuckartii (Huxley, 1859)","Species","Animalia","Cnidaria","Hydrozoa","Siphonophorae","Abylidae","Ceratocymba","Siphonophore",5,44700
5029,"Ceratocymba sagittata","urn:lsid:marinespecies.org:taxname:135406","Ceratocymba sagittata (Quoy & Gaimard, 1827)","Species","Animalia","Cnidaria","Hydrozoa","Siphonophorae","Abylidae","Ceratocymba","Siphonophore",6,44701
5030,"Chelophyes","urn:lsid:marinespecies.org:taxname:135360","Chelophyes Totton, 1932","Genus","Animalia","Cnidaria","Hydrozoa","Siphonophorae","Diphyidae","Chelophyes","Siphonophore",1,
5031,"Chelophyes appendiculata","urn:lsid:marinespecies.org:taxname:135417","Chelophyes appendiculata (Eschscholtz, 1829)","Species","Animalia","Cnidaria","Hydrozoa","Siphonophorae","Diphyidae","Chelophyes","Siphonophore",20,44630
5032,"Chelophyes contorta","urn:lsid:marinespecies.org:taxname:196554","Chelophyes contorta (Lens & van Riemsdijk, 1908)","Species","Animalia","Cnidaria","Hydrozoa","Siphonophorae","Diphyidae","Chelophyes","Siphonophore",9,44631
5034,"Chuniphyes moserae","urn:lsid:marinespecies.org:taxname:135408","Chuniphyes moserae Totton, 1954","Species","Animalia","Cnidaria","Hydrozoa","Siphonophorae","Clausophyidae","Chuniphyes","Siphonophore",4,44660
5035,"Chuniphyes multidentata","urn:lsid:marinespecies.org:taxname:135409","Chuniphyes multidentata Lens & van Riemsdijk, 1908","Species","Animalia","Cnidaria","Hydrozoa","Siphonophorae","Clausophyidae","Chuniphyes","Siphonophore",8,44659
5037,"Clausophyes galeata","urn:lsid:marinespecies.org:taxname:135410","Clausophyes galeata Lens & van Riemsdijk, 1908","Species","Animalia","Cnidaria","Hydrozoa","Siphonophorae","Clausophyidae","Clausophyes","Siphonophore",3,44632
5038,"Clausophyes laetmata","urn:lsid:marinespecies.org:taxname:287241","Clausophyes laetmata Pugh & Pages, 1993","Species","Animalia","Cnidaria","Hydrozoa","Siphonophorae","Clausophyidae","Clausophyes","Siphonophore",2,86725
5039,"Clausophyes moserae","urn:lsid:marinespecies.org:taxname:135412","Clausophyes moserae Margulis, 1988","Species","Animalia","Cnidaria","Hydrozoa","Siphonophorae","Clausophyidae","Clausophyes","Siphonophore",6,89316
5040,"Clausophyes tropica","urn:lsid:marinespecies.org:taxname:287244","Clausophyes tropica Pugh, 1995","Species","Animalia","Cnidaria","Hydrozoa","Siphonophorae","Clausophyidae","Clausophyes","Siphonophore",2,86726
5043,"Cordagalma ordinatum","urn:lsid:marinespecies.org:taxname:196536","Cordagalma ordinatum (Haeckel, 1888)","Species","Animalia","Cnidaria","Hydrozoa","Siphonophorae","Cordagalmatidae","Cordagalma","Siphonophore",9,44711
5046,"Crystallophyes amygdalina","urn:lsid:marinespecies.org:taxname:135414","Crystallophyes amygdalina Moser, 1925","Species","Animalia","Cnidaria","Hydrozoa","Siphonophorae","Clausophyidae","Crystallophyes","Siphonophore",5,44671
5048,"Dimophyes","urn:lsid:marinespecies.org:taxname:135361","Dimophyes Moser, 1925","Genus","Animalia","Cnidaria","Hydrozoa","Siphonophorae","Diphyidae","Dimophyes","Siphonophore",3,
5049,"Dimophyes arctica","urn:lsid:marinespecies.org:taxname:135418","Dimophyes arctica (Chun, 1897)","Species","Animalia","Cnidaria","Hydrozoa","Siphonophorae","Diphyidae","Dimophyes","Siphonophore",18,44658
5050,"Diphyes","urn:lsid:marinespecies.org:taxname:135362","Diphyes Cuvier, 1817","Genus","Animalia","Cnidaria","Hydrozoa","Siphonophorae","Diphyidae","Diphyes","Siphonophore",127,
5051,"Diphyes antarctica","urn:lsid:marinespecies.org:taxname:287245","Diphyes antarctica Moser, 1925","Species","Animalia","Cnidaria","Hydrozoa","Siphonophorae","Diphyidae","Diphyes","Siphonophore",91,77117
5052,"Diphyes bojani","urn:lsid:marinespecies.org:taxname:135419","Diphyes bojani (Eschscholtz, 1825)","Species","Animalia","Cnidaria","Hydrozoa","Siphonophorae","Diphyidae","Diphyes","Siphonophore",4,44662
5053,"Diphyes chamissonis","urn:lsid:marinespecies.org:taxname:287246","Diphyes chamissonis Huxley, 1859","Species","Animalia","Cnidaria","Hydrozoa","Siphonophorae","Diphyidae","Diphyes","Siphonophore",2,77118
5054,"Diphyes dispar","urn:lsid:marinespecies.org:taxname:135420","Diphyes dispar Chamisso & Eysenhardt, 1821","Species","Animalia","Cnidaria","Hydrozoa","Siphonophorae","Diphyidae","Diphyes","Siphonophore",16,44661
5058,"Dromalia alexandri","urn:lsid:marinespecies.org:taxname:289842","Dromalia alexandri Bigelow, 1911","Species","Animalia","Cnidaria","Hydrozoa","Siphonophorae","Rhodaliidae","Dromalia","Siphonophore",3,44693
5060,"Enneagonum hyalinum","urn:lsid:marinespecies.org:taxname:135407","Enneagonum hyalinum Quoy & Gaimard, 1827","Species","Animalia","Cnidaria","Hydrozoa","Siphonophorae","Abylidae","Enneagonum","Siphonophore",8,44645
5062,"Erenna richardi","urn:lsid:marinespecies.org:taxname:135487","Erenna richardi Bedot, 1904","Species","Animalia","Cnidaria","Hydrozoa","Siphonophorae","Erennidae","Erenna","Siphonophore",3,44712
5065,"Eudoxoides mitra","urn:lsid:marinespecies.org:taxname:135423","Eudoxoides mitra (Huxley, 1859)","Species","Animalia","Cnidaria","Hydrozoa","Siphonophorae","Diphyidae","Eudoxoides","Siphonophore",6,44665
5066,"Eudoxoides spiralis","urn:lsid:marinespecies.org:taxname:135424","Eudoxoides spiralis (Bigelow, 1911)","Species","Animalia","Cnidaria","Hydrozoa","Siphonophorae","Diphyidae","Eudoxoides","Siphonophore",6,44664
5067,"Forskalia","urn:lsid:marinespecies.org:taxname:135396","Forskalia Kölliker, 1853","Genus","Animalia","Cnidaria","Hydrozoa","Siphonophorae","Forskaliidae","Forskalia","Siphonophore",3,
5068,"Forskalia contorta","urn:lsid:marinespecies.org:taxname:152179","Forskalia contorta (Milne Edwards, 1841)","Species","Animalia","Cnidaria","Hydrozoa","Siphonophorae","Forskaliidae","Forskalia","Siphonophore",4,77178
5069,"Forskalia edwardsii","urn:lsid:marinespecies.org:taxname:135501","Forskalia edwardsii Kölliker, 1853","Species","Animalia","Cnidaria","Hydrozoa","Siphonophorae","Forskaliidae","Forskalia","Siphonophore",6,
5072,"Frillagalma vityazi","urn:lsid:marinespecies.org:taxname:135488","Frillagalma vityazi Daniel, 1966","Species","Animalia","Cnidaria","Hydrozoa","Siphonophorae","Agalmatidae","Frillagalma","Siphonophore",8,89301
5074,"Gilia reticulata","urn:lsid:marinespecies.org:taxname:196593","Gilia reticulata (Totton, 1954)","Species","Animalia","Cnidaria","Hydrozoa","Siphonophorae","Diphyidae","Gilia","Siphonophore",7,86728
5076,"Halistemma","urn:lsid:marinespecies.org:taxname:135389","Halistemma Huxley, 1859","Genus","Animalia","Cnidaria","Hydrozoa","Siphonophorae","Agalmatidae","Halistemma","Siphonophore",1,
5077,"Halistemma cupulifera","urn:lsid:marinespecies.org:taxname:287285","Halistemma cupulifera Lens & van Riemsdijk, 1908","Species","Animalia","Cnidaria","Hydrozoa","Siphonophorae","Agalmatidae","Halistemma","Siphonophore",1,44714
5078,"Halistemma rubrum","urn:lsid:marinespecies.org:taxname:135490","Halistemma rubrum (Vogt, 1852)","Species","Animalia","Cnidaria","Hydrozoa","Siphonophorae","Agalmatidae","Halistemma","Siphonophore",6,44715
5079,"Halistemma striata","urn:lsid:marinespecies.org:taxname:135491","Halistemma striata Totton, 1965","Species","Animalia","Cnidaria","Hydrozoa","Siphonophorae","Agalmatidae","Halistemma","Siphonophore",2,86737
5081,"Heteropyramis crystallina","urn:lsid:marinespecies.org:taxname:135415","Heteropyramis crystallina (Moser, 1925)","Species","Animalia","Cnidaria","Hydrozoa","Siphonophorae","Clausophyidae","Heteropyramis","Siphonophore",5,86727
5082,"Heteropyramis maculata","urn:lsid:marinespecies.org:taxname:135416","Heteropyramis maculata Moser, 1925","Species","Animalia","Cnidaria","Hydrozoa","Siphonophorae","Clausophyidae","Heteropyramis","Siphonophore",3,44641
5084,"Hippopodius","urn:lsid:marinespecies.org:taxname:135368","Hippopodius Quoy & Gaimard, 1827","Genus","Animalia","Cnidaria","Hydrozoa","Siphonophorae","Hippopodiidae","Hippopodius","Siphonophore",1,
5085,"Hippopodius hippopus","urn:lsid:marinespecies.org:taxname:135449","Hippopodius hippopus (Forsskål, 1776)","Species","Animalia","Cnidaria","Hydrozoa","Siphonophorae","Hippopodiidae","Hippopodius","Siphonophore",8,44673
5087,"Kephyes ovata","urn:lsid:marinespecies.org:taxname:387273","Kephyes ovata (Keferstein & Ehlers, 1860)","Species","Animalia","Cnidaria","Hydrozoa","Siphonophorae","Clausophyidae","Kephyes","Siphonophore",3,
5088,"Lensia","urn:lsid:marinespecies.org:taxname:135365","Lensia Totton, 1932","Genus","Animalia","Cnidaria","Hydrozoa","Siphonophorae","Diphyidae","Lensia","Siphonophore",4,
5089,"Lensia achilles","urn:lsid:marinespecies.org:taxname:135425","Lensia achilles Totton, 1941","Species","Animalia","Cnidaria","Hydrozoa","Siphonophorae","Diphyidae","Lensia","Siphonophore",10,44634
5090,"Lensia ajax","urn:lsid:marinespecies.org:taxname:287248","Lensia ajax Totton, 1941","Species","Animalia","Cnidaria","Hydrozoa","Siphonophorae","Diphyidae","Lensia","Siphonophore",3,44639
5091,"Lensia campanella","urn:lsid:marinespecies.org:taxname:196555","Lensia campanella (Moser, 1917)","Species","Animalia","Cnidaria","Hydrozoa","Siphonophorae","Diphyidae","Lensia","Siphonophore",4,44640
5092,"Lensia challengeri","urn:lsid:marinespecies.org:taxname:287252","Lensia challengeri Totton, 1954","Species","Animalia","Cnidaria","Hydrozoa","Siphonophorae","Diphyidae","Lensia","Siphonophore",2,44648
5093,"Lensia conoidea","urn:lsid:marinespecies.org:taxname:135426","Lensia conoidea (Keferstein & Ehlers, 1860)","Species","Animalia","Cnidaria","Hydrozoa","Siphonophorae","Diphyidae","Lensia","Siphonophore",14,44636
5094,"Lensia cossack","urn:lsid:marinespecies.org:taxname:135427","Lensia cossack Totton, 1941","Species","Animalia","Cnidaria","Hydrozoa","Siphonophorae","Diphyidae","Lensia","Siphonophore",3,44616
5095,"Lensia exeter","urn:lsid:marinespecies.org:taxname:135428","Lensia exeter Totton, 1941","Species","Animalia","Cnidaria","Hydrozoa","Siphonophorae","Diphyidae","Lensia","Siphonophore",3,86730
5096,"Lensia fowleri","urn:lsid:marinespecies.org:taxname:135429","Lensia fowleri (Bigelow, 1911)","Species","Animalia","Cnidaria","Hydrozoa","Siphonophorae","Diphyidae","Lensia","Siphonophore",6,44615
5097,"Lensia grimaldii","urn:lsid:marinespecies.org:taxname:135430","Lensia grimaldii Leloup, 1933","Species","Animalia","Cnidaria","Hydrozoa","Siphonophorae","Diphyidae","Lensia","Siphonophore",3,44619
5098,"Lensia hardy","urn:lsid:marinespecies.org:taxname:387265","Lensia hardy Totton, 1941","Species","Animalia","Cnidaria","Hydrozoa","Siphonophorae","Diphyidae","Lensia","Siphonophore",2,86698
5099,"Lensia havock","urn:lsid:marinespecies.org:taxname:135431","Lensia havock Totton, 1941","Species","Animalia","Cnidaria","Hydrozoa","Siphonophorae","Diphyidae","Lensia","Siphonophore",5,44649
5100,"Lensia hostile","urn:lsid:marinespecies.org:taxname:135432","Lensia hostile Totton, 1941","Species","Animalia","Cnidaria","Hydrozoa","Siphonophorae","Diphyidae","Lensia","Siphonophore",5,44650
5101,"Lensia hotspur","urn:lsid:marinespecies.org:taxname:135433","Lensia hotspur Totton, 1941","Species","Animalia","Cnidaria","Hydrozoa","Siphonophorae","Diphyidae","Lensia","Siphonophore",3,44651
5102,"Lensia hunter","urn:lsid:marinespecies.org:taxname:287257","Lensia hunter Totton, 1941","Species","Animalia","Cnidaria","Hydrozoa","Siphonophorae","Diphyidae","Lensia","Siphonophore",2,86733
5103,"Lensia leloupi","urn:lsid:marinespecies.org:taxname:287261","Lensia leloupi Totton, 1954","Species","Animalia","Cnidaria","Hydrozoa","Siphonophorae","Diphyidae","Lensia","Siphonophore",2,86734
5104,"Lensia lelouveteau","urn:lsid:marinespecies.org:taxname:135434","Lensia lelouveteau Totton, 1941","Species","Animalia","Cnidaria","Hydrozoa","Siphonophorae","Diphyidae","Lensia","Siphonophore",3,44652
5105,"Lensia meteori","urn:lsid:marinespecies.org:taxname:135435","Lensia meteori (Leloup, 1934)","Species","Animalia","Cnidaria","Hydrozoa","Siphonophorae","Diphyidae","Lensia","Siphonophore",4,44653
5106,"Lensia multicristata","urn:lsid:marinespecies.org:taxname:135436","Lensia multicristata (Moser, 1925)","Species","Animalia","Cnidaria","Hydrozoa","Siphonophorae","Diphyidae","Lensia","Siphonophore",15,44638
5107,"Lensia subtilis","urn:lsid:marinespecies.org:taxname:135439","Lensia subtilis (Chun, 1886)","Species","Animalia","Cnidaria","Hydrozoa","Siphonophorae","Diphyidae","Lensia","Siphonophore",4,44617
5108,"Lensia subtiloides","urn:lsid:marinespecies.org:taxname:135440","Lensia subtiloides (Lens & van Riemsdijk, 1908)","Species","Animalia","Cnidaria","Hydrozoa","Siphonophorae","Diphyidae","Lensia","Siphonophore",4,44618
5110,"Lilyopsis medusa","urn:lsid:marinespecies.org:taxname:430685","Lilyopsis medusa (Metschnikoff & Metschnikoff, 1871)","Species","Animalia","Cnidaria","Hydrozoa","Siphonophorae","Prayidae","Lilyopsis","Siphonophore",4,
5112,"Lychnagalma utricularia","urn:lsid:marinespecies.org:taxname:135492","Lychnagalma utricularia (Claus, 1879)","Species","Animalia","Cnidaria","Hydrozoa","Siphonophorae","Agalmatidae","Lychnagalma","Siphonophore",2,
5113,"Maresearsia","urn:lsid:marinespecies.org:taxname:135373","Maresearsia Totton, 1954","Genus","Animalia","Cnidaria","Hydrozoa","Siphonophorae","Prayidae","Maresearsia","Siphonophore",1,
5114,"Maresearsia praeclara","urn:lsid:marinespecies.org:taxname:135460","Maresearsia praeclara Totton, 1954","Species","Animalia","Cnidaria","Hydrozoa","Siphonophorae","Prayidae","Maresearsia","Siphonophore",5,86720
5116,"Marrus antarcticus","urn:lsid:marinespecies.org:taxname:135493","Marrus antarcticus Totton, 1954","Species","Animalia","Cnidaria","Hydrozoa","Siphonophorae","Agalmatidae","Marrus","Siphonophore",4,44709
5117,"Marrus orthocanna","urn:lsid:marinespecies.org:taxname:135494","Marrus orthocanna (Kramp, 1942)","Species","Animalia","Cnidaria","Hydrozoa","Siphonophorae","Agalmatidae","Marrus","Siphonophore",6,44710
5119,"Melophysa melo","urn:lsid:marinespecies.org:taxname:135499","Melophysa melo (Quoy & Gaimard, 1827)","Species","Animalia","Cnidaria","Hydrozoa","Siphonophorae","Agalmatidae","Melophysa","Siphonophore",2,86738
5120,"Muggiaea","urn:lsid:marinespecies.org:taxname:135366","Muggiaea Busch, 1851","Genus","Animalia","Cnidaria","Hydrozoa","Siphonophorae","Diphyidae","Muggiaea","Siphonophore",3,
5121,"Muggiaea atlantica","urn:lsid:marinespecies.org:taxname:135441","Muggiaea atlantica Cunningham, 1892","Species","Animalia","Cnidaria","Hydrozoa","Siphonophorae","Diphyidae","Muggiaea","Siphonophore",39,44654
5122,"Muggiaea bargmannae","urn:lsid:marinespecies.org:taxname:135442","Muggiaea bargmannae Totton, 1954","Species","Animalia","Cnidaria","Hydrozoa","Siphonophorae","Diphyidae","Muggiaea","Siphonophore",5,44655
5123,"Muggiaea kochii","urn:lsid:marinespecies.org:taxname:135444","Muggiaea kochii (Will, 1844)","Species","Animalia","Cnidaria","Hydrozoa","Siphonophorae","Diphyidae","Muggiaea","Siphonophore",6,
5124,"Nanomia","urn:lsid:marinespecies.org:taxname:135392","Nanomia A. Agassiz, 1865","Genus","Animalia","Cnidaria","Hydrozoa","Siphonophorae","Agalmatidae","Nanomia","Siphonophore",4,
5125,"Nanomia bijuga","urn:lsid:marinespecies.org:taxname:135495","Nanomia bijuga (Delle Chiaje, 1844)","Species","Animalia","Cnidaria","Hydrozoa","Siphonophorae","Agalmatidae","Nanomia","Siphonophore",20,44708
5126,"Nanomia cara","urn:lsid:marinespecies.org:taxname:135496","Nanomia cara Agassiz, 1865","Species","Animalia","Cnidaria","Hydrozoa","Siphonophorae","Agalmatidae","Nanomia","Siphonophore",5,44707
5128,"Nectadamas diomedeae","urn:lsid:marinespecies.org:taxname:135461","Nectadamas diomedeae (Bigelow, 1911)","Species","Animalia","Cnidaria","Hydrozoa","Siphonophorae","Prayidae","Nectadamas","Siphonophore",10,86721
5129,"Nectadamas richardi","urn:lsid:marinespecies.org:taxname:135462","Nectadamas richardi Pugh, 1992","Species","Animalia","Cnidaria","Hydrozoa","Siphonophorae","Prayidae","Nectadamas","Siphonophore",4,
5131,"Nectopyramis","urn:lsid:marinespecies.org:taxname:135375","Nectopyramis Bigelow, 1911","Genus","Animalia","Cnidaria","Hydrozoa","Siphonophorae","Prayidae","Nectopyramis","Siphonophore",1,
5132,"Nectopyramis natans","urn:lsid:marinespecies.org:taxname:135463","Nectopyramis natans (Bigelow, 1911)","Species","Animalia","Cnidaria","Hydrozoa","Siphonophorae","Prayidae","Nectopyramis","Siphonophore",3,44675
5133,"Nectopyramis thetis","urn:lsid:marinespecies.org:taxname:135465","Nectopyramis thetis Bigelow, 1911","Species","Animalia","Cnidaria","Hydrozoa","Siphonophorae","Prayidae","Nectopyramis","Siphonophore",10,44676
5135,"Physalia physalis","urn:lsid:marinespecies.org:taxname:135479","Physalia physalis (Linnaeus, 1758)","Species","Animalia","Cnidaria","Hydrozoa","Siphonophorae","Physaliidae","Physalia","Siphonophore",7,44728
5138,"Physophora","urn:lsid:marinespecies.org:taxname:135397","Physophora Forsskål, 1775","Genus","Animalia","Cnidaria","Hydrozoa","Siphonophorae","Physophoridae","Physophora","Siphonophore",1,
5139,"Physophora hydrostatica","urn:lsid:marinespecies.org:taxname:135504","Physophora hydrostatica Forsskål, 1775","Species","Animalia","Cnidaria","Hydrozoa","Siphonophorae","Physophoridae","Physophora","Siphonophore",7,44692
5141,"Praya","urn:lsid:marinespecies.org:taxname:135376","Praya Quoy & Gaimard in de Blainville, 1834","Genus","Animalia","Cnidaria","Hydrozoa","Siphonophorae","Prayidae","Praya","Siphonophore",3,
5142,"Praya dubia","urn:lsid:marinespecies.org:taxname:135466","Praya dubia (Quoy & Gaimard, 1833)","Species","Animalia","Cnidaria","Hydrozoa","Siphonophorae","Prayidae","Praya","Siphonophore",12,44678
5143,"Praya reticulata","urn:lsid:marinespecies.org:taxname:135467","Praya reticulata (Bigelow, 1911)","Species","Animalia","Cnidaria","Hydrozoa","Siphonophorae","Prayidae","Praya","Siphonophore",10,44677
5144,"Prayidae","urn:lsid:marinespecies.org:taxname:135340","Prayidae Kölliker, 1853","Family","Animalia","Cnidaria","Hydrozoa","Siphonophorae","Prayidae",,"Siphonophore",7,
5148,"Pyrostephos vanhoeffeni","urn:lsid:marinespecies.org:taxname:231599","Pyrostephos vanhoeffeni Moser, 1925","Species","Animalia","Cnidaria","Hydrozoa","Siphonophorae","Pyrostephidae","Pyrostephos","Siphonophore",4,2384662
5149,"Resomia","urn:lsid:marinespecies.org:taxname:708920","Resomia Pugh, 2006","Genus","Animalia","Cnidaria","Hydrozoa","Siphonophorae","Resomiidae","Resomia","Siphonophore",1,
5150,"Resomia convoluta","urn:lsid:marinespecies.org:taxname:290967","Resomia convoluta (Moser, 1925)","Species","Animalia","Cnidaria","Hydrozoa","Siphonophorae","Resomiidae","Resomia","Siphonophore",2,
5152,"Rhizophysa","urn:lsid:marinespecies.org:taxname:135384","Rhizophysa Péron & Lesueur, 1807","Genus","Animalia","Cnidaria","Hydrozoa","Siphonophorae","Rhizophysidae","Rhizophysa","Siphonophore",1,
5153,"Rhizophysa eysenhardtii","urn:lsid:marinespecies.org:taxname:135481","Rhizophysa eysenhardtii Gegenbaur, 1859","Species","Animalia","Cnidaria","Hydrozoa","Siphonophorae","Rhizophysidae","Rhizophysa","Siphonophore",2,
5154,"Rhizophysa filiformis","urn:lsid:marinespecies.org:taxname:135482","Rhizophysa filiformis (Forsskål, 1775)","Species","Animalia","Cnidaria","Hydrozoa","Siphonophorae","Rhizophysidae","Rhizophysa","Siphonophore",3,44727
5157,"Rhodalia miranda","urn:lsid:marinespecies.org:taxname:290984","Rhodalia miranda Haeckel, 1888","Species","Animalia","Cnidaria","Hydrozoa","Siphonophorae","Rhodaliidae","Rhodalia","Siphonophore",2,77626
5159,"Rosacea","urn:lsid:marinespecies.org:taxname:135379","Rosacea Quoy & Gaimard, 1827","Genus","Animalia","Cnidaria","Hydrozoa","Siphonophorae","Prayidae","Rosacea","Siphonophore",1,
5160,"Rosacea cymbiformis","urn:lsid:marinespecies.org:taxname:135470","Rosacea cymbiformis (Delle Chiaje, 1830)","Species","Animalia","Cnidaria","Hydrozoa","Siphonophorae","Prayidae","Rosacea","Siphonophore",9,44681
5161,"Rosacea plicata","urn:lsid:marinespecies.org:taxname:135471","Rosacea plicata Bigelow, 1911","Species","Animalia","Cnidaria","Hydrozoa","Siphonophorae","Prayidae","Rosacea","Siphonophore",12,44679
5163,"Rudjakovia plicata","urn:lsid:marinespecies.org:taxname:290999","Rudjakovia plicata Margulis, 1982","Species","Animalia","Cnidaria","Hydrozoa","Siphonophorae","Pyrostephidae","Rudjakovia","Siphonophore",1,
5164,"Siphonophorae","urn:lsid:marinespecies.org:taxname:1371","Siphonophorae Eschscholtz, 1829","Order","Animalia","Cnidaria","Hydrozoa","Siphonophorae",,,"Siphonophore",1,
5165,"Sphaeronectes","urn:lsid:marinespecies.org:taxname:135381","Sphaeronectes Huxley, 1859","Genus","Animalia","Cnidaria","Hydrozoa","Siphonophorae","Sphaeronectidae","Sphaeronectes","Siphonophore",2,
5166,"Sphaeronectes irregularis","urn:lsid:marinespecies.org:taxname:135478","Sphaeronectes irregularis (Claus, 1873)","Species","Animalia","Cnidaria","Hydrozoa","Siphonophorae","Sphaeronectidae","Sphaeronectes","Siphonophore",1,89317
5167,"Sphaeronectes koellikeri","urn:lsid:marinespecies.org:taxname:152189","Sphaeronectes koellikeri Huxley, 1859","Species","Animalia","Cnidaria","Hydrozoa","Siphonophorae","Sphaeronectidae","Sphaeronectes","Siphonophore",16,166232
5169,"Stephanomia amphytridis","urn:lsid:marinespecies.org:taxname:387271","Stephanomia amphytridis Lesueur & Petit, 1807","Species","Animalia","Cnidaria","Hydrozoa","Siphonophorae","Agalmatidae","Stephanomia","Siphonophore",1,44713
5171,"Stephanophyes superba","urn:lsid:marinespecies.org:taxname:135473","Stephanophyes superba Chun, 1888","Species","Animalia","Cnidaria","Hydrozoa","Siphonophorae","Prayidae","Stephanophyes","Siphonophore",1,44687
5172,"Sulculeolaria","urn:lsid:marinespecies.org:taxname:135367","Sulculeolaria Blainville, 1830","Genus","Animalia","Cnidaria","Hydrozoa","Siphonophorae","Diphyidae","Sulculeolaria","Siphonophore",2,
5173,"Sulculeolaria biloba","urn:lsid:marinespecies.org:taxname:135445","Sulculeolaria biloba (Sars, 1846)","Species","Animalia","Cnidaria","Hydrozoa","Siphonophorae","Diphyidae","Sulculeolaria","Siphonophore",11,44668
5174,"Sulculeolaria chuni","urn:lsid:marinespecies.org:taxname:135446","Sulculeolaria chuni (Lens & van Riemsdijk, 1908)","Species","Animalia","Cnidaria","Hydrozoa","Siphonophorae","Diphyidae","Sulculeolaria","Siphonophore",5,44666
5175,"Sulculeolaria monoica","urn:lsid:marinespecies.org:taxname:196553","Sulculeolaria monoica (Chun, 1888)","Species","Animalia","Cnidaria","Hydrozoa","Siphonophorae","Diphyidae","Sulculeolaria","Siphonophore",3,44669
5176,"Sulculeolaria quadrivalvis","urn:lsid:marinespecies.org:taxname:135447","Sulculeolaria quadrivalvis de Blainville, 1830","Species","Animalia","Cnidaria","Hydrozoa","Siphonophorae","Diphyidae","Sulculeolaria","Siphonophore",13,44667
5177,"Sulculeolaria turgida","urn:lsid:marinespecies.org:taxname:135448","Sulculeolaria turgida (Gegenbaur, 1854)","Species","Animalia","Cnidaria","Hydrozoa","Siphonophorae","Diphyidae","Sulculeolaria","Siphonophore",5,44670
5179,"Vogtia","urn:lsid:marinespecies.org:taxname:135369","Vogtia Kölliker, 1853","Genus","Animalia","Cnidaria","Hydrozoa","Siphonophorae","Hippopodiidae","Vogtia","Siphonophore",1,
5180,"Vogtia glabra","urn:lsid:marinespecies.org:taxname:135450","Vogtia glabra Bigelow, 1918","Species","Animalia","Cnidaria","Hydrozoa","Siphonophorae","Hippopodiidae","Vogtia","Siphonophore",7,44643
5181,"Vogtia pentacantha","urn:lsid:marinespecies.org:taxname:135451","Vogtia pentacantha Kölliker, 1853","Species","Animalia","Cnidaria","Hydrozoa","Siphonophorae","Hippopodiidae","Vogtia","Siphonophore",8,44644
5182,"Vogtia serrata","urn:lsid:marinespecies.org:taxname:135452","Vogtia serrata (Moser, 1915)","Species","Animalia","Cnidaria","Hydrozoa","Siphonophorae","Hippopodiidae","Vogtia","Siphonophore",14,44642
5183,"Vogtia spinosa","urn:lsid:marinespecies.org:taxname:135453","Vogtia spinosa Keferstein & Ehlers, 1861","Species","Animalia","Cnidaria","Hydrozoa","Siphonophorae","Hippopodiidae","Vogtia","Siphonophore",12,44672
5185,"Brooksia rostrata","urn:lsid:marinespecies.org:taxname:137256","Brooksia rostrata (Traustedt, 1893)","Species","Animalia","Chordata","Thaliacea","Salpida","Salpidae","Brooksia","Thaliacean",4,55869
5186,"Cyclosalpa","urn:lsid:marinespecies.org:taxname:137227","Cyclosalpa de Blainville, 1827","Genus","Animalia","Chordata","Thaliacea","Salpida","Salpidae","Cyclosalpa","Thaliacean",89,
5187,"Cyclosalpa affinis","urn:lsid:marinespecies.org:taxname:137257","Cyclosalpa affinis (Chamisso, 1819)","Species","Animalia","Chordata","Thaliacea","Salpida","Salpidae","Cyclosalpa","Thaliacean",47,55870
5188,"Cyclosalpa bakeri","urn:lsid:marinespecies.org:taxname:266534","Cyclosalpa bakeri Ritter, 1905","Species","Animalia","Chordata","Thaliacea","Salpida","Salpidae","Cyclosalpa","Thaliacean",138,55871
5189,"Cyclosalpa floridana","urn:lsid:marinespecies.org:taxname:137258","Cyclosalpa floridana (Apstein, 1894)","Species","Animalia","Chordata","Thaliacea","Salpida","Salpidae","Cyclosalpa","Thaliacean",12,55872
5190,"Cyclosalpa pinnata","urn:lsid:marinespecies.org:taxname:137260","Cyclosalpa pinnata (Forskål, 1775)","Species","Animalia","Chordata","Thaliacea","Salpida","Salpidae","Cyclosalpa","Thaliacean",10,55875
5191,"Cyclosalpa polae","urn:lsid:marinespecies.org:taxname:137261","Cyclosalpa polae Sigl, 1912","Species","Animalia","Chordata","Thaliacea","Salpida","Salpidae","Cyclosalpa","Thaliacean",12,55876
5192,"Cyclosalpa sewelli","urn:lsid:marinespecies.org:taxname:266537","Cyclosalpa sewelli Metcalf, 1927","Species","Animalia","Chordata","Thaliacea","Salpida","Salpidae","Cyclosalpa","Thaliacean",2,55878
5193,"Cyclosalpa strongylenteron","urn:lsid:marinespecies.org:taxname:266538","Cyclosalpa strongylenteron Berner, 1955","Species","Animalia","Chordata","Thaliacea","Salpida","Salpidae","Cyclosalpa","Thaliacean",1,55879
5196,"Dolioletta gegenbauri","urn:lsid:marinespecies.org:taxname:137241","Dolioletta gegenbauri (Uljanin, 1884)","Species","Animalia","Chordata","Thaliacea","Doliolida","Doliolidae","Dolioletta","Thaliacean",834,55736
5197,"Doliolida","urn:lsid:marinespecies.org:taxname:137212","Doliolida Delage & Hérouard, 1898","Order","Animalia","Chordata","Thaliacea","Doliolida",,,"Thaliacean",1,
5200,"Doliolina","urn:lsid:marinespecies.org:taxname:137220","Doliolina Borgert, 1894","Genus","Animalia","Chordata","Thaliacea","Doliolida","Doliolidae","Doliolina","Thaliacean",1,
5201,"Doliolina (Doliolina) muelleri","urn:lsid:marinespecies.org:taxname:720446","Doliolina (Doliolina) muelleri (Krohn, 1852)","Species","Animalia","Chordata","Thaliacea","Doliolida","Doliolidae","Doliolina","Thaliacean",4,
5202,"Doliolina (Doliolina) obscura","urn:lsid:marinespecies.org:taxname:720450","Doliolina (Doliolina) obscura Tokioka & Berner, 1958","Species","Animalia","Chordata","Thaliacea","Doliolida","Doliolidae","Doliolina","Thaliacean",1,
5203,"Doliolina (Doliolina) undulata","urn:lsid:marinespecies.org:taxname:720451","Doliolina (Doliolina) undulata Tokioka & Berner, 1958","Species","Animalia","Chordata","Thaliacea","Doliolida","Doliolidae","Doliolina","Thaliacean",1,
5204,"Doliolum","urn:lsid:marinespecies.org:taxname:137222","Doliolum Quoy & Gaimard, 1834","Genus","Animalia","Chordata","Thaliacea","Doliolida","Doliolidae","Doliolum","Thaliacean",9,
5205,"Doliolum denticulatum","urn:lsid:marinespecies.org:taxname:137246","Doliolum denticulatum Quoy & Gaimard, 1834","Species","Animalia","Chordata","Thaliacea","Doliolida","Doliolidae","Doliolum","Thaliacean",14,55853
5206,"Doliolum nationalis","urn:lsid:marinespecies.org:taxname:137247","Doliolum nationalis Borgert, 1893","Species","Animalia","Chordata","Thaliacea","Doliolida","Doliolidae","Doliolum","Thaliacean",2,55855
5209,"Doliopsis","urn:lsid:marinespecies.org:taxname:137223","Doliopsis Vogt, 1854","Genus","Animalia","Chordata","Thaliacea","Doliolida","Doliopsidae","Doliopsis","Thaliacean",4,
5210,"Doliopsis rubescens","urn:lsid:marinespecies.org:taxname:137248","Doliopsis rubescens Vogt, 1854","Species","Animalia","Chordata","Thaliacea","Doliolida","Doliopsidae","Doliopsis","Thaliacean",1,93753
5212,"Helicosalpa virgula","urn:lsid:marinespecies.org:taxname:137262","Helicosalpa virgula (Vogt, 1854)","Species","Animalia","Chordata","Thaliacea","Salpida","Salpidae","Helicosalpa","Thaliacean",4,55881
5214,"Iasis cylindrica","urn:lsid:marinespecies.org:taxname:268130","Iasis cylindrica (Cuvier, 1804)","Species","Animalia","Chordata","Thaliacea","Salpida","Salpidae","Iasis","Thaliacean",136,88731
5216,"Ihlea punctata","urn:lsid:marinespecies.org:taxname:137263","Ihlea punctata (Forskål, 1775)","Species","Animalia","Chordata","Thaliacea","Salpida","Salpidae","Ihlea","Thaliacean",28,55884
5217,"Ihlea racovitzai","urn:lsid:marinespecies.org:taxname:266542","Ihlea racovitzai (Van Beneden & De Selys Longchamp, 1913)","Species","Animalia","Chordata","Thaliacea","Salpida","Salpidae","Ihlea","Thaliacean",90,55885
5218,"Pegea","urn:lsid:marinespecies.org:taxname:137231","Pegea Savigny, 1816","Genus","Animalia","Chordata","Thaliacea","Salpida","Salpidae","Pegea","Thaliacean",80,
5219,"Pegea bicaudata","urn:lsid:marinespecies.org:taxname:137265","Pegea bicaudata (Quoy & Gaimard, 1826)","Species","Animalia","Chordata","Thaliacea","Salpida","Salpidae","Pegea","Thaliacean",16,55887
5220,"Pegea confoederata","urn:lsid:marinespecies.org:taxname:137266","Pegea confoederata (Forskål, 1775)","Species","Animalia","Chordata","Thaliacea","Salpida","Salpidae","Pegea","Thaliacean",258,55888
5221,"Pegea socia","urn:lsid:marinespecies.org:taxname:137267","Pegea socia (Bosc, 1802)","Species","Animalia","Chordata","Thaliacea","Salpida","Salpidae","Pegea","Thaliacean",17,
5222,"Pyrosoma","urn:lsid:marinespecies.org:taxname:137224","Pyrosoma Péron, 1804","Genus","Animalia","Chordata","Thaliacea","Pyrosomatida","Pyrosomatidae","Pyrosoma","Thaliacean",8,
5223,"Pyrosoma atlanticum","urn:lsid:marinespecies.org:taxname:137250","Pyrosoma atlanticum Péron, 1804","Species","Animalia","Chordata","Thaliacea","Pyrosomatida","Pyrosomatidae","Pyrosoma","Thaliacean",33,55860
5226,"Pyrosomella","urn:lsid:marinespecies.org:taxname:264934","Pyrosomella van Soest, 1979","Genus","Animalia","Chordata","Thaliacea","Pyrosomatida","Pyrosomatidae","Pyrosomella","Thaliacean",1,
5227,"Pyrosomella verticillata","urn:lsid:marinespecies.org:taxname:266847","Pyrosomella verticillata (Neumann, 1909)","Species","Animalia","Chordata","Thaliacea","Pyrosomatida","Pyrosomatidae","Pyrosomella","Thaliacean",30,55865
5228,"Pyrostremma","urn:lsid:marinespecies.org:taxname:137225","Pyrostremma Garstang, 1929","Genus","Animalia","Chordata","Thaliacea","Pyrosomatida","Pyrosomatidae","Pyrostremma","Thaliacean",1,
5229,"Pyrostremma spinosum","urn:lsid:marinespecies.org:taxname:137255","Pyrostremma spinosum (Herdman, 1888)","Species","Animalia","Chordata","Thaliacea","Pyrosomatida","Pyrosomatidae","Pyrostremma","Thaliacean",1,55867
5232,"Ritteriella picteti","urn:lsid:marinespecies.org:taxname:266543","Ritteriella picteti (Apstein, 1904)","Species","Animalia","Chordata","Thaliacea","Salpida","Salpidae","Ritteriella","Thaliacean",1,55890
5233,"Salpa","urn:lsid:marinespecies.org:taxname:137233","Salpa Forskål, 1775","Genus","Animalia","Chordata","Thaliacea","Salpida","Salpidae","Salpa","Thaliacean",175,
5234,"Salpa aspera","urn:lsid:marinespecies.org:taxname:137270","Salpa aspera Chamisso, 1819","Species","Animalia","Chordata","Thaliacea","Salpida","Salpidae","Salpa","Thaliacean",19,55892
5235,"Salpa fusiformis","urn:lsid:marinespecies.org:taxname:137272","Salpa fusiformis Cuvier, 1804","Species","Animalia","Chordata","Thaliacea","Salpida","Salpidae","Salpa","Thaliacean",671,55893
5236,"Salpa maxima","urn:lsid:marinespecies.org:taxname:137273","Salpa maxima Forskål, 1775","Species","Animalia","Chordata","Thaliacea","Salpida","Salpidae","Salpa","Thaliacean",95,55895
5237,"Salpa thompsoni","urn:lsid:marinespecies.org:taxname:266545","Salpa thompsoni Foxton, 1961","Species","Animalia","Chordata","Thaliacea","Salpida","Salpidae","Salpa","Thaliacean",1010,55896
5238,"Salpida","urn:lsid:marinespecies.org:taxname:137214","Salpida Forbes, 1853","Order","Animalia","Chordata","Thaliacea","Salpida",,,"Thaliacean",1,
5241,"Soestia zonaria","urn:lsid:marinespecies.org:taxname:137275","Soestia zonaria (Pallas, 1774)","Species","Animalia","Chordata","Thaliacea","Salpida","Salpidae","Soestia","Thaliacean",28,55900
5242,"Thalia","urn:lsid:marinespecies.org:taxname:137236","Thalia Blumenbach, 1798","Genus","Animalia","Chordata","Thaliacea","Salpida","Salpidae","Thalia","Thaliacean",4,
5243,"Thalia democratica","urn:lsid:marinespecies.org:taxname:137279","Thalia democratica (Forskål, 1775)","Species","Animalia","Chordata","Thaliacea","Salpida","Salpidae","Thalia","Thaliacean",375,55902
5244,"Thalia orientalis","urn:lsid:marinespecies.org:taxname:137280","Thalia orientalis Tokioka, 1937","Species","Animalia","Chordata","Thaliacea","Salpida","Salpidae","Thalia","Thaliacean",2,55904
5245,"Thalia rhomboides","urn:lsid:marinespecies.org:taxname:266550","Thalia rhomboides (Quoy & Gaimard, 1824)","Species","Animalia","Chordata","Thaliacea","Salpida","Salpidae","Thalia","Thaliacean",6,55906
5247,"Thetys vagina","urn:lsid:marinespecies.org:taxname:137281","Thetys vagina Tilesius, 1802","Species","Animalia","Chordata","Thaliacea","Salpida","Salpidae","Thetys","Thaliacean",28,55908
5249,"Traustedtia multitentaculata","urn:lsid:marinespecies.org:taxname:137282","Traustedtia multitentaculata (Quoy & Gaimard, 1834)","Species","Animalia","Chordata","Thaliacea","Salpida","Salpidae","Traustedtia","Thaliacean",1,55909
6182,"Eurytemora nevadensis",,,"Species","Animalia","Arthropoda","Copepoda","Calanoida","Temoridae","Eurytemora","Calanoid",1,
6183,"Metridia pseudopacifica",,,"Species","Animalia","Arthropoda","Copepoda","Calanoida","Metridinidae","Metridia","Calanoid",1,
6184,"Lophopanopeus bellus bellus",,,"Subspecies","Animalia","Arthropoda","Malacostraca","Decapoda","Panopeidae","Lophopanopeus","Decapod",5,
6185,"Lophopanopeus bellus diegensis",,,"Subspecies","Animalia","Arthropoda","Malacostraca","Decapoda","Panopeidae","Lophopanopeus","Decapod",4,
6186,"Sergia fillictum",,,"Species","Animalia","Arthropoda","Malacostraca","Decapoda","Sergestidae","Sergia","Decapod",6,
6187,"Aequorea aequorea var albida",,,"Species","Animalia","Cnidaria","Hydrozoa","Leptothecata","Aequoreidae","Aequorea","Hydromedusae",2,
6188,"Aglaura tetragona",,,"Species","Animalia","Cnidaria","Hydrozoa","Trachymedusae","Rhopalonematidae","Aglaura","Hydromedusae",1,
6189,"Amphinema rubra",,,"Species","Animalia","Cnidaria","Hydrozoa","Anthoathecata","Pandeidae","Amphinema","Hydromedusae",3,
6190,"Bougainvillia nordgaardi",,,"Species","Animalia","Cnidaria","Hydrozoa","Anthoathecata","Bougainvilliidae","Bougainvillia","Hydromedusae",1,
6191,"Sapphirina nigromaculatagemma",,,"Species","Animalia","Arthropoda","Copepoda","Cyclopoida","Sapphirinidae","Sapphirina","Non-calanoid",2,
6192,"Chonchoecia antipoda",,,"Species","Animalia","Arthropoda","Ostracoda","Halocyprida","Halocyprididae","Conchoecia","Ostracod",1,
6193,"Conchoecia antipoda",,,"Species","Animalia","Arthropoda","Ostracoda","Halocyprida","Halocyprididae","Conchoecia","Ostracod",11,
6194,"Conchoecia belgica",,,"Species","Animalia","Arthropoda","Ostracoda","Halocyprida","Halocyprididae","Conchoecia","Ostracod",3,
6195,"Conchoecia belgicae",,,"Species","Animalia","Arthropoda","Ostracoda","Halocyprida","Halocyprididae","Conchoecia","Ostracod",4,
6196,"Conchoecia hettacra",,,"Species","Animalia","Arthropoda","Ostracoda","Halocyprida","Halocyprididae","Conchoecia","Ostracod",7,
6197,"Conchoecia pseudodiscophora",,,"Species","Animalia","Arthropoda","Ostracoda","Halocyprida","Halocyprididae","Conchoecia","Ostracod",20,
6198,"Paradoxostoma magellanicum",,,"Species","Animalia","Arthropoda","Ostracoda","Podocopida","Paradoxostomatidae","Paradoxostoma","Ostracod",2,
6293,"Hormiphora cucumis","urn:lsid:marinespecies.org:taxname:106382","Hormiphora cucumis (Mertens, 1833)","Species","Animalia","Ctenophora","Tentaculata","Cydippida","Pleurobrachiidae","Hormiphora","Ctenophore",4,60018
6321,"Ampelisca abdita","urn:lsid:marinespecies.org:taxname:158020","Ampelisca abdita Mills, 1964","Species","Animalia","Arthropoda","Malacostraca","Amphipoda","Ampeliscidae","Ampelisca","Amphipod",5,22771
6322,"Ampelisca vadorum","urn:lsid:marinespecies.org:taxname:158022","Ampelisca vadorum Mills, 1963","Species","Animalia","Arthropoda","Malacostraca","Amphipoda","Ampeliscidae","Ampelisca","Amphipod",5,22772
6323,"Gilvossius setimanus","urn:lsid:marinespecies.org:taxname:158385","Gilvossius setimanus (De Kay, 1844)","Species","Animalia","Arthropoda","Malacostraca","Decapoda","Callianassidae","Callianassa","Decapod",5,15007
6324,"Capitellidae","urn:lsid:marinespecies.org:taxname:921","Capitellidae Grube, 1862","Family","Animalia","Annelida","Polychaeta",,"Capitellidae",,"Polychaete",5,
6325,"Magelona","urn:lsid:marinespecies.org:taxname:129341","Magelona F. Müller, 1858","Genus","Animalia","Annelida","Polychaeta",,"Magelonidae","Magelona","Polychaete",55,
6326,"Pagurus longicarpus","urn:lsid:marinespecies.org:taxname:158403","Pagurus longicarpus Say, 1817","Species","Animalia","Arthropoda","Malacostraca","Decapoda","Paguridae","Pagurus","Decapod",5,26227
6327,"Paraprionospio pinnata","urn:lsid:marinespecies.org:taxname:131140","Paraprionospio pinnata (Ehlers, 1901)","Species","Animalia","Annelida","Polychaeta","Spionida","Spionidae","Paraprionospio","Polychaete",86,40272
6328,"Speocarcinus","urn:lsid:marinespecies.org:taxname:415995","Speocarcinus Stimpson, 1859","Genus","Animalia","Arthropoda","Malacostraca","Decapoda","Pseudorhombilidae","Speocarcinus","Decapod",5,
6329,"Tetraxanthus rathbunae","urn:lsid:marinespecies.org:taxname:422119","Tetraxanthus rathbunae Chace, 1939","Species","Animalia","Arthropoda","Malacostraca","Decapoda","Pseudorhombilidae","Tetraxanthus","Decapod",5,94730
6330,"Penaeus setiferus","urn:lsid:marinespecies.org:taxname:762818","Penaeus setiferus (Linnaeus, 1767)","Species","Animalia","Arthropoda","Malacostraca","Decapoda","Penaeidae","Litopenaeus","Decapod",86,14915
6331,"Acetes sibogae australis","urn:lsid:marinespecies.org:taxname:377692","Acetes sibogae australis Colefax, 1940","Species","Animalia","Arthropoda","Malacostraca","Decapoda","Sergestidae","Acetes","Decapod",64,
6333,"Rhopalophthalmus africanus","urn:lsid:marinespecies.org:taxname:711610","Rhopalophthalmus africanus O. Tattersall, 1957","Species","Animalia","Arthropoda","Malacostraca","Mysida","Mysidae","Rhopalophthalmus","Mysid",280,
6334,"Palaemon serratus","urn:lsid:marinespecies.org:taxname:107616","Palaemon serratus (Pennant, 1777)","Species","Animalia","Arthropoda","Malacostraca","Decapoda","Palaemonidae","Palaemon","Decapod",54,24520
